key,file,category,as_of,exported_at,present,rows
metrics,metrics.json,frozen,2026-08-03,2026-10-07,true,
picks,picks.json,frozen,2026-08-03,,true,20
shorts,shorts.json,frozen,2026-08-03,,true,5
picks_meta,picks_meta.json,frozen,2026-08-03,,true,
sector_breakdown,sector_breakdown.json,frozen,2026-08-03,2026-10-07,true,111
picks_backtest,picks_backtest.json,frozen,2026-06-30,2026-10-07,true,132
ic_monthly,ic_monthly.json,frozen,2026-06,,true,66
score_diagnostics,score_diagnostics.json,frozen,2026-08,,true,134
ic_deciles,ic_deciles.json,frozen,,,true,155
pick_conviction,pick_conviction.json,frozen,2026-08-03,2026-10-07,true,24
model_health,model_health.json,frozen,,,true,
calibration_reliability,calibration_reliability.json,frozen,2026-06,,true,
power_floor,power_floor.json,frozen,,2026-10-07,true,3
sigma_survey,sigma_survey.json,frozen,,2026-10-07,true,18
bps_sweep,bps_sweep.json,frozen,,,true,7
evidence,evidence.json,frozen,,,true,14
stock_universe,stock_universe.json,frozen,2026-08-03,2026-10-07,true,1421
themes,themes.json,daily,2026-10-07,2026-10-07,true,7
theme_signals,theme_signals.json,daily,2026-09-16,2026-10-07,true,5
market_context,market_context.json,daily,2026-09,2026-10-07,true,
macro_drivers,macro_drivers.json,daily,2026-10,2026-10-07,true,
taco,taco.json,daily,2026-10,2026-10-07,true,
freight_taco,freight_taco.json,cadence,2026-06,2026-10-07,true,
companies_dir,companies_dir.json,cadence,,2026-10-07,true,10431
korea_proxy,korea_proxy.json,cadence,2026-08-14,2026-10-07,true,
form4,form4.json,daily,2026-10-05,2026-10-07,true,200
form8k,form8k.json,daily,2026-10-06,2026-10-07,true,245
news_feed,news_feed.json,daily,2026-10-06T08:30:00Z,2026-10-07,true,150
executives,executives.json,daily,2026-10-05,2026-10-07,true,55
ipo,ipo.json,daily,2026-10-06,2026-10-07,true,1200
form_d,form_d.json,daily,2026-10-07,2026-10-07,true,600
form_def14a,def14a.json,daily,2026-10-07,2026-10-07,true,600
def14a_persons,def14a_persons.json,daily,2026-10-07,2026-10-07,true,112
filing_stream,filing_stream.json,daily,2026-10-07,2026-10-07,true,800
politician_trades,politician_trades.json,daily,2026-08-18,2026-10-07,true,874
politician_trades_tx,politician_trades_tx.json,daily,2026-08-18 00:00:00,2026-10-07,true,2811
party_index,party_index.json,daily,,2026-10-07,true,
lineage_graph,lineage_graph.json,daily,2026-10-07,2026-10-07,true,823
reddit,reddit.json,daily,,2026-10-07,true,1
reddit_trending,reddit_trending.json,daily,2026-10-07,2026-10-07,true,100
headline_provenance,headline_provenance.json,daily,2026-08-05,2026-10-07,true,
ledger_audit,ledger_audit.json,daily,,2026-10-07,true,29
horizon_robustness,horizon_robustness.json,frozen,2026-07-30,2026-10-07,true,
model_card,model_card.json,frozen,2026-07-28,,true,
model_inventory,model_inventory.json,frozen,2026-08-08,,true,
cot,cot.json,cadence,2026-09-29,2026-10-07,true,10
smart_money,smart_money.json,cadence,2026-10-06,2026-10-07,true,120
stakes_13g,stakes_13g.json,daily,2026-10-06,2026-10-07,true,400
ark,ark.json,daily,2026-10-07,2026-10-07,true,8
theme_etfs,theme_etfs.json,daily,2026-10-06,2026-10-07,true,10
form13f,form13f.json,cadence,2026-06-30,2026-10-07,true,43
form13f_stars,form13f-stars.json,cadence,,2026-10-07,true,8
filers13f,filers13f.json,cadence,2026-08-21,2026-10-07,true,9385
knowledge_shelf,knowledge_shelf.json,cadence,2026-10-07,2026-10-07,true,72
evidence_matrix,evidence_matrix.json,cadence,2026-08-05,2026-10-07,true,
provider_vintage,provider_vintage.json,cadence,,,true,
