company,ticker,filed_date,form,status,doc_url
Palomino Laboratories Inc.,PALX,2026-10-08,DEF 14A,new,https://www.sec.gov/Archives/edgar/data/1938569/000149315226046296/0001493152-26-046296-index.htm
Leatt Corp,LEAT,2026-10-08,DEF 14A,new,https://www.sec.gov/Archives/edgar/data/1456189/000121390026107995/0001213900-26-107995-index.htm
"BGC Group, Inc.",BGC,2026-10-08,DEF 14A,new,https://www.sec.gov/Archives/edgar/data/1094831/000121390026107974/0001213900-26-107974-index.htm
Solidion Technology Inc.,STI,2026-10-08,DEF 14A,new,https://www.sec.gov/Archives/edgar/data/1881551/000121390026107695/0001213900-26-107695-index.htm
Robinhood Ventures Fund I,RVI,2026-10-08,DEF 14A,new,https://www.sec.gov/Archives/edgar/data/2085091/000119312526418074/0001193125-26-418074-index.htm
"Jaguar Health, Inc.",JAGX,2026-10-08,DEF 14A,new,https://www.sec.gov/Archives/edgar/data/1585608/000119312526417938/0001193125-26-417938-index.htm
SIEBERT FINANCIAL CORP,SIEB,2026-10-08,DEF 14A,new,https://www.sec.gov/Archives/edgar/data/65596/000114036126039143/0001140361-26-039143-index.htm
ANGIODYNAMICS INC,ANGO,2026-10-08,DEF 14A,new,https://www.sec.gov/Archives/edgar/data/1275187/000114036126039022/0001140361-26-039022-index.htm
"NANOVIRICIDES, INC.",NNVC,2026-10-08,DEF 14A,new,https://www.sec.gov/Archives/edgar/data/1379006/000110465926114606/0001104659-26-114606-index.htm
"XWELL, Inc.",XWEL,2026-10-08,DEF 14A,new,https://www.sec.gov/Archives/edgar/data/1410428/000110465926114457/0001104659-26-114457-index.htm
CLOROX CO /DE/,CLX,2026-10-07,DEF 14A,new,https://www.sec.gov/Archives/edgar/data/21076/000155278126000516/0001552781-26-000516-index.htm
"CISO Global, Inc.",CISO,2026-10-07,DEF 14A,new,https://www.sec.gov/Archives/edgar/data/1777319/000149315226046148/0001493152-26-046148-index.htm
FLEXIBLE SOLUTIONS INTERNATIONAL INC,FSI,2026-10-07,DEF 14A,new,https://www.sec.gov/Archives/edgar/data/1069394/000149315226046034/0001493152-26-046034-index.htm
"Onconetix, Inc.",ONCO,2026-10-07,DEF 14A,new,https://www.sec.gov/Archives/edgar/data/1782107/000121390026107480/0001213900-26-107480-index.htm
Charlton Aria Acquisition Corp,,2026-10-07,DEF 14A,new,https://www.sec.gov/Archives/edgar/data/2024459/000121390026107429/0001213900-26-107429-index.htm
SLR Investment Corp.,SLRC,2026-10-07,DEF 14A,new,https://www.sec.gov/Archives/edgar/data/1418076/000119312526416961/0001193125-26-416961-index.htm
CAMPBELL'S Co,CPB,2026-10-07,DEF 14A,new,https://www.sec.gov/Archives/edgar/data/16732/000001673226000031/0000016732-26-000031-index.htm
Franklin Templeton ETF Trust,,2026-10-06,DEF 14A,new,https://www.sec.gov/Archives/edgar/data/1655589/000207184426001347/0002071844-26-001347-index.htm
Franklin Templeton ETF Trust,,2026-10-06,DEF 14A,new,https://www.sec.gov/Archives/edgar/data/1655589/000207184426001345/0002071844-26-001345-index.htm
"Dare Bioscience, Inc.",DARE,2026-10-06,DEF 14A,new,https://www.sec.gov/Archives/edgar/data/1401914/000149315226045977/0001493152-26-045977-index.htm
Sandisk Corp,SNDK,2026-10-06,DEF 14A,new,https://www.sec.gov/Archives/edgar/data/2023554/000130817926000423/0001308179-26-000423-index.htm
Lumentum Holdings Inc.,LITE,2026-10-06,DEF 14A,new,https://www.sec.gov/Archives/edgar/data/1633978/000130817926000420/0001308179-26-000420-index.htm
Tessera Defense & Homeland Security Inc.,HLSQ,2026-10-06,DEF 14A,new,https://www.sec.gov/Archives/edgar/data/1739174/000121390026107281/0001213900-26-107281-index.htm
K&F GROWTH ACQUISITION CORP. II,,2026-10-06,DEF 14A,new,https://www.sec.gov/Archives/edgar/data/2029976/000121390026107266/0001213900-26-107266-index.htm
"Intapp, Inc.",INTA,2026-10-06,DEF 14A,new,https://www.sec.gov/Archives/edgar/data/1565687/000114036126038804/0001140361-26-038804-index.htm
ONCOLYTICS BIOTECH INC,ONCY,2026-10-06,DEF 14A,new,https://www.sec.gov/Archives/edgar/data/1129928/000112992826000066/0001129928-26-000066-index.htm
"CRACKER BARREL OLD COUNTRY STORE, INC",CBRL,2026-10-06,DEF 14A,new,https://www.sec.gov/Archives/edgar/data/1067294/000110465926114062/0001104659-26-114062-index.htm
AVNET INC,AVT,2026-10-06,DEF 14A,new,https://www.sec.gov/Archives/edgar/data/8858/000110465926114038/0001104659-26-114038-index.htm
PRO DEX INC,PDEX,2026-10-06,DEF 14A,new,https://www.sec.gov/Archives/edgar/data/788920/000107997326001325/0001079973-26-001325-index.htm
DONALDSON Co INC,DCI,2026-10-06,DEF 14A,new,https://www.sec.gov/Archives/edgar/data/29644/000002964426000115/0000029644-26-000115-index.htm
Elevation Series Trust,,2026-10-05,DEF 14A,new,https://www.sec.gov/Archives/edgar/data/1936157/000199937126022157/0001999371-26-022157-index.htm
Innovative Eyewear Inc,,2026-10-05,DEF 14A,new,https://www.sec.gov/Archives/edgar/data/1808377/000182912626010767/0001829126-26-010767-index.htm
"Endovia Health Sciences, Inc.",EDVA,2026-10-05,DEF 14A,new,https://www.sec.gov/Archives/edgar/data/1553788/000173112226001316/0001731122-26-001316-index.htm
WESTERN DIGITAL CORP,WDC,2026-10-05,DEF 14A,new,https://www.sec.gov/Archives/edgar/data/106040/000162828026064909/0001628280-26-064909-index.htm
XMax Inc.,XMAX,2026-10-05,DEF 14A,new,https://www.sec.gov/Archives/edgar/data/1473334/000149315226045683/0001493152-26-045683-index.htm
"Gyrodyne, LLC",GYRO,2026-10-05,DEF 14A,new,https://www.sec.gov/Archives/edgar/data/1589061/000143774926032011/0001437749-26-032011-index.htm
Seneca Foods Corp,,2026-10-05,DEF 14A,new,https://www.sec.gov/Archives/edgar/data/88948/000143774926031991/0001437749-26-031991-index.htm
Bold Eagle Acquisition Corp.,,2026-10-05,DEF 14A,new,https://www.sec.gov/Archives/edgar/data/1852207/000121390026106611/0001213900-26-106611-index.htm
"DYNARESOURCE, INC.",DYNR,2026-10-05,DEF 14A,new,https://www.sec.gov/Archives/edgar/data/1111741/000119312526414342/0001193125-26-414342-index.htm
FLEX LTD.,FLEX,2026-10-05,DEF 14A,new,https://www.sec.gov/Archives/edgar/data/866374/000119312526413189/0001193125-26-413189-index.htm
Strategy Inc,,2026-10-05,DEF 14A,new,https://www.sec.gov/Archives/edgar/data/1050446/000119312526413159/0001193125-26-413159-index.htm
Silexion Therapeutics Corp,,2026-10-05,DEF 14A,new,https://www.sec.gov/Archives/edgar/data/2022416/000117891326004708/0001178913-26-004708-index.htm
VIAVI SOLUTIONS INC.,VIAV,2026-10-02,DEF 14A,new,https://www.sec.gov/Archives/edgar/data/912093/000162828026064524/0001628280-26-064524-index.htm
"AVIAT NETWORKS, INC.",AVNW,2026-10-02,DEF 14A,new,https://www.sec.gov/Archives/edgar/data/1377789/000162828026064519/0001628280-26-064519-index.htm
LESAKA TECHNOLOGIES INC,LSAK,2026-10-02,DEF 14A,new,https://www.sec.gov/Archives/edgar/data/1041514/000156276226000119/0001562762-26-000119-index.htm
"MacKenzie Realty Capital, Inc.",MKZR,2026-10-02,DEF 14A,new,https://www.sec.gov/Archives/edgar/data/1550913/000155091326000036/0001550913-26-000036-index.htm
"GameSquare Holdings, Inc.",GAME,2026-10-02,DEF 14A,new,https://www.sec.gov/Archives/edgar/data/1714562/000149315226045510/0001493152-26-045510-index.htm
"REGIONAL HEALTH PROPERTIES, INC",,2026-10-02,DEF 14A,new,https://www.sec.gov/Archives/edgar/data/1004724/000149315226045479/0001493152-26-045479-index.htm
"GULF RESOURCES, INC.",GURE,2026-10-02,DEF 14A,new,https://www.sec.gov/Archives/edgar/data/885462/000149315226045416/0001493152-26-045416-index.htm
Meridian Holdings Inc./NV,MRDN,2026-10-02,DEF 14A,new,https://www.sec.gov/Archives/edgar/data/1437925/000147793226006023/0001477932-26-006023-index.htm
"ReposiTrak, Inc.",TRAK,2026-10-02,DEF 14A,new,https://www.sec.gov/Archives/edgar/data/50471/000143774926031870/0001437749-26-031870-index.htm
Fermi Inc.,FRMI,2026-10-02,DEF 14A,new,https://www.sec.gov/Archives/edgar/data/2071778/000121390026106378/0001213900-26-106378-index.htm
Chain Bridge I,,2026-10-02,DEF 14A,new,https://www.sec.gov/Archives/edgar/data/1845149/000121390026106331/0001213900-26-106331-index.htm
Steele Creek Capital Corp,,2026-10-02,DEF 14A,new,https://www.sec.gov/Archives/edgar/data/1817825/000121390026106203/0001213900-26-106203-index.htm
Oaktree Acquisition Corp. III Life Sciences,,2026-10-02,DEF 14A,new,https://www.sec.gov/Archives/edgar/data/2029769/000119312526412601/0001193125-26-412601-index.htm
Hyperliquid Strategies Inc,PURR,2026-10-02,DEF 14A,new,https://www.sec.gov/Archives/edgar/data/2078856/000119312526412569/0001193125-26-412569-index.htm
XBiotech Inc.,XBIT,2026-10-02,DEF 14A,new,https://www.sec.gov/Archives/edgar/data/1626878/000117184326006362/0001171843-26-006362-index.htm
Covista Inc.,CVSA,2026-10-02,DEF 14A,new,https://www.sec.gov/Archives/edgar/data/730464/000110465926113316/0001104659-26-113316-index.htm
Quoin Pharmaceuticals Ltd.,QNRX,2026-10-02,DEF 14A,new,https://www.sec.gov/Archives/edgar/data/1671502/000110465926113301/0001104659-26-113301-index.htm
"Tax-Free Fixed Income Fund IV for Puerto Rico Residents, Inc.",,2026-10-02,DEF 14A,new,https://www.sec.gov/Archives/edgar/data/1847305/000090266426004038/0000902664-26-004038-index.htm
JACK HENRY & ASSOCIATES INC,JKHY,2026-10-02,DEF 14A,new,https://www.sec.gov/Archives/edgar/data/779152/000077915226000088/0000779152-26-000088-index.htm
Madison ETFs Trust,,2026-10-01,DEF 14A,new,https://www.sec.gov/Archives/edgar/data/1976877/000175392626001884/0001753926-26-001884-index.htm
Akari Therapeutics Plc,AKTX,2026-10-01,DEF 14A,new,https://www.sec.gov/Archives/edgar/data/1541157/000149315226045371/0001493152-26-045371-index.htm
HCW Biologics Inc.,HCWB,2026-10-01,DEF 14A,new,https://www.sec.gov/Archives/edgar/data/1828673/000149315226045289/0001493152-26-045289-index.htm
"Modular Medical, Inc.",MODD,2026-10-01,DEF 14A,new,https://www.sec.gov/Archives/edgar/data/1074871/000121390026105495/0001213900-26-105495-index.htm
"Gold.com, Inc.",GOLD,2026-10-01,DEF 14A,new,https://www.sec.gov/Archives/edgar/data/1591588/000119312526410500/0001193125-26-410500-index.htm
"Lightstone Value Plus REIT IV, Inc.",LTSV,2026-10-01,DEF 14A,new,https://www.sec.gov/Archives/edgar/data/1619312/000118518526004498/0001185185-26-004498-index.htm
"Lightstone Value Plus REIT III, Inc.",,2026-10-01,DEF 14A,new,https://www.sec.gov/Archives/edgar/data/1563756/000118518526004497/0001185185-26-004497-index.htm
"Lightstone Value Plus REIT II, Inc.",,2026-10-01,DEF 14A,new,https://www.sec.gov/Archives/edgar/data/1436975/000118518526004496/0001185185-26-004496-index.htm
"Lightstone Value Plus REIT I, Inc.",,2026-10-01,DEF 14A,new,https://www.sec.gov/Archives/edgar/data/1296884/000118518526004495/0001185185-26-004495-index.htm
"Research Solutions, Inc.",RSSS,2026-10-01,DEF 14A,new,https://www.sec.gov/Archives/edgar/data/1386301/000110465926112513/0001104659-26-112513-index.htm
RESMED INC,,2026-10-01,DEF 14A,new,https://www.sec.gov/Archives/edgar/data/943819/000094381926000080/0000943819-26-000080-index.htm
SYSCO CORP,SYY,2026-10-01,DEF 14A,new,https://www.sec.gov/Archives/edgar/data/96021/000009602126000037/0000096021-26-000037-index.htm
NATIONWIDE VARIABLE INSURANCE TRUST,,2026-09-30,DEF 14A,new,https://www.sec.gov/Archives/edgar/data/353905/000207184426001317/0002071844-26-001317-index.htm
"SelectQuote, Inc.",SLQT,2026-09-30,DEF 14A,new,https://www.sec.gov/Archives/edgar/data/1794783/000179478326000065/0001794783-26-000065-index.htm
"CONSUMER PORTFOLIO SERVICES, INC.",CPSS,2026-09-30,DEF 14A,new,https://www.sec.gov/Archives/edgar/data/889609/000168316826007507/0001683168-26-007507-index.htm
ALPHA & OMEGA SEMICONDUCTOR Ltd,AOSL,2026-09-30,DEF 14A,new,https://www.sec.gov/Archives/edgar/data/1387467/000162828026063962/0001628280-26-063962-index.htm
"Kimball Electronics, Inc.",KE,2026-09-30,DEF 14A,new,https://www.sec.gov/Archives/edgar/data/1606757/000160675726000056/0001606757-26-000056-index.htm
AIM ImmunoTech Inc.,AIM,2026-09-30,DEF 14A,new,https://www.sec.gov/Archives/edgar/data/946644/000149315226045102/0001493152-26-045102-index.htm
Healthcare AI Acquisition Corp.,,2026-09-30,DEF 14A,new,https://www.sec.gov/Archives/edgar/data/1848861/000147793226005931/0001477932-26-005931-index.htm
"Aeluma, Inc.",ALMU,2026-09-30,DEF 14A,new,https://www.sec.gov/Archives/edgar/data/1828805/000121390026105227/0001213900-26-105227-index.htm
ESTEE LAUDER COMPANIES INC,EL,2026-09-30,DEF 14A,new,https://www.sec.gov/Archives/edgar/data/1001250/000110465926112176/0001104659-26-112176-index.htm
Quartzsea Acquisition Corp,,2026-09-29,DEF 14A,new,https://www.sec.gov/Archives/edgar/data/2047455/000182912626010512/0001829126-26-010512-index.htm
Amcor plc,,2026-09-29,DEF 14A,new,https://www.sec.gov/Archives/edgar/data/1748790/000174879026000025/0001748790-26-000025-index.htm
"Banzai International, Inc.",,2026-09-29,DEF 14A,new,https://www.sec.gov/Archives/edgar/data/1826011/000149315226044891/0001493152-26-044891-index.htm
"Electromed, Inc.",ELMD,2026-09-29,DEF 14A,new,https://www.sec.gov/Archives/edgar/data/1488917/000143774926031465/0001437749-26-031465-index.htm
"ABVC BIOPHARMA, INC.",,2026-09-29,DEF 14A,new,https://www.sec.gov/Archives/edgar/data/1173313/000121390026104509/0001213900-26-104509-index.htm
Change Agents Corporation.,CHGA,2026-09-29,DEF 14A,new,https://www.sec.gov/Archives/edgar/data/1630212/000121390026104329/0001213900-26-104329-index.htm
"BROADRIDGE FINANCIAL SOLUTIONS, INC.",BR,2026-09-29,DEF 14A,new,https://www.sec.gov/Archives/edgar/data/1383312/000114036126037937/0001140361-26-037937-index.htm
H&R BLOCK INC,HRB,2026-09-29,DEF 14A,new,https://www.sec.gov/Archives/edgar/data/12659/000110465926111942/0001104659-26-111942-index.htm
"GRI Bio, Inc.",GRI,2026-09-28,DEF 14A,new,https://www.sec.gov/Archives/edgar/data/1824293/000182429326000060/0001824293-26-000060-index.htm
"Prospect Floating Rate & Alternative Income Fund, Inc.",,2026-09-28,DEF 14A,new,https://www.sec.gov/Archives/edgar/data/1521945/000152194526000099/0001521945-26-000099-index.htm
BIOVIE INC.,,2026-09-28,DEF 14A,new,https://www.sec.gov/Archives/edgar/data/1580149/000152013826000395/0001520138-26-000395-index.htm
Quetta Acquisition Corp,,2026-09-28,DEF 14A,new,https://www.sec.gov/Archives/edgar/data/1978528/000149315226044604/0001493152-26-044604-index.htm
Stablecoin Development Corp,SDEV,2026-09-28,DEF 14A,new,https://www.sec.gov/Archives/edgar/data/1389545/000143774926031344/0001437749-26-031344-index.htm
Planet Green Holdings Corp.,PLAG,2026-09-28,DEF 14A,new,https://www.sec.gov/Archives/edgar/data/1117057/000121390026104104/0001213900-26-104104-index.htm
ASPAC III Acquisition Corp.,,2026-09-28,DEF 14A,new,https://www.sec.gov/Archives/edgar/data/1890361/000121390026104070/0001213900-26-104070-index.htm
SunPower Inc.,,2026-09-28,DEF 14A,new,https://www.sec.gov/Archives/edgar/data/1838987/000121390026104038/0001213900-26-104038-index.htm
"Rare Earths Americas, Inc.",REA,2026-09-28,DEF 14A,new,https://www.sec.gov/Archives/edgar/data/2095743/000119312526405295/0001193125-26-405295-index.htm
"Winchester Bancorp, Inc./MD/",WSBK,2026-09-28,DEF 14A,new,https://www.sec.gov/Archives/edgar/data/2047235/000119312526403439/0001193125-26-403439-index.htm
CytoDyn Inc.,CYDY,2026-09-28,DEF 14A,new,https://www.sec.gov/Archives/edgar/data/1175680/000117568026000026/0001175680-26-000026-index.htm
EXOZYMES INC.,EXOZ,2026-09-28,DEF 14A,new,https://www.sec.gov/Archives/edgar/data/2010788/000114036126037859/0001140361-26-037859-index.htm
"Tilray Brands, Inc.",TLRY,2026-09-28,DEF 14A,new,https://www.sec.gov/Archives/edgar/data/1731348/000114036126037827/0001140361-26-037827-index.htm
Texas Ventures Acquisition III Corp,,2026-09-28,DEF 14A,new,https://www.sec.gov/Archives/edgar/data/2033991/000110465926111418/0001104659-26-111418-index.htm
Karman Line Acquisition Corp.,,2026-09-25,DEF 14A,new,https://www.sec.gov/Archives/edgar/data/2134856/000182912626010430/0001829126-26-010430-index.htm
ChronoScale Holdings Corp,CHRN,2026-09-25,DEF 14A,new,https://www.sec.gov/Archives/edgar/data/1549084/000149315226044383/0001493152-26-044383-index.htm
Applied Digital Corp.,APLD,2026-09-25,DEF 14A,new,https://www.sec.gov/Archives/edgar/data/1144879/000149315226044325/0001493152-26-044325-index.htm
OFA Group,OFAL,2026-09-25,DEF 14A,new,https://www.sec.gov/Archives/edgar/data/2036307/000149315226044304/0001493152-26-044304-index.htm
CVD EQUIPMENT CORP,CVV,2026-09-25,DEF 14A,new,https://www.sec.gov/Archives/edgar/data/766792/000149315226044302/0001493152-26-044302-index.htm
"Super League Enterprise, Inc.",SLE,2026-09-25,DEF 14A,new,https://www.sec.gov/Archives/edgar/data/1621672/000143774926031210/0001437749-26-031210-index.htm
reAlpha Tech Corp.,AIRE,2026-09-25,DEF 14A,new,https://www.sec.gov/Archives/edgar/data/1859199/000121390026103529/0001213900-26-103529-index.htm
"BRINKER INTERNATIONAL, INC",EAT,2026-09-25,DEF 14A,new,https://www.sec.gov/Archives/edgar/data/703351/000119312526402857/0001193125-26-402857-index.htm
ORACLE CORP,,2026-09-25,DEF 14A,new,https://www.sec.gov/Archives/edgar/data/1341439/000119312526402816/0001193125-26-402816-index.htm
Lifeward Ltd.,LFWD,2026-09-25,DEF 14A,new,https://www.sec.gov/Archives/edgar/data/1607962/000117891326004614/0001178913-26-004614-index.htm
GREENE COUNTY BANCORP INC,GCBC,2026-09-25,DEF 14A,new,https://www.sec.gov/Archives/edgar/data/1070524/000114036126037649/0001140361-26-037649-index.htm
"TAPESTRY, INC.",TPR,2026-09-25,DEF 14A,new,https://www.sec.gov/Archives/edgar/data/1116132/000111613226000024/0001116132-26-000024-index.htm
IX Acquisition Corp.,,2026-09-25,DEF 14A,new,https://www.sec.gov/Archives/edgar/data/1852019/000110465926111045/0001104659-26-111045-index.htm
Texas Pacific Land Corp,TPL,2026-09-25,DEF 14A,new,https://www.sec.gov/Archives/edgar/data/1811074/000110465926110963/0001104659-26-110963-index.htm
"Dolphin Entertainment, Inc.",DLPN,2026-09-25,DEF 14A,new,https://www.sec.gov/Archives/edgar/data/1282224/000107997326001276/0001079973-26-001276-index.htm
"KALA BIO, Inc.",KALA,2026-09-24,DEF 14A,new,https://www.sec.gov/Archives/edgar/data/1479419/000182912626010384/0001829126-26-010384-index.htm
"ESS Tech, Inc.",,2026-09-24,DEF 14A,new,https://www.sec.gov/Archives/edgar/data/1819438/000181943826000084/0001819438-26-000084-index.htm
ALLIANCE ENTERTAINMENT HOLDING CORP,,2026-09-24,DEF 14A,new,https://www.sec.gov/Archives/edgar/data/1823584/000149315226044108/0001493152-26-044108-index.htm
AUTOMATIC DATA PROCESSING INC,ADP,2026-09-24,DEF 14A,new,https://www.sec.gov/Archives/edgar/data/8670/000130817926000409/0001308179-26-000409-index.htm
"Axos Financial, Inc.",AX,2026-09-24,DEF 14A,new,https://www.sec.gov/Archives/edgar/data/1299709/000129970926000073/0001299709-26-000073-index.htm
"Popular High Grade Fixed-Income Fund, Inc.",,2026-09-24,DEF 14A,new,https://www.sec.gov/Archives/edgar/data/1862970/000121390026102970/0001213900-26-102970-index.htm
Eaton Vance Municipal Income 2028 Term Trust,ETX,2026-09-24,DEF 14A,new,https://www.sec.gov/Archives/edgar/data/1563696/000113322826012762/0001133228-26-012762-index.htm
COTY INC.,COTY,2026-09-24,DEF 14A,new,https://www.sec.gov/Archives/edgar/data/1024305/000102430526000060/0001024305-26-000060-index.htm
KEY TRONIC CORP,KTCC,2026-09-24,DEF 14A,new,https://www.sec.gov/Archives/edgar/data/719733/000071973326000034/0000719733-26-000034-index.htm
LAM RESEARCH CORP,LRCX,2026-09-24,DEF 14A,new,https://www.sec.gov/Archives/edgar/data/707549/000070754926000047/0000707549-26-000047-index.htm
Flag Ship Acquisition Corp,,2026-09-23,DEF 14A,new,https://www.sec.gov/Archives/edgar/data/1850059/000182912626010353/0001829126-26-010353-index.htm
Everest Consolidator Acquisition Corp,,2026-09-23,DEF 14A,new,https://www.sec.gov/Archives/edgar/data/1863719/000182912626010328/0001829126-26-010328-index.htm
FENIMORE ASSET MANAGEMENT TRUST,,2026-09-23,DEF 14A,new,https://www.sec.gov/Archives/edgar/data/797136/000158064226006448/0001580642-26-006448-index.htm
"Marygold Companies, Inc.",MGLD,2026-09-23,DEF 14A,new,https://www.sec.gov/Archives/edgar/data/1005101/000149315226043868/0001493152-26-043868-index.htm
Power REIT,,2026-09-23,DEF 14A,new,https://www.sec.gov/Archives/edgar/data/1532619/000149315226043850/0001493152-26-043850-index.htm
JAB Acquisition Corp I,,2026-09-23,DEF 14A,new,https://www.sec.gov/Archives/edgar/data/2128739/000121390026102690/0001213900-26-102690-index.htm
Invesco Real Estate Income Trust Inc.,,2026-09-23,DEF 14A,new,https://www.sec.gov/Archives/edgar/data/1756761/000119312526398608/0001193125-26-398608-index.htm
MATRIX SERVICE CO,MTRX,2026-09-23,DEF 14A,new,https://www.sec.gov/Archives/edgar/data/866273/000114036126037426/0001140361-26-037426-index.htm
NEWS CORP,,2026-09-23,DEF 14A,new,https://www.sec.gov/Archives/edgar/data/1564708/000110465926109969/0001104659-26-109969-index.htm
"StratCap Digital Infrastructure REIT, Inc.",,2026-09-23,DEF 14A,new,https://www.sec.gov/Archives/edgar/data/1868516/000110465926109878/0001104659-26-109878-index.htm
ETF Series Solutions,,2026-09-23,DEF 14A,new,https://www.sec.gov/Archives/edgar/data/1540305/000089418926025401/0000894189-26-025401-index.htm
"Priority Income Fund, Inc.",,2026-09-22,DEF 14A,new,https://www.sec.gov/Archives/edgar/data/1554625/000155462526000031/0001554625-26-000031-index.htm
MARIMED INC.,MRMD,2026-09-22,DEF 14A,new,https://www.sec.gov/Archives/edgar/data/1522767/000152276726000183/0001522767-26-000183-index.htm
"KUSTOM ENTERTAINMENT, INC.",KUST,2026-09-22,DEF 14A,new,https://www.sec.gov/Archives/edgar/data/1342958/000149315226043692/0001493152-26-043692-index.htm
"PIONEER POWER SOLUTIONS, INC.",PPSI,2026-09-22,DEF 14A,new,https://www.sec.gov/Archives/edgar/data/1449792/000149315226043622/0001493152-26-043622-index.htm
AMERICAN BATTERY TECHNOLOGY Co,ABAT,2026-09-22,DEF 14A,new,https://www.sec.gov/Archives/edgar/data/1576873/000149315226043609/0001493152-26-043609-index.htm
"KBS Real Estate Investment Trust III, Inc.",KBSR,2026-09-22,DEF 14A,new,https://www.sec.gov/Archives/edgar/data/1482430/000148243026000037/0001482430-26-000037-index.htm
OCULUS INC.,OVTZ,2026-09-22,DEF 14A,new,https://www.sec.gov/Archives/edgar/data/1107280/000143774926030923/0001437749-26-030923-index.htm
PROSPECT CAPITAL CORP,,2026-09-22,DEF 14A,new,https://www.sec.gov/Archives/edgar/data/1287032/000128703226000288/0001287032-26-000288-index.htm
KLA CORP,KLAC,2026-09-22,DEF 14A,new,https://www.sec.gov/Archives/edgar/data/319201/000119312526397898/0001193125-26-397898-index.htm
LANTRONIX INC,LTRX,2026-09-22,DEF 14A,new,https://www.sec.gov/Archives/edgar/data/1114925/000114036126037329/0001140361-26-037329-index.htm
"PROCACCIANTI HOTEL REIT, INC.",PRXA,2026-09-22,DEF 14A,new,https://www.sec.gov/Archives/edgar/data/1692345/000110465926109561/0001104659-26-109561-index.htm
STARRY SEA ACQUISITION CORP,,2026-09-21,DEF 14A,new,https://www.sec.gov/Archives/edgar/data/2059165/000182912626010272/0001829126-26-010272-index.htm
"MALIBU BOATS, INC.",MBUU,2026-09-21,DEF 14A,new,https://www.sec.gov/Archives/edgar/data/1590976/000159097626000067/0001590976-26-000067-index.htm
Alpha Star Acquisition Corp,,2026-09-21,DEF 14A,new,https://www.sec.gov/Archives/edgar/data/1865111/000149315226043513/0001493152-26-043513-index.htm
CARDINAL HEALTH INC,CAH,2026-09-21,DEF 14A,new,https://www.sec.gov/Archives/edgar/data/721371/000130817926000402/0001308179-26-000402-index.htm
Cyngn Inc.,CYN,2026-09-21,DEF 14A,new,https://www.sec.gov/Archives/edgar/data/1874097/000121390026101811/0001213900-26-101811-index.htm
Local Bounti Corporation/DE,,2026-09-21,DEF 14A,new,https://www.sec.gov/Archives/edgar/data/1840780/000114036126037241/0001140361-26-037241-index.htm
"SOUTHERN MISSOURI BANCORP, INC.",SMBC,2026-09-21,DEF 14A,new,https://www.sec.gov/Archives/edgar/data/916907/000110465926109259/0001104659-26-109259-index.htm
Aldel Financial II Inc.,,2026-09-21,DEF 14A,new,https://www.sec.gov/Archives/edgar/data/2031561/000110465926109149/0001104659-26-109149-index.htm
"Expion Energy, Inc.",XPON,2026-09-18,DEF 14A,new,https://www.sec.gov/Archives/edgar/data/1894954/000190359626000356/0001903596-26-000356-index.htm
"Trade Desk, Inc.",TTD,2026-09-18,DEF 14A,new,https://www.sec.gov/Archives/edgar/data/1671933/000167193326000102/0001671933-26-000102-index.htm
EA Series Trust,,2026-09-18,DEF 14A,new,https://www.sec.gov/Archives/edgar/data/1592900/000159290026004253/0001592900-26-004253-index.htm
WASTE ENERGY CORP.,WAST,2026-09-18,DEF 14A,new,https://www.sec.gov/Archives/edgar/data/1515139/000149315226043391/0001493152-26-043391-index.htm
"Scienture Holdings, Inc.",SCNX,2026-09-18,DEF 14A,new,https://www.sec.gov/Archives/edgar/data/1382574/000149315226043340/0001493152-26-043340-index.htm
Parker-Hannifin Corp,PH,2026-09-18,DEF 14A,new,https://www.sec.gov/Archives/edgar/data/76334/000130817926000394/0001308179-26-000394-index.htm
EXTREME NETWORKS INC,EXTR,2026-09-18,DEF 14A,new,https://www.sec.gov/Archives/edgar/data/1078271/000119312526395545/0001193125-26-395545-index.htm
Lifevantage Corp,LFVN,2026-09-18,DEF 14A,new,https://www.sec.gov/Archives/edgar/data/849146/000119312526395513/0001193125-26-395513-index.htm
Neuphoria Therapeutics Inc.,NEUP,2026-09-18,DEF 14A,new,https://www.sec.gov/Archives/edgar/data/1191070/000114036126037139/0001140361-26-037139-index.htm
EchoStar CORP,ECHO,2026-09-18,DEF 14A,new,https://www.sec.gov/Archives/edgar/data/1415404/000110465926108960/0001104659-26-108960-index.htm
PHIBRO ANIMAL HEALTH CORP,PAHC,2026-09-18,DEF 14A,new,https://www.sec.gov/Archives/edgar/data/1069899/000110465926108939/0001104659-26-108939-index.htm
Legacy Housing Corp,LEGH,2026-09-18,DEF 14A,new,https://www.sec.gov/Archives/edgar/data/1436208/000110465926108932/0001104659-26-108932-index.htm
Fox Corp,,2026-09-17,DEF 14A,new,https://www.sec.gov/Archives/edgar/data/1754301/000162828026062480/0001628280-26-062480-index.htm
"Atlas U.S. Government Money Market Fund, Inc.",,2026-09-17,DEF 14A,new,https://www.sec.gov/Archives/edgar/data/2063200/000158064226006337/0001580642-26-006337-index.htm
REGIS CORP,RGS,2026-09-17,DEF 14A,new,https://www.sec.gov/Archives/edgar/data/716643/000114036126036991/0001140361-26-036991-index.htm
MERCURY SYSTEMS INC,MRCY,2026-09-17,DEF 14A,new,https://www.sec.gov/Archives/edgar/data/1049521/000104952126000077/0001049521-26-000077-index.htm
"QUINSTREET, INC",QNST,2026-09-16,DEF 14A,new,https://www.sec.gov/Archives/edgar/data/1117297/000207709626000254/0002077096-26-000254-index.htm
"Gossamer Bio, Inc.",GOSS,2026-09-16,DEF 14A,new,https://www.sec.gov/Archives/edgar/data/1728117/000172811726000102/0001728117-26-000102-index.htm
Stark Novus Financial Inc.,SNFI,2026-09-16,DEF 14A,new,https://www.sec.gov/Archives/edgar/data/1759546/000149315226042910/0001493152-26-042910-index.htm
"Polar Power, Inc.",POLA,2026-09-16,DEF 14A,new,https://www.sec.gov/Archives/edgar/data/1622345/000149315226042901/0001493152-26-042901-index.htm
"BGSF, INC.",BGSF,2026-09-16,DEF 14A,new,https://www.sec.gov/Archives/edgar/data/1474903/000147490326000084/0001474903-26-000084-index.htm
Elmet Group Co.,ELMT,2026-09-16,DEF 14A,new,https://www.sec.gov/Archives/edgar/data/2101698/000121390026100530/0001213900-26-100530-index.htm
STRATTEC SECURITY CORP,STRT,2026-09-16,DEF 14A,new,https://www.sec.gov/Archives/edgar/data/933034/000119312526393209/0001193125-26-393209-index.htm
"Inland Real Estate Income Trust, Inc.",INRE,2026-09-16,DEF 14A,new,https://www.sec.gov/Archives/edgar/data/1528985/000119312526393009/0001193125-26-393009-index.htm
Coatue Innovative Strategies Fund,,2026-09-16,DEF 14A,new,https://www.sec.gov/Archives/edgar/data/2044519/000110465926108295/0001104659-26-108295-index.htm
"James River Group Holdings, Inc.",JRVR,2026-09-16,DEF 14A,new,https://www.sec.gov/Archives/edgar/data/1620459/000110465926108040/0001104659-26-108040-index.htm
COFFEE HOLDING CO INC,JVA,2026-09-15,DEF 14A,new,https://www.sec.gov/Archives/edgar/data/1007019/000149315226042773/0001493152-26-042773-index.htm
SUNAMERICA SERIES TRUST,,2026-09-15,DEF 14A,new,https://www.sec.gov/Archives/edgar/data/892538/000119312526392109/0001193125-26-392109-index.htm
"Security Midwest Bancorp, Inc.",SBMW,2026-09-15,DEF 14A,new,https://www.sec.gov/Archives/edgar/data/2036060/000119312526391652/0001193125-26-391652-index.htm
SYNAPTICS Inc,SYNA,2026-09-15,DEF 14A,new,https://www.sec.gov/Archives/edgar/data/817720/000081772026000075/0000817720-26-000075-index.htm
CINTAS CORP,CTAS,2026-09-15,DEF 14A,new,https://www.sec.gov/Archives/edgar/data/723254/000072325426000040/0000723254-26-000040-index.htm
"Zapata Quantum, Inc.",,2026-09-14,DEF 14A,new,https://www.sec.gov/Archives/edgar/data/1843714/000168316826007111/0001683168-26-007111-index.htm
DT Cloud Star Acquisition Corp,,2026-09-14,DEF 14A,new,https://www.sec.gov/Archives/edgar/data/2017950/000149315226042602/0001493152-26-042602-index.htm
"MOBIX LABS, INC",,2026-09-14,DEF 14A,new,https://www.sec.gov/Archives/edgar/data/1855467/000149315226042442/0001493152-26-042442-index.htm
"Autonomix Medical, Inc.",AMIX,2026-09-14,DEF 14A,new,https://www.sec.gov/Archives/edgar/data/1617867/000143774926030345/0001437749-26-030345-index.htm
TWIN DISC INC,TWIN,2026-09-14,DEF 14A,new,https://www.sec.gov/Archives/edgar/data/100378/000143774926030232/0001437749-26-030232-index.htm
Launch Two Acquisition Corp.,,2026-09-14,DEF 14A,new,https://www.sec.gov/Archives/edgar/data/2023676/000121390026099792/0001213900-26-099792-index.htm
"Fold Holdings, Inc.",,2026-09-14,DEF 14A,new,https://www.sec.gov/Archives/edgar/data/1889123/000121390026099771/0001213900-26-099771-index.htm
iSpecimen Inc.,ISPC,2026-09-14,DEF 14A,new,https://www.sec.gov/Archives/edgar/data/1558569/000121390026099770/0001213900-26-099770-index.htm
"All In FutureTech Alliance, Inc.",AIFA,2026-09-14,DEF 14A,new,https://www.sec.gov/Archives/edgar/data/1708341/000121390026099460/0001213900-26-099460-index.htm
SANFILIPPO JOHN B & SON INC,JBSS,2026-09-14,DEF 14A,new,https://www.sec.gov/Archives/edgar/data/880117/000119312526390588/0001193125-26-390588-index.htm
Western Asset Mortgage Opportunity Fund Inc.,DMO,2026-09-14,DEF 14A,new,https://www.sec.gov/Archives/edgar/data/1478102/000119312526390213/0001193125-26-390213-index.htm
WESTERN ASSET MANAGED MUNICIPALS FUND INC.,MMU,2026-09-14,DEF 14A,new,https://www.sec.gov/Archives/edgar/data/886043/000119312526390206/0001193125-26-390206-index.htm
Western Asset High Yield Opportunity Fund Inc.,HYI,2026-09-14,DEF 14A,new,https://www.sec.gov/Archives/edgar/data/1497186/000119312526390204/0001193125-26-390204-index.htm
WESTERN ASSET HIGH INCOME FUND II INC.,HIX,2026-09-14,DEF 14A,new,https://www.sec.gov/Archives/edgar/data/1058239/000119312526390197/0001193125-26-390197-index.htm
WESTERN ASSET GLOBAL HIGH INCOME FUND INC.,EHI,2026-09-14,DEF 14A,new,https://www.sec.gov/Archives/edgar/data/1228509/000119312526390193/0001193125-26-390193-index.htm
WESTERN ASSET EMERGING MARKETS DEBT FUND INC.,EMD,2026-09-14,DEF 14A,new,https://www.sec.gov/Archives/edgar/data/1227862/000119312526390191/0001193125-26-390191-index.htm
"TELA Bio, Inc.",TELA,2026-09-14,DEF 14A,new,https://www.sec.gov/Archives/edgar/data/1561921/000110465926107491/0001104659-26-107491-index.htm
KENNAMETAL INC,KMT,2026-09-14,DEF 14A,new,https://www.sec.gov/Archives/edgar/data/55242/000110465926107306/0001104659-26-107306-index.htm
Sachem Capital Corp.,,2026-09-11,DEF 14A,new,https://www.sec.gov/Archives/edgar/data/1682220/000168222026000065/0001682220-26-000065-index.htm
aTYR PHARMA INC,ATYR,2026-09-11,DEF 14A,new,https://www.sec.gov/Archives/edgar/data/1339970/000133997026000061/0001339970-26-000061-index.htm
Jaguar Uranium Corp.,JAGU,2026-09-11,DEF 14A,new,https://www.sec.gov/Archives/edgar/data/2039273/000121390026099327/0001213900-26-099327-index.htm
CARPENTER TECHNOLOGY CORP,CRS,2026-09-11,DEF 14A,new,https://www.sec.gov/Archives/edgar/data/17843/000119312526389294/0001193125-26-389294-index.htm
RUSSELL INVESTMENT FUNDS,,2026-09-11,DEF 14A,new,https://www.sec.gov/Archives/edgar/data/824036/000119312526389100/0001193125-26-389100-index.htm
Russell Investments Exchange Traded Funds,,2026-09-11,DEF 14A,new,https://www.sec.gov/Archives/edgar/data/2042513/000119312526388910/0001193125-26-388910-index.htm
RUSSELL INVESTMENT CO,,2026-09-11,DEF 14A,new,https://www.sec.gov/Archives/edgar/data/351601/000119312526388904/0001193125-26-388904-index.htm
"Annovis Bio, Inc.",ANVS,2026-09-11,DEF 14A,new,https://www.sec.gov/Archives/edgar/data/1477845/000110465926107113/0001104659-26-107113-index.htm
"WOLFSPEED, INC.",WOLF,2026-09-11,DEF 14A,new,https://www.sec.gov/Archives/edgar/data/895419/000089541926000065/0000895419-26-000065-index.htm
UNIFI INC,UFI,2026-09-11,DEF 14A,new,https://www.sec.gov/Archives/edgar/data/100726/000010072626000015/0000100726-26-000015-index.htm
Northern Lights Fund Trust IV,,2026-09-10,DEF 14A,new,https://www.sec.gov/Archives/edgar/data/1644419/000158064226006251/0001580642-26-006251-index.htm
"TEN Holdings, Inc.",XHLD,2026-09-10,DEF 14A,new,https://www.sec.gov/Archives/edgar/data/2030954/000149315226042047/0001493152-26-042047-index.htm
"GeoVax Labs, Inc.",GOVX,2026-09-10,DEF 14A,new,https://www.sec.gov/Archives/edgar/data/832489/000143774926030089/0001437749-26-030089-index.htm
CONSUMERS BANCORP INC /OH/,CBKM,2026-09-10,DEF 14A,new,https://www.sec.gov/Archives/edgar/data/1006830/000143774926030041/0001437749-26-030041-index.htm
APPLIED INDUSTRIAL TECHNOLOGIES INC,AIT,2026-09-10,DEF 14A,new,https://www.sec.gov/Archives/edgar/data/109563/000119312526387870/0001193125-26-387870-index.htm
"RESOURCES CONNECTION, INC.",RGP,2026-09-10,DEF 14A,new,https://www.sec.gov/Archives/edgar/data/1084765/000108476526000063/0001084765-26-000063-index.htm
ADVISORS SERIES TRUST,,2026-09-10,DEF 14A,new,https://www.sec.gov/Archives/edgar/data/1027596/000089418926025118/0000894189-26-025118-index.htm
AEHR TEST SYSTEMS,AEHR,2026-09-09,DEF 14A,new,https://www.sec.gov/Archives/edgar/data/1040470/000165495426008222/0001654954-26-008222-index.htm
Federated Hermes Premier Municipal Income Fund,FMN,2026-09-09,DEF 14A,new,https://www.sec.gov/Archives/edgar/data/1199004/000162363226001387/0001623632-26-001387-index.htm
Kearny Financial Corp.,KRNY,2026-09-09,DEF 14A,new,https://www.sec.gov/Archives/edgar/data/1617242/000161724226000023/0001617242-26-000023-index.htm
"CNL Strategic Residential Credit, Inc.",,2026-09-09,DEF 14A,new,https://www.sec.gov/Archives/edgar/data/2066337/000143774926029990/0001437749-26-029990-index.htm
"Dror Ortho-Design, Inc.",DROR,2026-09-09,DEF 14A,new,https://www.sec.gov/Archives/edgar/data/1282980/000121390026098221/0001213900-26-098221-index.htm
T. Rowe Price OHA Select Private Credit Fund,,2026-09-09,DEF 14A,new,https://www.sec.gov/Archives/edgar/data/1901164/000114036126035994/0001140361-26-035994-index.htm
iPower Inc.,IPW,2026-09-08,DEF 14A,new,https://www.sec.gov/Archives/edgar/data/1830072/000168316826007015/0001683168-26-007015-index.htm
HUSSMAN INVESTMENT TRUST,,2026-09-08,DEF 14A,new,https://www.sec.gov/Archives/edgar/data/1110502/000158064226006173/0001580642-26-006173-index.htm
Cayson Acquisition Corp,,2026-09-08,DEF 14A,new,https://www.sec.gov/Archives/edgar/data/2024203/000149315226041667/0001493152-26-041667-index.htm
RICHTECH ROBOTICS INC.,RR,2026-09-08,DEF 14A,new,https://www.sec.gov/Archives/edgar/data/1963685/000121390026098112/0001213900-26-098112-index.htm
Seagate Technology Holdings plc,STX,2026-09-08,DEF 14A,new,https://www.sec.gov/Archives/edgar/data/1137789/000113778926000207/0001137789-26-000207-index.htm
BAILLIE GIFFORD FUNDS,,2026-09-08,DEF 14A,new,https://www.sec.gov/Archives/edgar/data/1120543/000110465926105868/0001104659-26-105868-index.htm
Grown Rogue International Inc.,GRUSF,2026-09-04,DEF 14A,new,https://www.sec.gov/Archives/edgar/data/1463000/000182912626009775/0001829126-26-009775-index.htm
"Kartoon Studios, Inc.",TOON,2026-09-04,DEF 14A,new,https://www.sec.gov/Archives/edgar/data/1355848/000168316826006962/0001683168-26-006962-index.htm
CACI INTERNATIONAL INC /DE/,CACI,2026-09-04,DEF 14A,new,https://www.sec.gov/Archives/edgar/data/16058/000162828026060738/0001628280-26-060738-index.htm
IB Acquisition Corp.,,2026-09-04,DEF 14A,new,https://www.sec.gov/Archives/edgar/data/1998781/000149315226041539/0001493152-26-041539-index.htm
STANDEX INTERNATIONAL CORP/DE/,SXI,2026-09-04,DEF 14A,new,https://www.sec.gov/Archives/edgar/data/310354/000143774926029660/0001437749-26-029660-index.htm
"iBio, Inc.",IBIO,2026-09-04,DEF 14A,new,https://www.sec.gov/Archives/edgar/data/1420720/000142072026000022/0001420720-26-000022-index.htm
"TAYLOR DEVICES, INC.",TAYD,2026-09-04,DEF 14A,new,https://www.sec.gov/Archives/edgar/data/96536/000137647426000601/0001376474-26-000601-index.htm
"Jasper Therapeutics, Inc.",,2026-09-04,DEF 14A,new,https://www.sec.gov/Archives/edgar/data/1788028/000121390026097572/0001213900-26-097572-index.htm
PAYCHEX INC,PAYX,2026-09-04,DEF 14A,new,https://www.sec.gov/Archives/edgar/data/723531/000119312526382805/0001193125-26-382805-index.htm
Hartford Schroders Private Opportunities Fund,,2026-09-04,DEF 14A,new,https://www.sec.gov/Archives/edgar/data/1903070/000110465926105526/0001104659-26-105526-index.htm
Oxford Lane Capital Corp.,,2026-09-03,DEF 14A,new,https://www.sec.gov/Archives/edgar/data/1495222/000121390026097175/0001213900-26-097175-index.htm
BeyondSpring Inc.,BYSI,2026-09-03,DEF 14A,new,https://www.sec.gov/Archives/edgar/data/1677940/000117184326005879/0001171843-26-005879-index.htm
TECHPRECISION CORP,TPCS,2026-09-03,DEF 14A,new,https://www.sec.gov/Archives/edgar/data/1328792/000110465926104865/0001104659-26-104865-index.htm
Outdoor Holding Co,,2026-09-03,DEF 14A,new,https://www.sec.gov/Archives/edgar/data/1015383/000101538326000012/0001015383-26-000012-index.htm
Vertical Data Inc.,VDTA,2026-09-02,DEF 14A,new,https://www.sec.gov/Archives/edgar/data/2033264/000149315226041118/0001493152-26-041118-index.htm
Byrna Technologies Inc.,BYRN,2026-09-02,DEF 14A,new,https://www.sec.gov/Archives/edgar/data/1354866/000143774926029518/0001437749-26-029518-index.htm
AETHLON MEDICAL INC,AEMD,2026-09-01,DEF 14A,new,https://www.sec.gov/Archives/edgar/data/882291/000168316826006844/0001683168-26-006844-index.htm
"Acurx Pharmaceuticals, Inc.",ACXP,2026-09-01,DEF 14A,new,https://www.sec.gov/Archives/edgar/data/1736243/000110465926104316/0001104659-26-104316-index.htm
Pacer Funds Trust,,2026-09-01,DEF 14A,new,https://www.sec.gov/Archives/edgar/data/1616668/000089418926024958/0000894189-26-024958-index.htm
NEOS ETF Trust,,2026-08-31,DEF 14A,new,https://www.sec.gov/Archives/edgar/data/1848758/000199937126019372/0001999371-26-019372-index.htm
"FingerMotion, Inc.",FNGR,2026-08-31,DEF 14A,new,https://www.sec.gov/Archives/edgar/data/1602409/000149315226040877/0001493152-26-040877-index.htm
GEE Group Inc.,JOB,2026-08-31,DEF 14A,new,https://www.sec.gov/Archives/edgar/data/40570/000147793226005336/0001477932-26-005336-index.htm
"Catheter Precision, Inc.",VTAK,2026-08-31,DEF 14A,new,https://www.sec.gov/Archives/edgar/data/1716621/000143774926029316/0001437749-26-029316-index.htm
"Envoy Medical, Inc.",,2026-08-31,DEF 14A,new,https://www.sec.gov/Archives/edgar/data/1840877/000121390026095756/0001213900-26-095756-index.htm
Aptevo Therapeutics Inc.,APVO,2026-08-31,DEF 14A,new,https://www.sec.gov/Archives/edgar/data/1671584/000119312526376763/0001193125-26-376763-index.htm
Spark I Acquisition Corp,,2026-08-31,DEF 14A,new,https://www.sec.gov/Archives/edgar/data/1884046/000110465926103957/0001104659-26-103957-index.htm
Kurv ETF Trust,,2026-08-28,DEF 14A,new,https://www.sec.gov/Archives/edgar/data/1782952/000199937126019234/0001999371-26-019234-index.htm
Elastic N.V.,ESTC,2026-08-28,DEF 14A,new,https://www.sec.gov/Archives/edgar/data/1707753/000170775326000055/0001707753-26-000055-index.htm
"Getty Images Holdings, Inc.",GETY,2026-08-28,DEF 14A,new,https://www.sec.gov/Archives/edgar/data/1898496/000162828026059390/0001628280-26-059390-index.htm
"CHAMPIONS ONCOLOGY, INC.",CSBR,2026-08-28,DEF 14A,new,https://www.sec.gov/Archives/edgar/data/771856/000162828026059373/0001628280-26-059373-index.htm
"C3.ai, Inc.",AI,2026-08-28,DEF 14A,new,https://www.sec.gov/Archives/edgar/data/1577526/000157752626000110/0001577526-26-000110-index.htm
Bone Biologics Corp,,2026-08-28,DEF 14A,new,https://www.sec.gov/Archives/edgar/data/1419554/000149315226040640/0001493152-26-040640-index.htm
NATIONAL BEVERAGE CORP,FIZZ,2026-08-28,DEF 14A,new,https://www.sec.gov/Archives/edgar/data/69891/000143774926029176/0001437749-26-029176-index.htm
"Profusa, Inc.",,2026-08-28,DEF 14A,new,https://www.sec.gov/Archives/edgar/data/1859807/000121390026095087/0001213900-26-095087-index.htm
IMMERSION CORP,IMMR,2026-08-28,DEF 14A,new,https://www.sec.gov/Archives/edgar/data/1058811/000119312526374299/0001193125-26-374299-index.htm
KOREA FUND INC,KF,2026-08-28,DEF 14A,new,https://www.sec.gov/Archives/edgar/data/748691/000119312526373092/0001193125-26-373092-index.htm
PROCTER & GAMBLE Co,PG,2026-08-28,DEF 14A,new,https://www.sec.gov/Archives/edgar/data/80424/000119312526372211/0001193125-26-372211-index.htm
FREQUENCY ELECTRONICS INC,FEIM,2026-08-28,DEF 14A,new,https://www.sec.gov/Archives/edgar/data/39020/000118518526003746/0001185185-26-003746-index.htm
CBRE GLOBAL REAL ESTATE INCOME FUND,IGR,2026-08-28,DEF 14A,new,https://www.sec.gov/Archives/edgar/data/1268884/000113322826011815/0001133228-26-011815-index.htm
NN INC,NNBR,2026-08-28,DEF 14A,new,https://www.sec.gov/Archives/edgar/data/918541/000091854126000083/0000918541-26-000083-index.htm
"MILLERKNOLL, INC.",MLKN,2026-08-28,DEF 14A,new,https://www.sec.gov/Archives/edgar/data/66382/000006638226000143/0000066382-26-000143-index.htm
KOSS CORP,KOSS,2026-08-28,DEF 14A,new,https://www.sec.gov/Archives/edgar/data/56701/000005670126000036/0000056701-26-000036-index.htm
"Belpointe PREP, LLC",OZ,2026-08-27,DEF 14A,new,https://www.sec.gov/Archives/edgar/data/1807046/000149315226040394/0001493152-26-040394-index.htm
U.S. GOLD CORP.,USAU,2026-08-27,DEF 14A,new,https://www.sec.gov/Archives/edgar/data/27093/000149315226040300/0001493152-26-040300-index.htm
Singularity Future Technology Ltd.,SGLY,2026-08-27,DEF 14A,new,https://www.sec.gov/Archives/edgar/data/1422892/000121390026094212/0001213900-26-094212-index.htm
VALIC Co I,,2026-08-27,DEF 14A,new,https://www.sec.gov/Archives/edgar/data/719423/000119312526369912/0001193125-26-369912-index.htm
"TurnOnGreen, Inc.",,2026-08-26,DEF 14A,new,https://www.sec.gov/Archives/edgar/data/1349706/000121465926010914/0001214659-26-010914-index.htm
"CITIUS ONCOLOGY, INC.",CTOR,2026-08-26,DEF 14A,new,https://www.sec.gov/Archives/edgar/data/1851484/000121390026093757/0001213900-26-093757-index.htm
"Cardiff Oncology, Inc.",CRDF,2026-08-26,DEF 14A,new,https://www.sec.gov/Archives/edgar/data/1213037/000119312526368249/0001193125-26-368249-index.htm
"Cottonwood Communities, Inc.",,2026-08-25,DEF 14A,new,https://www.sec.gov/Archives/edgar/data/1692951/000169295126000158/0001692951-26-000158-index.htm
374Water Inc.,SCWO,2026-08-25,DEF 14A,new,https://www.sec.gov/Archives/edgar/data/933972/000165495426007870/0001654954-26-007870-index.htm
BEXIL INVESTMENT TRUST,BXSY,2026-08-25,DEF 14A,new,https://www.sec.gov/Archives/edgar/data/1059213/000162887326000083/0001628873-26-000083-index.htm
Credo Technology Group Holding Ltd,CRDO,2026-08-25,DEF 14A,new,https://www.sec.gov/Archives/edgar/data/1807794/000162828026058936/0001628280-26-058936-index.htm
WinVest Acquisition Corp.,,2026-08-25,DEF 14A,new,https://www.sec.gov/Archives/edgar/data/1854463/000149315226040081/0001493152-26-040081-index.htm
RPM INTERNATIONAL INC/DE/,RPM,2026-08-25,DEF 14A,new,https://www.sec.gov/Archives/edgar/data/110621/000119312526365259/0001193125-26-365259-index.htm
"Quince Therapeutics, Inc.",QNCX,2026-08-25,DEF 14A,new,https://www.sec.gov/Archives/edgar/data/1662774/000119312526364220/0001193125-26-364220-index.htm
Clark Fork Trust,,2026-08-25,DEF 14A,new,https://www.sec.gov/Archives/edgar/data/1506980/000116204426000719/0001162044-26-000719-index.htm
"Unusual Machines, Inc.",UMAC,2026-08-24,DEF 14A,new,https://www.sec.gov/Archives/edgar/data/1956955/000168316826006678/0001683168-26-006678-index.htm
YHN Acquisition I Ltd,,2026-08-24,DEF 14A,new,https://www.sec.gov/Archives/edgar/data/2020987/000168316826006677/0001683168-26-006677-index.htm
FRANKLIN LTD DURATION INCOME TRUST,FTF,2026-08-24,DEF 14A,new,https://www.sec.gov/Archives/edgar/data/1233087/000165558926001170/0001655589-26-001170-index.htm
"Soluna Holdings, Inc",,2026-08-24,DEF 14A,new,https://www.sec.gov/Archives/edgar/data/64463/000162828026058611/0001628280-26-058611-index.htm
"NEXGEL, INC.",,2026-08-24,DEF 14A,new,https://www.sec.gov/Archives/edgar/data/1468929/000149315226039890/0001493152-26-039890-index.htm
"Moleculin Biotech, Inc.",MBRX,2026-08-24,DEF 14A,new,https://www.sec.gov/Archives/edgar/data/1659617/000143774926028835/0001437749-26-028835-index.htm
"ADIAL PHARMACEUTICALS, INC.",ADIL,2026-08-24,DEF 14A,new,https://www.sec.gov/Archives/edgar/data/1513525/000121390026093019/0001213900-26-093019-index.htm
"FRACTYL HEALTH, INC.",GUTS,2026-08-24,DEF 14A,new,https://www.sec.gov/Archives/edgar/data/1572616/000119312526363587/0001193125-26-363587-index.htm
Silexion Therapeutics Corp,,2026-08-24,DEF 14A,new,https://www.sec.gov/Archives/edgar/data/2022416/000117891326004243/0001178913-26-004243-index.htm
ACCURAY INC,ARAY,2026-08-24,DEF 14A,new,https://www.sec.gov/Archives/edgar/data/1138723/000114036126034187/0001140361-26-034187-index.htm
Integrated Wellness Acquisition Corp,,2026-08-24,DEF 14A,new,https://www.sec.gov/Archives/edgar/data/1877557/000110465926100374/0001104659-26-100374-index.htm
Hartford Funds Exchange-Traded Trust,,2026-08-24,DEF 14A,new,https://www.sec.gov/Archives/edgar/data/1501825/000110465926100214/0001104659-26-100214-index.htm
"CNS Pharmaceuticals, Inc.",CNSP,2026-08-21,DEF 14A,new,https://www.sec.gov/Archives/edgar/data/1729427/000168316826006660/0001683168-26-006660-index.htm
Venu Holding Corp,VENU,2026-08-21,DEF 14A,new,https://www.sec.gov/Archives/edgar/data/1770501/000149315226039659/0001493152-26-039659-index.htm
"NextTrip, Inc.",NTRP,2026-08-21,DEF 14A,new,https://www.sec.gov/Archives/edgar/data/788611/000149315226039640/0001493152-26-039640-index.htm
KIDZ AI Inc.,,2026-08-21,DEF 14A,new,https://www.sec.gov/Archives/edgar/data/2022308/000147793226005227/0001477932-26-005227-index.htm
"RiverNorth Managed Duration Municipal Income Fund II, Inc.",RMMZ,2026-08-21,DEF 14A,new,https://www.sec.gov/Archives/edgar/data/1870833/000139834426015282/0001398344-26-015282-index.htm
Wetouch Technology Inc.,WETH,2026-08-21,DEF 14A,new,https://www.sec.gov/Archives/edgar/data/1826660/000121390026092632/0001213900-26-092632-index.htm
Pender Real Estate Credit Fund,,2026-08-21,DEF 14A,new,https://www.sec.gov/Archives/edgar/data/1929777/000121390026092592/0001213900-26-092592-index.htm
"VivoSim Labs, INC.",VIVS,2026-08-21,DEF 14A,new,https://www.sec.gov/Archives/edgar/data/1497253/000119312526361066/0001193125-26-361066-index.htm
NEOGEN CORP,NEOG,2026-08-21,DEF 14A,new,https://www.sec.gov/Archives/edgar/data/711377/000119312526360742/0001193125-26-360742-index.htm
"MiniMed Group, Inc.",MMED,2026-08-21,DEF 14A,new,https://www.sec.gov/Archives/edgar/data/2062583/000114036126034021/0001140361-26-034021-index.htm
"RICHARDSON ELECTRONICS, LTD.",RELL,2026-08-21,DEF 14A,new,https://www.sec.gov/Archives/edgar/data/355948/000035594826000010/0000355948-26-000010-index.htm
ADVENT CONVERTIBLE & INCOME FUND,AVK,2026-08-19,DEF 14A,new,https://www.sec.gov/Archives/edgar/data/1219120/000182126826000147/0001821268-26-000147-index.htm
"Hancock Park Corporate Income, Inc.",,2026-08-19,DEF 14A,new,https://www.sec.gov/Archives/edgar/data/1661306/000166130626000077/0001661306-26-000077-index.htm
BayFirst Financial Corp.,BAFN,2026-08-19,DEF 14A,new,https://www.sec.gov/Archives/edgar/data/1649739/000164973926000069/0001649739-26-000069-index.htm
OneMedNet Corp,,2026-08-19,DEF 14A,new,https://www.sec.gov/Archives/edgar/data/1849380/000149315226039206/0001493152-26-039206-index.htm
"NEIGHBORHOOD INTELLIGENCE, INC.",,2026-08-19,DEF 14A,new,https://www.sec.gov/Archives/edgar/data/1130713/000114036126033649/0001140361-26-033649-index.htm
Howard Hughes Holdings Inc.,HHH,2026-08-19,DEF 14A,new,https://www.sec.gov/Archives/edgar/data/1981792/000110465926098808/0001104659-26-098808-index.htm
Pelthos Therapeutics Inc.,PTHS,2026-08-18,DEF 14A,new,https://www.sec.gov/Archives/edgar/data/1919246/000191924626000120/0001919246-26-000120-index.htm
"SkyAI, Inc.",,2026-08-18,DEF 14A,new,https://www.sec.gov/Archives/edgar/data/1737995/000149315226038805/0001493152-26-038805-index.htm
VALUE LINE INC,VALU,2026-08-18,DEF 14A,new,https://www.sec.gov/Archives/edgar/data/717720/000143774926028394/0001437749-26-028394-index.htm
CAL-MAINE FOODS INC,CALM,2026-08-18,DEF 14A,new,https://www.sec.gov/Archives/edgar/data/16160/000114036126033569/0001140361-26-033569-index.htm
BUTLER NATIONAL CORP,BUKS,2026-08-18,DEF 14A,new,https://www.sec.gov/Archives/edgar/data/15847/000001584726000032/0000015847-26-000032-index.htm
"Twin Vee PowerCats, Co.",VEEE,2026-08-17,DEF 14A,new,https://www.sec.gov/Archives/edgar/data/1855509/000173112226001085/0001731122-26-001085-index.htm
Medtronic plc,MDT,2026-08-17,DEF 14A,new,https://www.sec.gov/Archives/edgar/data/1613103/000161310326000010/0001613103-26-000010-index.htm
"Coda Octopus Group, Inc.",CODA,2026-08-17,DEF 14A,new,https://www.sec.gov/Archives/edgar/data/1334325/000149315226038748/0001493152-26-038748-index.htm
"HeartCore Enterprises, Inc.",HTCR,2026-08-17,DEF 14A,new,https://www.sec.gov/Archives/edgar/data/1892322/000149315226038740/0001493152-26-038740-index.htm
"Inhibitor Therapeutics, Inc.",INTI,2026-08-17,DEF 14A,new,https://www.sec.gov/Archives/edgar/data/1042418/000149315226038636/0001493152-26-038636-index.htm
1290 Funds,,2026-08-17,DEF 14A,new,https://www.sec.gov/Archives/edgar/data/1605941/000119312526353812/0001193125-26-353812-index.htm
EQ ADVISORS TRUST,,2026-08-17,DEF 14A,new,https://www.sec.gov/Archives/edgar/data/1027263/000119312526353807/0001193125-26-353807-index.htm
"Interactive Strength, Inc.",TRNR,2026-08-17,DEF 14A,new,https://www.sec.gov/Archives/edgar/data/1785056/000119312526353153/0001193125-26-353153-index.htm
BPGC Acquisition Corp.,,2026-08-17,DEF 14A,new,https://www.sec.gov/Archives/edgar/data/1841610/000118518526003577/0001185185-26-003577-index.htm
FEDEX CORP,FDX,2026-08-17,DEF 14A,new,https://www.sec.gov/Archives/edgar/data/1048911/000110465926097836/0001104659-26-097836-index.htm
SPROTT FOCUS TRUST INC.,FUND,2026-08-14,DEF 14A,new,https://www.sec.gov/Archives/edgar/data/825202/000182912626008861/0001829126-26-008861-index.htm
"American Outdoor Brands, Inc.",AOUT,2026-08-14,DEF 14A,new,https://www.sec.gov/Archives/edgar/data/1808997/000180899726000038/0001808997-26-000038-index.htm
Sadot Group Inc.,SDOT,2026-08-14,DEF 14A,new,https://www.sec.gov/Archives/edgar/data/1701756/000173112226001072/0001731122-26-001072-index.htm
AMERICAS CARMART INC,CRMT,2026-08-14,DEF 14A,new,https://www.sec.gov/Archives/edgar/data/799850/000162828026057070/0001628280-26-057070-index.htm
Phio Pharmaceuticals Corp.,PHIO,2026-08-14,DEF 14A,new,https://www.sec.gov/Archives/edgar/data/1533040/000143774926027997/0001437749-26-027997-index.htm
"Worthington Steel, Inc.",WS,2026-08-14,DEF 14A,new,https://www.sec.gov/Archives/edgar/data/1968487/000119312526352256/0001193125-26-352256-index.htm
HPS Corporate Lending Fund,,2026-08-14,DEF 14A,new,https://www.sec.gov/Archives/edgar/data/1838126/000119312526351221/0001193125-26-351221-index.htm
Variable Insurance Products Fund V,,2026-08-14,DEF 14A,new,https://www.sec.gov/Archives/edgar/data/823535/000113322826011296/0001133228-26-011296-index.htm
AeroVironment Inc,AVAV,2026-08-14,DEF 14A,new,https://www.sec.gov/Archives/edgar/data/1368622/000110465926096689/0001104659-26-096689-index.htm
"ROYCE SMALL-CAP TRUST, INC.",RVT,2026-08-14,DEF 14A,new,https://www.sec.gov/Archives/edgar/data/804116/000094937726000062/0000949377-26-000062-index.htm
"ROYCE MICRO-CAP TRUST, INC.",RMT,2026-08-14,DEF 14A,new,https://www.sec.gov/Archives/edgar/data/912147/000094937726000060/0000949377-26-000060-index.htm
"ROYCE GLOBAL TRUST, INC.",RGT,2026-08-14,DEF 14A,new,https://www.sec.gov/Archives/edgar/data/1514490/000094937726000058/0000949377-26-000058-index.htm
GENERAL MILLS INC,GIS,2026-08-13,DEF 14A,new,https://www.sec.gov/Archives/edgar/data/40704/000162828026056619/0001628280-26-056619-index.htm
"Shuttle Pharmaceuticals Holdings, Inc.",SHPH,2026-08-13,DEF 14A,new,https://www.sec.gov/Archives/edgar/data/1757499/000149315226037821/0001493152-26-037821-index.htm
"SideChannel, Inc.",SDCH,2026-08-13,DEF 14A,new,https://www.sec.gov/Archives/edgar/data/1022505/000149315226037743/0001493152-26-037743-index.htm
Remora Capital Corp,,2026-08-13,DEF 14A,new,https://www.sec.gov/Archives/edgar/data/2045370/000143774926027642/0001437749-26-027642-index.htm
"Flash Sports & Media Holdings, Inc.",FLZH,2026-08-13,DEF 14A,new,https://www.sec.gov/Archives/edgar/data/1706524/000121390026089210/0001213900-26-089210-index.htm
CULP INC,CULP,2026-08-13,DEF 14A,new,https://www.sec.gov/Archives/edgar/data/723603/000119312526348933/0001193125-26-348933-index.htm
"WORTHINGTON ENTERPRISES, INC.",WOR,2026-08-13,DEF 14A,new,https://www.sec.gov/Archives/edgar/data/108516/000119312526348765/0001193125-26-348765-index.htm
OLD WESTBURY FUNDS INC,,2026-08-13,DEF 14A,new,https://www.sec.gov/Archives/edgar/data/909994/000093041326002493/0000930413-26-002493-index.htm
"JOHN WILEY & SONS, INC.",,2026-08-13,DEF 14A,new,https://www.sec.gov/Archives/edgar/data/107140/000010714026000041/0000107140-26-000041-index.htm
SkinHealth Systems Inc.,SKIN,2026-08-12,DEF 14A,new,https://www.sec.gov/Archives/edgar/data/1818093/000168316826006273/0001683168-26-006273-index.htm
FutureFuel Corp.,FF,2026-08-12,DEF 14A,new,https://www.sec.gov/Archives/edgar/data/1337298/000143774926027325/0001437749-26-027325-index.htm
Thirdline Real Estate Income Fund,,2026-08-12,DEF 14A,new,https://www.sec.gov/Archives/edgar/data/1854370/000139834426014212/0001398344-26-014212-index.htm
"Fossil Group, Inc.",FOSL,2026-08-12,DEF 14A,new,https://www.sec.gov/Archives/edgar/data/883569/000119312526347185/0001193125-26-347185-index.htm
"Barnes & Noble Education, Inc.",BNED,2026-08-12,DEF 14A,new,https://www.sec.gov/Archives/edgar/data/1634117/000114036126032503/0001140361-26-032503-index.htm
CDT Equity Inc.,,2026-08-11,DEF 14A,new,https://www.sec.gov/Archives/edgar/data/1896212/000149315226036998/0001493152-26-036998-index.htm
PARKERVISION INC,PRKR,2026-08-11,DEF 14A,new,https://www.sec.gov/Archives/edgar/data/914139/000143774926027000/0001437749-26-027000-index.htm
BiomX Inc.,PHGE,2026-08-11,DEF 14A,new,https://www.sec.gov/Archives/edgar/data/1739174/000121390026087834/0001213900-26-087834-index.htm
"CYABRA, INC.",CYAB,2026-08-11,DEF 14A,new,https://www.sec.gov/Archives/edgar/data/2032341/000121390026087367/0001213900-26-087367-index.htm
PUTNAM VARIABLE TRUST,,2026-08-11,DEF 14A,new,https://www.sec.gov/Archives/edgar/data/822671/000119312526345019/0001193125-26-345019-index.htm
TRANSAMERICA SERIES TRUST,,2026-08-11,DEF 14A,new,https://www.sec.gov/Archives/edgar/data/778207/000119312526345001/0001193125-26-345001-index.htm
PUTNAM SUSTAINABLE LEADERS FUND,,2026-08-11,DEF 14A,new,https://www.sec.gov/Archives/edgar/data/865177/000119312526344991/0001193125-26-344991-index.htm
TRANSAMERICA SERIES TRUST,,2026-08-11,DEF 14A,new,https://www.sec.gov/Archives/edgar/data/778207/000119312526344983/0001193125-26-344983-index.htm
TRANSAMERICA SERIES TRUST,,2026-08-11,DEF 14A,new,https://www.sec.gov/Archives/edgar/data/778207/000119312526344712/0001193125-26-344712-index.htm
"Smartbird, Inc.",BIRD,2026-08-11,DEF 14A,new,https://www.sec.gov/Archives/edgar/data/1653909/000119312526342889/0001193125-26-342889-index.htm
ABERDEEN MUNICIPAL INCOME FUND,MFM,2026-08-11,DEF 14A,new,https://www.sec.gov/Archives/edgar/data/801961/000110465926093494/0001104659-26-093494-index.htm
CONAGRA BRANDS INC.,CAG,2026-08-11,DEF 14A,new,https://www.sec.gov/Archives/edgar/data/23217/000002321726000037/0000023217-26-000037-index.htm
Technology & Telecommunication Acquisition Corp,,2026-08-10,DEF 14A,new,https://www.sec.gov/Archives/edgar/data/1900679/000149315226036903/0001493152-26-036903-index.htm
"Glucotrack, Inc.",GCTK,2026-08-10,DEF 14A,new,https://www.sec.gov/Archives/edgar/data/1506983/000149315226036870/0001493152-26-036870-index.htm
Toppoint Holdings Inc.,TOPP,2026-08-10,DEF 14A,new,https://www.sec.gov/Archives/edgar/data/1960847/000121390026087344/0001213900-26-087344-index.htm
Lakewood-Amedex Biotherapeutics Inc.,LABT,2026-08-10,DEF 14A,new,https://www.sec.gov/Archives/edgar/data/2079272/000121390026087336/0001213900-26-087336-index.htm
Peraso Inc.,PRSO,2026-08-10,DEF 14A,new,https://www.sec.gov/Archives/edgar/data/890394/000121390026086972/0001213900-26-086972-index.htm
Cineverse Corp.,CNVS,2026-08-10,DEF 14A,new,https://www.sec.gov/Archives/edgar/data/1173204/000119312526342483/0001193125-26-342483-index.htm
"Arcadia Biosciences, Inc.",RKDA,2026-08-10,DEF 14A,new,https://www.sec.gov/Archives/edgar/data/1469443/000119312526342437/0001193125-26-342437-index.htm
DARDEN RESTAURANTS INC,DRI,2026-08-10,DEF 14A,new,https://www.sec.gov/Archives/edgar/data/940944/000119312526342023/0001193125-26-342023-index.htm
"Equitable Holdings, Inc.",,2026-08-10,DEF 14A,new,https://www.sec.gov/Archives/edgar/data/1333986/000119312526341149/0001193125-26-341149-index.htm
"AMC ENTERTAINMENT HOLDINGS, INC.",AMC,2026-08-10,DEF 14A,new,https://www.sec.gov/Archives/edgar/data/1411579/000110465926093412/0001104659-26-093412-index.htm
Future Vision II Acquisition Corp.,,2026-08-07,DEF 14A,new,https://www.sec.gov/Archives/edgar/data/2010653/000182912626008464/0001829126-26-008464-index.htm
"Bridgeline Digital, Inc.",BLIN,2026-08-07,DEF 14A,new,https://www.sec.gov/Archives/edgar/data/1378590/000143774926026578/0001437749-26-026578-index.htm
KORN FERRY,KFY,2026-08-07,DEF 14A,new,https://www.sec.gov/Archives/edgar/data/56679/000130817926000388/0001308179-26-000388-index.htm
Pasithea Therapeutics Corp.,,2026-08-07,DEF 14A,new,https://www.sec.gov/Archives/edgar/data/1841330/000121390026086799/0001213900-26-086799-index.htm
"NEWMARK GROUP, INC.",NMRK,2026-08-07,DEF 14A,new,https://www.sec.gov/Archives/edgar/data/1690680/000121390026086659/0001213900-26-086659-index.htm
"Avidia Bancorp, Inc.",AVBC,2026-08-07,DEF 14A,new,https://www.sec.gov/Archives/edgar/data/2058758/000119312526340379/0001193125-26-340379-index.htm
SCHOLASTIC CORP,SCHL,2026-08-07,DEF 14A,new,https://www.sec.gov/Archives/edgar/data/866729/000119312526340209/0001193125-26-340209-index.htm
Canopy Growth Corp,CGC,2026-08-07,DEF 14A,new,https://www.sec.gov/Archives/edgar/data/1737927/000110465926092759/0001104659-26-092759-index.htm
Trinseo PLC,TSEOQ,2026-08-07,DEF 14A,new,https://www.sec.gov/Archives/edgar/data/1519061/000110465926092447/0001104659-26-092447-index.htm
"CNL Strategic Capital, LLC",,2026-08-06,DEF 14A,new,https://www.sec.gov/Archives/edgar/data/1684682/000199937126017228/0001999371-26-017228-index.htm
HEALTHY CHOICE WELLNESS CORP.,HCWC,2026-08-06,DEF 14A,new,https://www.sec.gov/Archives/edgar/data/1948864/000149315226036418/0001493152-26-036418-index.htm
FIRST TRUST HIGH YIELD OPPORTUNITIES 2027 TERM FUND,FTHY,2026-08-06,DEF 14A,new,https://www.sec.gov/Archives/edgar/data/1810523/000144554626005765/0001445546-26-005765-index.htm
Neuberger Energy Infrastructure & Income Fund Inc.,NML,2026-08-06,DEF 14A,new,https://www.sec.gov/Archives/edgar/data/1562051/000121390026086227/0001213900-26-086227-index.htm
Virtuix Holdings Inc.,VTIX,2026-08-06,DEF 14A,new,https://www.sec.gov/Archives/edgar/data/1606242/000121390026085943/0001213900-26-085943-index.htm
"SMITH & WESSON BRANDS, INC.",SWBI,2026-08-06,DEF 14A,new,https://www.sec.gov/Archives/edgar/data/1092796/000119312526338441/0001193125-26-338441-index.htm
TCW STRATEGIC INCOME FUND INC,TSI,2026-08-06,DEF 14A,new,https://www.sec.gov/Archives/edgar/data/809559/000119312526337011/0001193125-26-337011-index.htm
Glidelogic Corp.,GDLG,2026-08-06,DEF 14A,new,https://www.sec.gov/Archives/edgar/data/1848672/000109690626001170/0001096906-26-001170-index.htm
Sky Quarry Inc.,SKYQ,2026-08-06,DEF 14A,new,https://www.sec.gov/Archives/edgar/data/1812447/000109690626001164/0001096906-26-001164-index.htm
Bowhead Specialty Holdings Inc.,BOW,2026-08-05,DEF 14A,new,https://www.sec.gov/Archives/edgar/data/2002473/000200247326000017/0002002473-26-000017-index.htm
NORTHERN LIGHTS FUND TRUST III,,2026-08-05,DEF 14A,new,https://www.sec.gov/Archives/edgar/data/1537140/000158064226004917/0001580642-26-004917-index.htm
CAPITAL MANAGEMENT INVESTMENT TRUST,,2026-08-05,DEF 14A,new,https://www.sec.gov/Archives/edgar/data/931491/000141304226000645/0001413042-26-000645-index.htm
SARATOGA INVESTMENT CORP.,,2026-08-05,DEF 14A,new,https://www.sec.gov/Archives/edgar/data/1377936/000121390026085497/0001213900-26-085497-index.htm
"Corebridge Financial, Inc.",,2026-08-05,DEF 14A,new,https://www.sec.gov/Archives/edgar/data/1889539/000114036126031413/0001140361-26-031413-index.htm
"Cardio Diagnostics Holdings, Inc.",,2026-08-05,DEF 14A,new,https://www.sec.gov/Archives/edgar/data/1870144/000107997326001003/0001079973-26-001003-index.htm
SUI Group Holdings Ltd.,SUIG,2026-08-04,DEF 14A,new,https://www.sec.gov/Archives/edgar/data/1425355/000165495426007256/0001654954-26-007256-index.htm
NOBLE ROMANS INC,NROM,2026-08-04,DEF 14A,new,https://www.sec.gov/Archives/edgar/data/709005/000165495426007236/0001654954-26-007236-index.htm
"RENN Fund, Inc.",RCG,2026-08-04,DEF 14A,new,https://www.sec.gov/Archives/edgar/data/919567/000139834426013489/0001398344-26-013489-index.htm
Columbus Circle Capital Corp II,,2026-08-04,DEF 14A,new,https://www.sec.gov/Archives/edgar/data/2088805/000121390026085264/0001213900-26-085264-index.htm
Inception Growth Acquisition Ltd,,2026-08-04,DEF 14A,new,https://www.sec.gov/Archives/edgar/data/1866838/000121390026085172/0001213900-26-085172-index.htm
Carlyle Credit Income Fund,,2026-08-04,DEF 14A,new,https://www.sec.gov/Archives/edgar/data/1517767/000119312526332918/0001193125-26-332918-index.htm
Decoy Therapeutics Inc.,DCOY,2026-08-04,DEF 14A,new,https://www.sec.gov/Archives/edgar/data/1615219/000119312526332762/0001193125-26-332762-index.htm
AAR CORP,AIR,2026-08-04,DEF 14A,new,https://www.sec.gov/Archives/edgar/data/1750/000114036126031078/0001140361-26-031078-index.htm
AMREP CORP.,AXR,2026-08-04,DEF 14A,new,https://www.sec.gov/Archives/edgar/data/6207/000110465926090418/0001104659-26-090418-index.htm
Bowhead Specialty Holdings Inc.,BOW,2026-08-03,DEF 14A,new,https://www.sec.gov/Archives/edgar/data/2002473/000162828026051903/0001628280-26-051903-index.htm
"Ocean Power Technologies, Inc.",OPTT,2026-08-03,DEF 14A,new,https://www.sec.gov/Archives/edgar/data/1378140/000149315226035823/0001493152-26-035823-index.htm
"ACORN ENERGY, INC.",ACFN,2026-08-03,DEF 14A,new,https://www.sec.gov/Archives/edgar/data/880984/000149315226035767/0001493152-26-035767-index.htm
Tevogen Inc.,,2026-08-03,DEF 14A,new,https://www.sec.gov/Archives/edgar/data/1860871/000149315226035757/0001493152-26-035757-index.htm
"Cadrenal Therapeutics, Inc.",CVKD,2026-08-03,DEF 14A,new,https://www.sec.gov/Archives/edgar/data/1937993/000121390026084710/0001213900-26-084710-index.htm
ORAMED PHARMACEUTICALS INC.,ORMP,2026-08-03,DEF 14A,new,https://www.sec.gov/Archives/edgar/data/1176309/000121390026084609/0001213900-26-084609-index.htm
"Jaguar Health, Inc.",JAGX,2026-08-03,DEF 14A,new,https://www.sec.gov/Archives/edgar/data/1585608/000119312526330694/0001193125-26-330694-index.htm
"GCT Semiconductor Holding, Inc.",,2026-08-03,DEF 14A,new,https://www.sec.gov/Archives/edgar/data/1851961/000119312526330575/0001193125-26-330575-index.htm
"Artiva Biotherapeutics, Inc.",ARTV,2026-08-03,DEF 14A,new,https://www.sec.gov/Archives/edgar/data/1817241/000119312526330563/0001193125-26-330563-index.htm
LINCOLN VARIABLE INSURANCE PRODUCTS TRUST,,2026-08-03,DEF 14A,new,https://www.sec.gov/Archives/edgar/data/914036/000119312526330233/0001193125-26-330233-index.htm
"SOLIGENIX, INC.",SNGX,2026-08-03,DEF 14A,new,https://www.sec.gov/Archives/edgar/data/812796/000110465926089789/0001104659-26-089789-index.htm
CPI AEROSTRUCTURES INC,CVU,2026-07-31,DEF 14A,new,https://www.sec.gov/Archives/edgar/data/889348/000199937126016676/0001999371-26-016676-index.htm
RF Acquisition Corp II,,2026-07-31,DEF 14A,new,https://www.sec.gov/Archives/edgar/data/2012807/000182912626008243/0001829126-26-008243-index.htm
INTERPARFUMS INC,IPAR,2026-07-31,DEF 14A,new,https://www.sec.gov/Archives/edgar/data/822663/000175392626001295/0001753926-26-001295-index.htm
"Vistagen Therapeutics, Inc.",VTGN,2026-07-31,DEF 14A,new,https://www.sec.gov/Archives/edgar/data/1411685/000162828026051404/0001628280-26-051404-index.htm
Aptevo Therapeutics Inc.,APVO,2026-07-31,DEF 14A,new,https://www.sec.gov/Archives/edgar/data/1671584/000119312526328604/0001193125-26-328604-index.htm
"FibroBiologics, Inc.",FBLG,2026-07-31,DEF 14A,new,https://www.sec.gov/Archives/edgar/data/1958777/000119312526326818/0001193125-26-326818-index.htm
METHODE ELECTRONICS INC,MEI,2026-07-31,DEF 14A,new,https://www.sec.gov/Archives/edgar/data/65270/000114036126030317/0001140361-26-030317-index.htm
NETLIST INC,NLST,2026-07-31,DEF 14A,new,https://www.sec.gov/Archives/edgar/data/1282631/000110465926089249/0001104659-26-089249-index.htm
"Muzinich Corporate Lending Income Fund, Inc.",,2026-07-31,DEF 14A,new,https://www.sec.gov/Archives/edgar/data/1985375/000089418926021783/0000894189-26-021783-index.htm
"Muzinich BDC, Inc.",,2026-07-31,DEF 14A,new,https://www.sec.gov/Archives/edgar/data/1779523/000089418926021782/0000894189-26-021782-index.htm
"Lamb Weston Holdings, Inc.",LW,2026-07-30,DEF 14A,new,https://www.sec.gov/Archives/edgar/data/1679273/000167927326000036/0001679273-26-000036-index.htm
MEXCO ENERGY CORP,MXC,2026-07-30,DEF 14A,new,https://www.sec.gov/Archives/edgar/data/66418/000149315226035277/0001493152-26-035277-index.htm
DAILY JOURNAL CORP,DJCO,2026-07-30,DEF 14A,new,https://www.sec.gov/Archives/edgar/data/783412/000143774926025084/0001437749-26-025084-index.htm
Andretti Acquisition Corp. II,,2026-07-30,DEF 14A,new,https://www.sec.gov/Archives/edgar/data/2025341/000121390026083331/0001213900-26-083331-index.htm
"Ocugen, Inc.",OCGN,2026-07-30,DEF 14A,new,https://www.sec.gov/Archives/edgar/data/1372299/000114036126030258/0001140361-26-030258-index.htm
"Powerfleet, Inc.",AIOT,2026-07-29,DEF 14A,new,https://www.sec.gov/Archives/edgar/data/1774170/000149315226035236/0001493152-26-035236-index.htm
"Earth Science Tech, Inc.",ETST,2026-07-29,DEF 14A,new,https://www.sec.gov/Archives/edgar/data/1538495/000149315226035112/0001493152-26-035112-index.htm
QUANTUM CORP /DE/,QMCO,2026-07-29,DEF 14A,new,https://www.sec.gov/Archives/edgar/data/709283/000114036126030043/0001140361-26-030043-index.htm
MOTORCAR PARTS OF AMERICA INC,MPAA,2026-07-29,DEF 14A,new,https://www.sec.gov/Archives/edgar/data/918251/000114036126030040/0001140361-26-030040-index.htm
Roivant Sciences Ltd.,ROIV,2026-07-29,DEF 14A,new,https://www.sec.gov/Archives/edgar/data/1635088/000114036126029955/0001140361-26-029955-index.htm
Alchemy Investments Acquisition Corp 1,,2026-07-29,DEF 14A,new,https://www.sec.gov/Archives/edgar/data/1901336/000110465926088127/0001104659-26-088127-index.htm
"Replimune Group, Inc.",REPL,2026-07-29,DEF 14A,new,https://www.sec.gov/Archives/edgar/data/1737953/000110465926087650/0001104659-26-087650-index.htm
Freedom Holding Corp.,FRHC,2026-07-29,DEF 14A,new,https://www.sec.gov/Archives/edgar/data/924805/000092480526000041/0000924805-26-000041-index.htm
Krane Shares Trust,,2026-07-28,DEF 14A,new,https://www.sec.gov/Archives/edgar/data/1547576/000182912626007914/0001829126-26-007914-index.htm
"Sonoma Pharmaceuticals, Inc.",SNOA,2026-07-28,DEF 14A,new,https://www.sec.gov/Archives/edgar/data/1367083/000168316826005810/0001683168-26-005810-index.htm
DAKTRONICS INC /SD/,DAKT,2026-07-28,DEF 14A,new,https://www.sec.gov/Archives/edgar/data/915779/000162828026049957/0001628280-26-049957-index.htm
"MIRA PHARMACEUTICALS, INC.",MIRA,2026-07-28,DEF 14A,new,https://www.sec.gov/Archives/edgar/data/1904286/000149315226035027/0001493152-26-035027-index.htm
"Telomir Pharmaceuticals, Inc.",TELO,2026-07-28,DEF 14A,new,https://www.sec.gov/Archives/edgar/data/1971532/000149315226035026/0001493152-26-035026-index.htm
Nano Nuclear Energy Inc.,NNE,2026-07-28,DEF 14A,new,https://www.sec.gov/Archives/edgar/data/1923891/000149315226034874/0001493152-26-034874-index.htm
FIRST TRUST EXCHANGE-TRADED FUND VIII,,2026-07-28,DEF 14A,new,https://www.sec.gov/Archives/edgar/data/1667919/000144554626005528/0001445546-26-005528-index.htm
R F INDUSTRIES LTD,RFIL,2026-07-28,DEF 14A,new,https://www.sec.gov/Archives/edgar/data/740664/000143774926024661/0001437749-26-024661-index.htm
FRIEDMAN INDUSTRIES INC,FRD,2026-07-28,DEF 14A,new,https://www.sec.gov/Archives/edgar/data/39092/000143774926024581/0001437749-26-024581-index.htm
"Polaryx Therapeutics, Inc.",PLYX,2026-07-28,DEF 14A,new,https://www.sec.gov/Archives/edgar/data/2075320/000121390026082339/0001213900-26-082339-index.htm
Jerash Holdings,US,2026-07-28,DEF 14A,new,https://www.sec.gov/Archives/edgar/data/1696558/000121390026081992/0001213900-26-081992-index.htm
"PodcastOne, Inc.",PODC,2026-07-28,DEF 14A,new,https://www.sec.gov/Archives/edgar/data/1940177/000121390026081925/0001213900-26-081925-index.htm
"NetApp, Inc.",NTAP,2026-07-28,DEF 14A,new,https://www.sec.gov/Archives/edgar/data/1002047/000119312526321210/0001193125-26-321210-index.htm
Lionsgate Studios Corp.,LION,2026-07-28,DEF 14A,new,https://www.sec.gov/Archives/edgar/data/2052959/000119312526321010/0001193125-26-321010-index.htm
"KESTRA MEDICAL TECHNOLOGIES, LTD.",KMTS,2026-07-28,DEF 14A,new,https://www.sec.gov/Archives/edgar/data/1877184/000119312526320956/0001193125-26-320956-index.htm
"Grace Therapeutics, Inc.",GRCE,2026-07-28,DEF 14A,new,https://www.sec.gov/Archives/edgar/data/1444192/000114036126029889/0001140361-26-029889-index.htm
Gen Digital Inc.,,2026-07-28,DEF 14A,new,https://www.sec.gov/Archives/edgar/data/849399/000114036126029830/0001140361-26-029830-index.htm
Sow Good Inc.,SOWG,2026-07-27,DEF 14A,new,https://www.sec.gov/Archives/edgar/data/1490161/000182912626007885/0001829126-26-007885-index.htm
TAKE TWO INTERACTIVE SOFTWARE INC,TTWO,2026-07-27,DEF 14A,new,https://www.sec.gov/Archives/edgar/data/946581/000162828026049813/0001628280-26-049813-index.htm
"NOMAD POWER SOLUTIONS, INC.",NMAD,2026-07-27,DEF 14A,new,https://www.sec.gov/Archives/edgar/data/1335105/000149315226034713/0001493152-26-034713-index.htm
"LiveOne, Inc.",LVO,2026-07-27,DEF 14A,new,https://www.sec.gov/Archives/edgar/data/1491419/000121390026081875/0001213900-26-081875-index.htm
VIASAT INC,VSAT,2026-07-27,DEF 14A,new,https://www.sec.gov/Archives/edgar/data/797721/000119312526318060/0001193125-26-318060-index.htm
DORIAN LPG LTD.,LPG,2026-07-27,DEF 14A,new,https://www.sec.gov/Archives/edgar/data/1596993/000110465926087088/0001104659-26-087088-index.htm
"ENvue Medical, Inc.",FEED,2026-07-24,DEF 14A,new,https://www.sec.gov/Archives/edgar/data/1326706/000149315226034623/0001493152-26-034623-index.htm
BIO KEY INTERNATIONAL INC,BKYI,2026-07-24,DEF 14A,new,https://www.sec.gov/Archives/edgar/data/1019034/000143774926024414/0001437749-26-024414-index.htm
"HOULIHAN LOKEY, INC.",HLI,2026-07-24,DEF 14A,new,https://www.sec.gov/Archives/edgar/data/1302215/000130221526000059/0001302215-26-000059-index.htm
OS Therapies Inc,OSTX,2026-07-24,DEF 14A,new,https://www.sec.gov/Archives/edgar/data/1795091/000121390026081390/0001213900-26-081390-index.htm
NETSCOUT SYSTEMS INC,NTCT,2026-07-24,DEF 14A,new,https://www.sec.gov/Archives/edgar/data/1078075/000119312526316095/0001193125-26-316095-index.htm
NYLI MacKay DefinedTerm Muni Opportunities Fund,MMD,2026-07-24,DEF 14A,new,https://www.sec.gov/Archives/edgar/data/1518557/000119312526315192/0001193125-26-315192-index.htm
NYLI CBRE Global Infrastructure Megatrends Term Fund,MEGI,2026-07-24,DEF 14A,new,https://www.sec.gov/Archives/edgar/data/1855066/000119312526315183/0001193125-26-315183-index.htm
RBC Bearings INC,RBC,2026-07-24,DEF 14A,new,https://www.sec.gov/Archives/edgar/data/1324948/000114036126029594/0001140361-26-029594-index.htm
EPLUS INC,PLUS,2026-07-24,DEF 14A,new,https://www.sec.gov/Archives/edgar/data/1022408/000114036126029593/0001140361-26-029593-index.htm
"Knightscope, Inc.",KSCP,2026-07-24,DEF 14A,new,https://www.sec.gov/Archives/edgar/data/1600983/000110465926086683/0001104659-26-086683-index.htm
DECKERS OUTDOOR CORP,DECK,2026-07-24,DEF 14A,new,https://www.sec.gov/Archives/edgar/data/910521/000091052126000018/0000910521-26-000018-index.htm
BlackSky Technology Inc.,,2026-07-23,DEF 14A,new,https://www.sec.gov/Archives/edgar/data/1753539/000175353926000108/0001753539-26-000108-index.htm
"VisionWave Holdings, Inc.",,2026-07-23,DEF 14A,new,https://www.sec.gov/Archives/edgar/data/2038439/000173112226000966/0001731122-26-000966-index.htm
Hamilton Lane INC,HLNE,2026-07-23,DEF 14A,new,https://www.sec.gov/Archives/edgar/data/1433642/000143364226000034/0001433642-26-000034-index.htm
FORUM FUNDS,,2026-07-23,DEF 14A,new,https://www.sec.gov/Archives/edgar/data/315774/000121390026080655/0001213900-26-080655-index.htm
Goldman Sachs ETF Trust,,2026-07-23,DEF 14A,new,https://www.sec.gov/Archives/edgar/data/1479026/000119312526314267/0001193125-26-314267-index.htm
GOLDMAN SACHS TRUST,,2026-07-23,DEF 14A,new,https://www.sec.gov/Archives/edgar/data/822977/000119312526314261/0001193125-26-314261-index.htm
"CalciMedica, Inc.",CALC,2026-07-23,DEF 14A,new,https://www.sec.gov/Archives/edgar/data/1534133/000119312526314085/0001193125-26-314085-index.htm
JONES SODA CO.,JSDA,2026-07-23,DEF 14A,new,https://www.sec.gov/Archives/edgar/data/1083522/000114036126029446/0001140361-26-029446-index.htm
TRANSCAT INC,TRNS,2026-07-23,DEF 14A,new,https://www.sec.gov/Archives/edgar/data/99302/000114036126029371/0001140361-26-029371-index.htm
"Monroe Federal Bancorp, Inc.",MFBI,2026-07-23,DEF 14A,new,https://www.sec.gov/Archives/edgar/data/2024899/000110465926086337/0001104659-26-086337-index.htm
"NETWORK-1 TECHNOLOGIES, INC.",NTIP,2026-07-23,DEF 14A,new,https://www.sec.gov/Archives/edgar/data/1065078/000107261326000590/0001072613-26-000590-index.htm
LOGITECH INTERNATIONAL S.A.,LOGI,2026-07-23,DEF 14A,new,https://www.sec.gov/Archives/edgar/data/1032975/000103297526000037/0001032975-26-000037-index.htm
"Immunovant, Inc.",IMVT,2026-07-22,DEF 14A,new,https://www.sec.gov/Archives/edgar/data/1764013/000176401326000092/0001764013-26-000092-index.htm
SONO TEK CORP,SOTK,2026-07-22,DEF 14A,new,https://www.sec.gov/Archives/edgar/data/806172/000117152026000185/0001171520-26-000185-index.htm
CASEYS GENERAL STORES INC,CASY,2026-07-22,DEF 14A,new,https://www.sec.gov/Archives/edgar/data/726958/000114036126029280/0001140361-26-029280-index.htm
ADVISORS SERIES TRUST,,2026-07-22,DEF 14A,new,https://www.sec.gov/Archives/edgar/data/1027596/000089418926021296/0000894189-26-021296-index.htm
MESA LABORATORIES INC /CO/,MLAB,2026-07-22,DEF 14A,new,https://www.sec.gov/Archives/edgar/data/724004/000072400426000071/0000724004-26-000071-index.htm
WORLD ACCEPTANCE CORP,WRLD,2026-07-22,DEF 14A,new,https://www.sec.gov/Archives/edgar/data/108385/000010838526000029/0000108385-26-000029-index.htm
Embrace Change Acquisition Corp.,,2026-07-21,DEF 14A,new,https://www.sec.gov/Archives/edgar/data/1869601/000149315226034110/0001493152-26-034110-index.htm
"Co-Diagnostics, Inc.",CODX,2026-07-21,DEF 14A,new,https://www.sec.gov/Archives/edgar/data/1692415/000149315226034021/0001493152-26-034021-index.htm
"Sunbelt Rentals Holdings, Inc.",SUNB,2026-07-21,DEF 14A,new,https://www.sec.gov/Archives/edgar/data/2083785/000119312526310387/0001193125-26-310387-index.htm
StepStone Group Inc.,STEP,2026-07-21,DEF 14A,new,https://www.sec.gov/Archives/edgar/data/1796022/000119312526310296/0001193125-26-310296-index.htm
AB CarVal Credit Opportunities Fund,,2026-07-21,DEF 14A,new,https://www.sec.gov/Archives/edgar/data/2012326/000119312526309277/0001193125-26-309277-index.htm
Eagle Nuclear Energy Corp.,,2026-07-21,DEF 14A,new,https://www.sec.gov/Archives/edgar/data/2089283/000110465926085239/0001104659-26-085239-index.htm
INTRUSION INC,INTZ,2026-07-20,DEF 14A,new,https://www.sec.gov/Archives/edgar/data/736012/000168316826005636/0001683168-26-005636-index.htm
FutureTech II Acquisition Corp.,,2026-07-20,DEF 14A,new,https://www.sec.gov/Archives/edgar/data/1889450/000149315226033944/0001493152-26-033944-index.htm
Worksport Ltd,WKSP,2026-07-20,DEF 14A,new,https://www.sec.gov/Archives/edgar/data/1096275/000149315226033929/0001493152-26-033929-index.htm
"electroCore, Inc.",ECOR,2026-07-20,DEF 14A,new,https://www.sec.gov/Archives/edgar/data/1560258/000149315226033907/0001493152-26-033907-index.htm
Inflection Point Acquisition Corp. V,,2026-07-20,DEF 14A,new,https://www.sec.gov/Archives/edgar/data/2028355/000121390026079622/0001213900-26-079622-index.htm
Bow River Capital Evergreen Fund,,2026-07-20,DEF 14A,new,https://www.sec.gov/Archives/edgar/data/1810256/000121390026079496/0001213900-26-079496-index.htm
SOUND SHORE FUND INC,,2026-07-20,DEF 14A,new,https://www.sec.gov/Archives/edgar/data/764157/000121390026079450/0001213900-26-079450-index.htm
"VSEE HEALTH, INC.",,2026-07-20,DEF 14A,new,https://www.sec.gov/Archives/edgar/data/1864531/000118518526003024/0001185185-26-003024-index.htm
"Valion Bio, Inc.",VBIO,2026-07-17,DEF 14A,new,https://www.sec.gov/Archives/edgar/data/1787740/000168316826005615/0001683168-26-005615-index.htm
"Glucotrack, Inc.",GCTK,2026-07-17,DEF 14A,new,https://www.sec.gov/Archives/edgar/data/1506983/000149315226033763/0001493152-26-033763-index.htm
"Tempest Therapeutics, Inc.",TPST,2026-07-17,DEF 14A,new,https://www.sec.gov/Archives/edgar/data/1544227/000114036126028823/0001140361-26-028823-index.htm
SilverBox Corp IV,,2026-07-17,DEF 14A,new,https://www.sec.gov/Archives/edgar/data/2015947/000110465926084443/0001104659-26-084443-index.htm
Cartesian Growth Corp II,,2026-07-17,DEF 14A,new,https://www.sec.gov/Archives/edgar/data/1889112/000110465926084417/0001104659-26-084417-index.htm
RIVERVIEW BANCORP INC,RVSB,2026-07-17,DEF 14A,new,https://www.sec.gov/Archives/edgar/data/1041368/000104136826000012/0001041368-26-000012-index.htm
Data Storage Corp,DTST,2026-07-16,DEF 14A,new,https://www.sec.gov/Archives/edgar/data/1419951/000173112226000947/0001731122-26-000947-index.htm
"Indaptus Therapeutics, Inc.",INDP,2026-07-16,DEF 14A,new,https://www.sec.gov/Archives/edgar/data/1857044/000149315226033545/0001493152-26-033545-index.htm
AUGUSTAR VARIABLE INSURANCE PRODUCTS FUND INC,,2026-07-16,DEF 14A,new,https://www.sec.gov/Archives/edgar/data/315754/000139834426012220/0001398344-26-012220-index.htm
Plum Acquisition Corp. III,,2026-07-16,DEF 14A,new,https://www.sec.gov/Archives/edgar/data/1845550/000121390026078798/0001213900-26-078798-index.htm
"OSR Health, Inc.",,2026-07-16,DEF 14A,new,https://www.sec.gov/Archives/edgar/data/1840425/000121390026078706/0001213900-26-078706-index.htm
ACTELIS NETWORKS INC,ASNS,2026-07-16,DEF 14A,new,https://www.sec.gov/Archives/edgar/data/1141284/000121390026078692/0001213900-26-078692-index.htm
AGILYSYS INC,AGYS,2026-07-16,DEF 14A,new,https://www.sec.gov/Archives/edgar/data/78749/000119312526306113/0001193125-26-306113-index.htm
"CSW INDUSTRIALS, INC.",CSW,2026-07-16,DEF 14A,new,https://www.sec.gov/Archives/edgar/data/1624794/000119312526306099/0001193125-26-306099-index.htm
GSI TECHNOLOGY INC,GSIT,2026-07-16,DEF 14A,new,https://www.sec.gov/Archives/edgar/data/1126741/000110465926084241/0001104659-26-084241-index.htm
"Quoin Pharmaceuticals, Ltd.",QNRX,2026-07-16,DEF 14A,new,https://www.sec.gov/Archives/edgar/data/1671502/000110465926084078/0001104659-26-084078-index.htm
"Boot Barn Holdings, Inc.",BOOT,2026-07-16,DEF 14A,new,https://www.sec.gov/Archives/edgar/data/1610250/000110465926084071/0001104659-26-084071-index.htm
BNY MELLON HIGH YIELD STRATEGIES FUND,DHF,2026-07-15,DEF 14A,new,https://www.sec.gov/Archives/edgar/data/1057861/000207184426000812/0002071844-26-000812-index.htm
PEDEVCO CORP,PED,2026-07-15,DEF 14A,new,https://www.sec.gov/Archives/edgar/data/1141197/000165495426006667/0001654954-26-006667-index.htm
"Doximity, Inc.",DOCS,2026-07-15,DEF 14A,new,https://www.sec.gov/Archives/edgar/data/1516513/000151651326000032/0001516513-26-000032-index.htm
"GameSquare Holdings, Inc.",GAME,2026-07-15,DEF 14A,new,https://www.sec.gov/Archives/edgar/data/1714562/000149315226033403/0001493152-26-033403-index.htm
"Under Armour, Inc.",,2026-07-15,DEF 14A,new,https://www.sec.gov/Archives/edgar/data/1336917/000133691726000102/0001336917-26-000102-index.htm
"Stran & Company, Inc.",,2026-07-15,DEF 14A,new,https://www.sec.gov/Archives/edgar/data/1872525/000121390026078345/0001213900-26-078345-index.htm
SemiLEDs Corp,LEDS,2026-07-15,DEF 14A,new,https://www.sec.gov/Archives/edgar/data/1333822/000119312526303981/0001193125-26-303981-index.htm
"NIKE, Inc.",NKE,2026-07-15,DEF 14A,new,https://www.sec.gov/Archives/edgar/data/320187/000032018726000089/0000320187-26-000089-index.htm
LA-Z-BOY INC,LZB,2026-07-15,DEF 14A,new,https://www.sec.gov/Archives/edgar/data/57131/000005713126000024/0000057131-26-000024-index.htm
Powerlaw Corp.,PWRL,2026-07-14,DEF 14A,new,https://www.sec.gov/Archives/edgar/data/2052053/000199937126014947/0001999371-26-014947-index.htm
"CREATIVE MEDICAL TECHNOLOGY HOLDINGS, INC.",CELZ,2026-07-14,DEF 14A,new,https://www.sec.gov/Archives/edgar/data/1187953/000147793226004302/0001477932-26-004302-index.htm
byNordic Acquisition Corp,,2026-07-14,DEF 14A,new,https://www.sec.gov/Archives/edgar/data/1801417/000121390026077705/0001213900-26-077705-index.htm
GRAHAM CORP,GHM,2026-07-14,DEF 14A,new,https://www.sec.gov/Archives/edgar/data/716314/000119312526302521/0001193125-26-302521-index.htm
Nerdy Inc.,NRDY,2026-07-13,DEF 14A,new,https://www.sec.gov/Archives/edgar/data/1819404/000181940426000066/0001819404-26-000066-index.htm
"Digital Turbine, Inc.",APPS,2026-07-13,DEF 14A,new,https://www.sec.gov/Archives/edgar/data/317788/000162828026048037/0001628280-26-048037-index.htm
Sphere 3D Corp.,ANY,2026-07-13,DEF 14A,new,https://www.sec.gov/Archives/edgar/data/1591956/000159195626000017/0001591956-26-000017-index.htm
SharonAI Holdings Inc.,SHAZ,2026-07-13,DEF 14A,new,https://www.sec.gov/Archives/edgar/data/2068385/000149315226032957/0001493152-26-032957-index.htm
FARADAY FUTURE INTELLIGENT ELECTRIC INC.,,2026-07-13,DEF 14A,new,https://www.sec.gov/Archives/edgar/data/1805521/000121390026077547/0001213900-26-077547-index.htm
Weatherford International plc,WFRD,2026-07-13,DEF 14A,new,https://www.sec.gov/Archives/edgar/data/1603923/000119312526302022/0001193125-26-302022-index.htm
RARE ELEMENT RESOURCES LTD,REEMF,2026-07-13,DEF 14A,new,https://www.sec.gov/Archives/edgar/data/1419806/000110465926082976/0001104659-26-082976-index.htm
"Liminatus Pharma, Inc.",,2026-07-13,DEF 14A,new,https://www.sec.gov/Archives/edgar/data/1971387/000110465926082905/0001104659-26-082905-index.htm
"Nexalin Technology, Inc.",NXL,2026-07-10,DEF 14A,new,https://www.sec.gov/Archives/edgar/data/1527352/000182912626007513/0001829126-26-007513-index.htm
"Dynatrace, Inc.",DT,2026-07-10,DEF 14A,new,https://www.sec.gov/Archives/edgar/data/1773383/000177338326000031/0001773383-26-000031-index.htm
"Aardvark Therapeutics, Inc.",AARD,2026-07-10,DEF 14A,new,https://www.sec.gov/Archives/edgar/data/1774857/000119312526300874/0001193125-26-300874-index.htm
Elite Express Holding Inc.,ETS,2026-07-10,DEF 14A,new,https://www.sec.gov/Archives/edgar/data/2053641/000110465926082668/0001104659-26-082668-index.htm
MODINE MANUFACTURING CO,MOD,2026-07-10,DEF 14A,new,https://www.sec.gov/Archives/edgar/data/67347/000110465926082630/0001104659-26-082630-index.htm
LION COPPER & GOLD CORP.,LCGMF,2026-07-10,DEF 14A,new,https://www.sec.gov/Archives/edgar/data/1339688/000106299326003604/0001062993-26-003604-index.htm
AIR T INC,,2026-07-10,DEF 14A,new,https://www.sec.gov/Archives/edgar/data/353184/000035318426000064/0000353184-26-000064-index.htm
INNSUITES HOSPITALITY TRUST,IHT,2026-07-09,DEF 14A,new,https://www.sec.gov/Archives/edgar/data/82473/000149315226032726/0001493152-26-032726-index.htm
"EBR Systems, Inc.",EBRCZ,2026-07-09,DEF 14A,new,https://www.sec.gov/Archives/edgar/data/1347123/000121465926008396/0001214659-26-008396-index.htm
T3 Defense Inc.,,2026-07-09,DEF 14A,new,https://www.sec.gov/Archives/edgar/data/1787518/000121390026076798/0001213900-26-076798-index.htm
"RYTHM, Inc.",RYM,2026-07-09,DEF 14A,new,https://www.sec.gov/Archives/edgar/data/1800637/000121390026076533/0001213900-26-076533-index.htm
"TuHURA Biosciences, Inc./NV",HURA,2026-07-09,DEF 14A,new,https://www.sec.gov/Archives/edgar/data/1498382/000119312526299680/0001193125-26-299680-index.htm
NEW YORK LIFE INVESTMENTS FUNDS TRUST,,2026-07-09,DEF 14A,new,https://www.sec.gov/Archives/edgar/data/1469192/000119312526299269/0001193125-26-299269-index.htm
"FIREFLY NEUROSCIENCE, INC.",AIFF,2026-07-09,DEF 14A,new,https://www.sec.gov/Archives/edgar/data/803578/000114036126028044/0001140361-26-028044-index.htm
"Ascend Wellness Holdings, Inc.",AAWH,2026-07-09,DEF 14A,new,https://www.sec.gov/Archives/edgar/data/1756390/000110465926082309/0001104659-26-082309-index.htm
"e.l.f. Beauty, Inc.",ELF,2026-07-08,DEF 14A,new,https://www.sec.gov/Archives/edgar/data/1600033/000160003326000030/0001600033-26-000030-index.htm
"Aqua Metals, Inc.",AQMS,2026-07-08,DEF 14A,new,https://www.sec.gov/Archives/edgar/data/1621832/000143774926023053/0001437749-26-023053-index.htm
Saba Capital Income & Opportunities Fund II,SABA,2026-07-08,DEF 14A,new,https://www.sec.gov/Archives/edgar/data/828803/000139834426011920/0001398344-26-011920-index.htm
Saba Capital Income & Opportunities Fund,BRW,2026-07-08,DEF 14A,new,https://www.sec.gov/Archives/edgar/data/826020/000139834426011916/0001398344-26-011916-index.htm
Oxford Square Capital Corp.,,2026-07-08,DEF 14A,new,https://www.sec.gov/Archives/edgar/data/1259429/000121390026076403/0001213900-26-076403-index.htm
COLLECTIVE ACQUISITION CORP.,,2026-07-08,DEF 14A,new,https://www.sec.gov/Archives/edgar/data/2041047/000121390026076395/0001213900-26-076395-index.htm
FORUM MARKETS Inc,FRMM,2026-07-08,DEF 14A,new,https://www.sec.gov/Archives/edgar/data/1690080/000121390026076369/0001213900-26-076369-index.htm
"Capstone Energy Plus, Inc.",CGEH,2026-07-08,DEF 14A,new,https://www.sec.gov/Archives/edgar/data/1009759/000114036126027983/0001140361-26-027983-index.htm
PGIM Private Credit Fund,PGIM,2026-07-08,DEF 14A,new,https://www.sec.gov/Archives/edgar/data/1923622/000110465926081718/0001104659-26-081718-index.htm
Lakeshore Acquisition III Corp.,,2026-07-07,DEF 14A,new,https://www.sec.gov/Archives/edgar/data/2049248/000192998026000315/0001929980-26-000315-index.htm
Nextpower Inc.,NXT,2026-07-07,DEF 14A,new,https://www.sec.gov/Archives/edgar/data/1852131/000185213126000038/0001852131-26-000038-index.htm
"RCI HOSPITALITY HOLDINGS, INC.",RICK,2026-07-07,DEF 14A,new,https://www.sec.gov/Archives/edgar/data/935419/000162828026047485/0001628280-26-047485-index.htm
"Nuwellis, Inc.",NUWE,2026-07-07,DEF 14A,new,https://www.sec.gov/Archives/edgar/data/1506492/000153949726001914/0001539497-26-001914-index.htm
"INTERPACE BIOSCIENCES, INC.",IDXG,2026-07-07,DEF 14A,new,https://www.sec.gov/Archives/edgar/data/1054102/000149315226032369/0001493152-26-032369-index.htm
Seneca Foods Corp,,2026-07-07,DEF 14A,new,https://www.sec.gov/Archives/edgar/data/88948/000143774926022933/0001437749-26-022933-index.htm
CO2 Energy Transition Corp.,,2026-07-07,DEF 14A,new,https://www.sec.gov/Archives/edgar/data/1956648/000121390026075994/0001213900-26-075994-index.htm
KEWAUNEE SCIENTIFIC CORP /DE/,KEQU,2026-07-07,DEF 14A,new,https://www.sec.gov/Archives/edgar/data/55529/000114036126027713/0001140361-26-027713-index.htm
Pagaya Technologies Ltd.,,2026-07-06,DEF 14A,new,https://www.sec.gov/Archives/edgar/data/1883085/000188308526000039/0001883085-26-000039-index.htm
NORTHERN MINERALS & EXPLORATION LTD.,NMEX,2026-07-06,DEF 14A,new,https://www.sec.gov/Archives/edgar/data/1415744/000143774926022672/0001437749-26-022672-index.htm
TORTOISE ENERGY INFRASTRUCTURE CORP,TYG,2026-07-06,DEF 14A,new,https://www.sec.gov/Archives/edgar/data/1268533/000139834426011673/0001398344-26-011673-index.htm
Zeo Energy Corp.,,2026-07-06,DEF 14A,new,https://www.sec.gov/Archives/edgar/data/1865506/000121390026075497/0001213900-26-075497-index.htm
TerrAscend Corp.,TSNDF,2026-07-06,DEF 14A,new,https://www.sec.gov/Archives/edgar/data/1778129/000119312526295591/0001193125-26-295591-index.htm
Hudson Acquisition I Corp.,,2026-07-06,DEF 14A,new,https://www.sec.gov/Archives/edgar/data/1853047/000109690626001052/0001096906-26-001052-index.htm
"PYXUS INTERNATIONAL, INC.",PYYX,2026-07-06,DEF 14A,new,https://www.sec.gov/Archives/edgar/data/939930/000093993026000026/0000939930-26-000026-index.htm
MICROCHIP TECHNOLOGY INC,,2026-07-06,DEF 14A,new,https://www.sec.gov/Archives/edgar/data/827054/000082705426000026/0000827054-26-000026-index.htm
CEL SCI CORP,CVM,2026-07-02,DEF 14A,new,https://www.sec.gov/Archives/edgar/data/725363/000165495426006496/0001654954-26-006496-index.htm
"HINES GLOBAL INCOME TRUST, INC.",HGIT,2026-07-02,DEF 14A,new,https://www.sec.gov/Archives/edgar/data/1585101/000162828026046763/0001628280-26-046763-index.htm
"QT IMAGING HOLDINGS, INC.",,2026-07-02,DEF 14A,new,https://www.sec.gov/Archives/edgar/data/1844505/000162828026046700/0001628280-26-046700-index.htm
