company,ticker,issuer_cik,n_persons,n_directors,n_officers,filed_date,doc_url
"CONSUMER PORTFOLIO SERVICES, INC.",CPSS,889609,22,9,13,2026-09-30,https://www.sec.gov/Archives/edgar/data/889609/000168316826007507/cps_idef14a.htm
VIAVI SOLUTIONS INC.,VIAV,912093,21,15,12,2026-10-02,https://www.sec.gov/Archives/edgar/data/912093/000162828026064524/viav-20261002.htm
LAM RESEARCH CORP,LRCX,707549,17,15,7,2026-09-24,https://www.sec.gov/Archives/edgar/data/707549/000070754926000047/lrcx-20260924.htm
"Gold.com, Inc.",GOLD,1591588,16,13,9,2026-10-01,https://www.sec.gov/Archives/edgar/data/1591588/000119312526410500/gold-20261001.htm
ORACLE CORP,,1341439,16,14,14,2026-09-25,https://www.sec.gov/Archives/edgar/data/1341439/000119312526402816/orcl-20260925.htm
FLEX LTD.,FLEX,866374,13,8,9,2026-10-05,https://www.sec.gov/Archives/edgar/data/866374/000119312526413189/d79728ddef14a.htm
H&R BLOCK INC,HRB,12659,13,13,2,2026-09-29,https://www.sec.gov/Archives/edgar/data/12659/000110465926111942/tm2617324-4_def14a.htm
Parker-Hannifin Corp,PH,76334,13,9,5,2026-09-18,https://www.sec.gov/Archives/edgar/data/76334/000130817926000394/ph-20260915.htm
"Kimball Electronics, Inc.",KE,1606757,12,5,10,2026-09-30,https://www.sec.gov/Archives/edgar/data/1606757/000160675726000056/ke-20260930.htm
ESTEE LAUDER COMPANIES INC,EL,1001250,12,12,6,2026-09-30,https://www.sec.gov/Archives/edgar/data/1001250/000110465926112176/tm2623505-1_def14a.htm
ChronoScale Holdings Corp,CHRN,1549084,12,9,7,2026-09-25,https://www.sec.gov/Archives/edgar/data/1549084/000149315226044383/formdef14a.htm
"BRINKER INTERNATIONAL, INC",EAT,703351,12,10,11,2026-09-25,https://www.sec.gov/Archives/edgar/data/703351/000119312526402857/d86754ddef14a.htm
AUTOMATIC DATA PROCESSING INC,ADP,8670,12,4,10,2026-09-24,https://www.sec.gov/Archives/edgar/data/8670/000130817926000409/adp015474-def14a.htm
WESTERN DIGITAL CORP,WDC,106040,11,3,10,2026-10-05,https://www.sec.gov/Archives/edgar/data/106040/000162828026064909/wdc-20261005.htm
JACK HENRY & ASSOCIATES INC,JKHY,779152,11,7,9,2026-10-02,https://www.sec.gov/Archives/edgar/data/779152/000077915226000088/jkhy-20261001.htm
"Winchester Bancorp, Inc./MD/",WSBK,2047235,11,10,7,2026-09-28,https://www.sec.gov/Archives/edgar/data/2047235/000119312526403439/wsbk-20260928.htm
"Super League Enterprise, Inc.",SLE,1621672,11,11,8,2026-09-25,https://www.sec.gov/Archives/edgar/data/1621672/000143774926031210/slgg20260924_def14a.htm
MATRIX SERVICE CO,MTRX,866273,11,5,11,2026-09-23,https://www.sec.gov/Archives/edgar/data/866273/000114036126037426/ny20077601x1_def14a.htm
"MALIBU BOATS, INC.",MBUU,1590976,11,6,7,2026-09-21,https://www.sec.gov/Archives/edgar/data/1590976/000159097626000067/mbuu-20260921.htm
DONALDSON Co INC,DCI,29644,10,8,5,2026-10-06,https://www.sec.gov/Archives/edgar/data/29644/000002964426000115/dci-20261002.htm
LESAKA TECHNOLOGIES INC,LSAK,1041514,10,10,0,2026-10-02,https://www.sec.gov/Archives/edgar/data/1041514/000156276226000119/lsak-2026proxy.htm
CytoDyn Inc.,CYDY,1175680,10,9,9,2026-09-28,https://www.sec.gov/Archives/edgar/data/1175680/000117568026000026/ck0001175680-20260928.htm
CVD EQUIPMENT CORP,CVV,766792,10,8,6,2026-09-25,https://www.sec.gov/Archives/edgar/data/766792/000149315226044302/formdef14a.htm
Texas Pacific Land Corp,TPL,1811074,10,8,5,2026-09-25,https://www.sec.gov/Archives/edgar/data/1811074/000110465926110963/tm264934-6_def14a.htm
ALLIANCE ENTERTAINMENT HOLDING CORP,,1823584,10,6,4,2026-09-24,https://www.sec.gov/Archives/edgar/data/1823584/000149315226044108/formdef14a.htm
"SOUTHERN MISSOURI BANCORP, INC.",SMBC,916907,10,9,5,2026-09-21,https://www.sec.gov/Archives/edgar/data/916907/000110465926109259/smbc-20261026xdef14a.htm
"Intapp, Inc.",INTA,1565687,9,9,2,2026-10-06,https://www.sec.gov/Archives/edgar/data/1565687/000114036126038804/ny20077997x1_def14a.htm
"CRACKER BARREL OLD COUNTRY STORE, INC",CBRL,1067294,9,8,9,2026-10-06,https://www.sec.gov/Archives/edgar/data/1067294/000110465926114062/tm2625024-1_def14a.htm
"SelectQuote, Inc.",SLQT,1794783,9,8,6,2026-09-30,https://www.sec.gov/Archives/edgar/data/1794783/000179478326000065/slqt-20260930.htm
"Electromed, Inc.",ELMD,1488917,9,7,7,2026-09-29,https://www.sec.gov/Archives/edgar/data/1488917/000143774926031465/elmd20260720_def14a.htm
BIOVIE INC.,,1580149,9,6,4,2026-09-28,https://www.sec.gov/Archives/edgar/data/1580149/000152013826000395/bivi-def14a.htm
Applied Digital Corp.,APLD,1144879,9,7,4,2026-09-25,https://www.sec.gov/Archives/edgar/data/1144879/000149315226044325/formdef14a.htm
Lifeward Ltd.,LFWD,1607962,9,6,6,2026-09-25,https://www.sec.gov/Archives/edgar/data/1607962/000117891326004614/zk2636146.htm
GREENE COUNTY BANCORP INC,GCBC,1070524,9,7,5,2026-09-25,https://www.sec.gov/Archives/edgar/data/1070524/000114036126037649/ef20082732_def14a.htm
EXTREME NETWORKS INC,EXTR,1078271,9,8,5,2026-09-18,https://www.sec.gov/Archives/edgar/data/1078271/000119312526395545/extr-20260918.htm
ONCOLYTICS BIOTECH INC,ONCY,1129928,8,4,4,2026-10-06,https://www.sec.gov/Archives/edgar/data/1129928/000112992826000066/oncy-20261002.htm
"DYNARESOURCE, INC.",DYNR,1111741,8,6,4,2026-10-05,https://www.sec.gov/Archives/edgar/data/1111741/000119312526414342/def_14a_-_2026_agm_proxy.htm
"ReposiTrak, Inc.",TRAK,50471,8,6,7,2026-10-02,https://www.sec.gov/Archives/edgar/data/50471/000143774926031870/trak20260917_def14a.htm
"Modular Medical, Inc.",MODD,1074871,8,8,0,2026-10-01,https://www.sec.gov/Archives/edgar/data/1074871/000121390026105495/ea0306587-01.htm
"Lightstone Value Plus REIT IV, Inc.",LTSV,1619312,8,4,7,2026-10-01,https://www.sec.gov/Archives/edgar/data/1619312/000118518526004498/lvvr4def14a092426.htm
"Lightstone Value Plus REIT III, Inc.",,1563756,8,4,8,2026-10-01,https://www.sec.gov/Archives/edgar/data/1563756/000118518526004497/lvvr3def14a092426.htm
"Lightstone Value Plus REIT II, Inc.",,1436975,8,4,8,2026-10-01,https://www.sec.gov/Archives/edgar/data/1436975/000118518526004496/lvpr2def14a092426.htm
"Lightstone Value Plus REIT I, Inc.",,1296884,8,6,7,2026-10-01,https://www.sec.gov/Archives/edgar/data/1296884/000118518526004495/lvvr1def14a092426.htm
"BROADRIDGE FINANCIAL SOLUTIONS, INC.",BR,1383312,8,6,6,2026-09-29,https://www.sec.gov/Archives/edgar/data/1383312/000114036126037937/ny20075597x1_def14a.htm
"PIONEER POWER SOLUTIONS, INC.",PPSI,1449792,8,7,3,2026-09-22,https://www.sec.gov/Archives/edgar/data/1449792/000149315226043622/formdef14a.htm
"AVIAT NETWORKS, INC.",AVNW,1377789,7,6,6,2026-10-02,https://www.sec.gov/Archives/edgar/data/1377789/000162828026064519/avnw-20261002.htm
OFA Group,OFAL,2036307,7,6,4,2026-09-25,https://www.sec.gov/Archives/edgar/data/2036307/000149315226044304/formdef14a.htm
KEY TRONIC CORP,KTCC,719733,7,7,7,2026-09-24,https://www.sec.gov/Archives/edgar/data/719733/000071973326000034/ktcc-20260923.htm
AMERICAN BATTERY TECHNOLOGY Co,ABAT,1576873,7,6,4,2026-09-22,https://www.sec.gov/Archives/edgar/data/1576873/000149315226043609/formdef14a.htm
AVNET INC,AVT,8858,6,6,0,2026-10-06,https://www.sec.gov/Archives/edgar/data/8858/000110465926114038/tm2625052-1_def14a.htm
PRO DEX INC,PDEX,788920,6,6,1,2026-10-06,https://www.sec.gov/Archives/edgar/data/788920/000107997326001325/pdex_def14a.htm
Innovative Eyewear Inc,,1808377,6,4,4,2026-10-05,https://www.sec.gov/Archives/edgar/data/1808377/000182912626010767/innovativeeye_def14a.htm
"Gyrodyne, LLC",GYRO,1589061,6,4,5,2026-10-05,https://www.sec.gov/Archives/edgar/data/1589061/000143774926032011/gyrllc20261001_def14a.htm
Covista Inc.,CVSA,730464,6,6,0,2026-10-02,https://www.sec.gov/Archives/edgar/data/730464/000110465926113316/cvsa-20261111xdef14a.htm
RESMED INC,,943819,6,1,5,2026-10-01,https://www.sec.gov/Archives/edgar/data/943819/000094381926000080/rmd-20261001.htm
ALPHA & OMEGA SEMICONDUCTOR Ltd,AOSL,1387467,6,5,2,2026-09-30,https://www.sec.gov/Archives/edgar/data/1387467/000162828026063962/aosl-20260930.htm
"KBS Real Estate Investment Trust III, Inc.",KBSR,1482430,6,5,4,2026-09-22,https://www.sec.gov/Archives/edgar/data/1482430/000148243026000037/kbsriii-20260922.htm
LANTRONIX INC,LTRX,1114925,6,6,1,2026-09-22,https://www.sec.gov/Archives/edgar/data/1114925/000114036126037329/ny20079716x1_def14a.htm
Lifevantage Corp,LFVN,849146,6,6,1,2026-09-18,https://www.sec.gov/Archives/edgar/data/849146/000119312526395513/lfvn-20260918.htm
FLEXIBLE SOLUTIONS INTERNATIONAL INC,FSI,1069394,5,5,0,2026-10-07,https://www.sec.gov/Archives/edgar/data/1069394/000149315226046034/formdef14a.htm
"Endovia Health Sciences, Inc.",EDVA,1553788,5,4,3,2026-10-05,https://www.sec.gov/Archives/edgar/data/1553788/000173112226001316/e7987_def14a.htm
"Research Solutions, Inc.",RSSS,1386301,5,4,2,2026-10-01,https://www.sec.gov/Archives/edgar/data/1386301/000110465926112513/tm2626550d1_def14a.htm
Amcor plc,,1748790,5,2,4,2026-09-29,https://www.sec.gov/Archives/edgar/data/1748790/000174879026000025/amcr-20260929.htm
"GRI Bio, Inc.",GRI,1824293,5,4,3,2026-09-28,https://www.sec.gov/Archives/edgar/data/1824293/000182429326000060/ck0001824293-20260928.htm
Stablecoin Development Corp,SDEV,1389545,5,1,4,2026-09-28,https://www.sec.gov/Archives/edgar/data/1389545/000143774926031344/sdev20260921_def14a.htm
Planet Green Holdings Corp.,PLAG,1117057,5,5,2,2026-09-28,https://www.sec.gov/Archives/edgar/data/1117057/000121390026104104/ea0304850-03.htm
EXOZYMES INC.,EXOZ,2010788,5,5,2,2026-09-28,https://www.sec.gov/Archives/edgar/data/2010788/000114036126037859/ny20078206x1_def14a.htm
"Tilray Brands, Inc.",TLRY,1731348,5,4,4,2026-09-28,https://www.sec.gov/Archives/edgar/data/1731348/000114036126037827/ny20076749x2_def14a.htm
"KALA BIO, Inc.",KALA,1479419,5,5,1,2026-09-24,https://www.sec.gov/Archives/edgar/data/1479419/000182912626010384/kalabio_def14a.htm
COTY INC.,COTY,1024305,5,3,4,2026-09-24,https://www.sec.gov/Archives/edgar/data/1024305/000102430526000060/coty-20260924.htm
"KUSTOM ENTERTAINMENT, INC.",KUST,1342958,5,5,2,2026-09-22,https://www.sec.gov/Archives/edgar/data/1342958/000149315226043692/formdef14a.htm
"Expion Energy, Inc.",XPON,1894954,5,5,1,2026-09-18,https://www.sec.gov/Archives/edgar/data/1894954/000190359626000356/xpon_sch14a.htm
Lumentum Holdings Inc.,LITE,1633978,4,4,0,2026-10-06,https://www.sec.gov/Archives/edgar/data/1633978/000130817926000420/lite2026-def14a.htm
Meridian Holdings Inc./NV,MRDN,1437925,4,4,1,2026-10-02,https://www.sec.gov/Archives/edgar/data/1437925/000147793226006023/meridian_def14a.htm
XBiotech Inc.,XBIT,1626878,4,4,2,2026-10-02,https://www.sec.gov/Archives/edgar/data/1626878/000117184326006362/xbit20260928_def14a.htm
SYSCO CORP,SYY,96021,4,1,4,2026-10-01,https://www.sec.gov/Archives/edgar/data/96021/000009602126000037/syy-20261001.htm
AIM ImmunoTech Inc.,AIM,946644,4,4,2,2026-09-30,https://www.sec.gov/Archives/edgar/data/946644/000149315226045102/formdef14a.htm
"Prospect Floating Rate & Alternative Income Fund, Inc.",,1521945,4,4,2,2026-09-28,https://www.sec.gov/Archives/edgar/data/1521945/000152194526000099/a2026pfloatdefinitiveproxy.htm
"Rare Earths Americas, Inc.",REA,2095743,4,3,3,2026-09-28,https://www.sec.gov/Archives/edgar/data/2095743/000119312526405295/rea-20260928.htm
"Axos Financial, Inc.",AX,1299709,4,2,2,2026-09-24,https://www.sec.gov/Archives/edgar/data/1299709/000129970926000073/ax-20260924.htm
Flag Ship Acquisition Corp,,1850059,4,4,0,2026-09-23,https://www.sec.gov/Archives/edgar/data/1850059/000182912626010353/flagshipacq_def14a.htm
Invesco Real Estate Income Trust Inc.,,1756761,4,4,1,2026-09-23,https://www.sec.gov/Archives/edgar/data/1756761/000119312526398608/d139199ddef14a.htm
"PROCACCIANTI HOTEL REIT, INC.",PRXA,1692345,4,3,4,2026-09-22,https://www.sec.gov/Archives/edgar/data/1692345/000110465926109561/tm2625738-1_def14a.htm
CARDINAL HEALTH INC,CAH,721371,4,3,3,2026-09-21,https://www.sec.gov/Archives/edgar/data/721371/000130817926000402/cah-20260921.htm
"REGIONAL HEALTH PROPERTIES, INC",,1004724,3,2,3,2026-10-02,https://www.sec.gov/Archives/edgar/data/1004724/000149315226045479/formdef14a.htm
"GULF RESOURCES, INC.",GURE,885462,3,3,2,2026-10-02,https://www.sec.gov/Archives/edgar/data/885462/000149315226045416/formdef14a.htm
Fermi Inc.,FRMI,2071778,3,3,1,2026-10-02,https://www.sec.gov/Archives/edgar/data/2071778/000121390026106378/ea0307100-02.htm
Hyperliquid Strategies Inc,PURR,2078856,3,3,2,2026-10-02,https://www.sec.gov/Archives/edgar/data/2078856/000119312526412569/d290166ddef14a.htm
"Aeluma, Inc.",ALMU,1828805,3,3,1,2026-09-30,https://www.sec.gov/Archives/edgar/data/1828805/000121390026105227/ea0306962-01.htm
SunPower Inc.,,1838987,3,3,3,2026-09-28,https://www.sec.gov/Archives/edgar/data/1838987/000121390026104038/ea0305623-03.htm
reAlpha Tech Corp.,AIRE,1859199,3,3,2,2026-09-25,https://www.sec.gov/Archives/edgar/data/1859199/000121390026103529/ea0305215-03.htm
"Priority Income Fund, Inc.",,1554625,3,3,2,2026-09-22,https://www.sec.gov/Archives/edgar/data/1554625/000155462526000031/a2026prisdefinitiveproxyst.htm
PROSPECT CAPITAL CORP,,1287032,3,3,1,2026-09-22,https://www.sec.gov/Archives/edgar/data/1287032/000128703226000288/a20260922-definitivepsec20.htm
Aldel Financial II Inc.,,2031561,3,3,3,2026-09-21,https://www.sec.gov/Archives/edgar/data/2031561/000110465926109149/tm2624830-4_def14a.htm
"Scienture Holdings, Inc.",SCNX,1382574,3,3,1,2026-09-18,https://www.sec.gov/Archives/edgar/data/1382574/000149315226043340/formdef14a.htm
"Popular High Grade Fixed-Income Fund, Inc.",,1862970,2,2,0,2026-09-24,https://www.sec.gov/Archives/edgar/data/1862970/000121390026102970/ea0306102-01_def14a.htm
"Marygold Companies, Inc.",MGLD,1005101,2,2,2,2026-09-23,https://www.sec.gov/Archives/edgar/data/1005101/000149315226043868/formdef14a.htm
Power REIT,,1532619,2,1,2,2026-09-23,https://www.sec.gov/Archives/edgar/data/1532619/000149315226043850/formdef14a.htm
NEWS CORP,,1564708,2,1,1,2026-09-23,https://www.sec.gov/Archives/edgar/data/1564708/000110465926109969/tm2624691-1_def14a.htm
KLA CORP,KLAC,319201,2,1,2,2026-09-22,https://www.sec.gov/Archives/edgar/data/319201/000119312526397898/d83268ddef14a.htm
Local Bounti Corporation/DE,,1840780,2,2,1,2026-09-21,https://www.sec.gov/Archives/edgar/data/1840780/000114036126037241/ny20081219x2_def14a.htm
"Trade Desk, Inc.",TTD,1671933,2,1,2,2026-09-18,https://www.sec.gov/Archives/edgar/data/1671933/000167193326000102/a2026specialmeetingdefinit.htm
Sandisk Corp,SNDK,2023554,1,1,1,2026-10-06,https://www.sec.gov/Archives/edgar/data/2023554/000130817926000423/sndk-20261005.htm
"MacKenzie Realty Capital, Inc.",MKZR,1550913,1,1,1,2026-10-02,https://www.sec.gov/Archives/edgar/data/1550913/000155091326000036/mrcproxy100826.htm
"GameSquare Holdings, Inc.",GAME,1714562,1,0,1,2026-10-02,https://www.sec.gov/Archives/edgar/data/1714562/000149315226045510/formdef14a.htm
Oaktree Acquisition Corp. III Life Sciences,,2029769,1,1,0,2026-10-02,https://www.sec.gov/Archives/edgar/data/2029769/000119312526412601/d57016ddef14a.htm
Madison ETFs Trust,,1976877,1,0,1,2026-10-01,https://www.sec.gov/Archives/edgar/data/1976877/000175392626001884/g217932_def14a.htm
Texas Ventures Acquisition III Corp,,2033991,1,1,1,2026-09-28,https://www.sec.gov/Archives/edgar/data/2033991/000110465926111418/tm2625539-2_def14a.htm
Karman Line Acquisition Corp.,,2134856,1,1,1,2026-09-25,https://www.sec.gov/Archives/edgar/data/2134856/000182912626010430/karmanlineacq_def14a.htm
"TAPESTRY, INC.",TPR,1116132,1,0,1,2026-09-25,https://www.sec.gov/Archives/edgar/data/1116132/000111613226000024/tpr-20260924.htm
OCULUS INC.,OVTZ,1107280,1,1,1,2026-09-22,https://www.sec.gov/Archives/edgar/data/1107280/000143774926030923/ovtz20260915_def14a.htm
Cyngn Inc.,CYN,1874097,1,1,1,2026-09-21,https://www.sec.gov/Archives/edgar/data/1874097/000121390026101811/ea0305067-02.htm
