n,result,estimate,ci_lo,ci_hi,p,n_months,grade
1,Phase B differential,-0.0008,-0.0106,0.009,0.87,125,CV-proxy
2,Phase C differential,-0.0065,-0.0195,0.0066,0.36,125,CV-proxy
3,Phase D differential,-0.003,-0.0137,0.0078,0.6,125,CV-proxy
4,Phase E1 differential,-0.0028,-0.0115,0.0059,0.53,125,CV-proxy
5,Track B treatment,0.0055,-0.021,0.033,0.69,125,chron./explor.
6,Track B differential,0.0076,-0.004,0.02,0.22,125,chron./explor.
7,Track C joint combined IC,-0.007,-0.03,0.016,0.55,71,chron./explor.
8,Track C conditional-IC beta,-0.015,,,0.2,71,explor.
9,Track C 3-layer cond.-IC,-0.0148,,,0.21,71,explor.
10,Baseline-FF5,0.0106,,,,125,CV-proxy
11,Baseline-RANK,0.0154,,,0.04,125,CV-proxy
13,Track C asymmetric-35,-0.0121,-0.035,0.011,0.31,71,explor.
14,Track C asymmetric-41,-0.0088,-0.034,0.016,0.48,71,explor.
15,Track C confirmatory (climax),-0.0088,-0.034,0.016,0.48,71,CONFIRMATORY
