company,ticker,filing_date,items,doc_url
GENERAL DYNAMICS CORP,GD,2026-10-08,"[""5.02"",""9.01""]",https://www.sec.gov/Archives/edgar/data/40533/000119312526417188/d122892d8k.htm
CHEVRON CORP,CVX,2026-10-05,"[""5.02""]",https://www.sec.gov/Archives/edgar/data/93410/000009341026000188/cvx-20260930.htm
INTERNATIONAL BUSINESS MACHINES CORP,IBM,2026-10-01,"[""5.02"",""5.03"",""9.01""]",https://www.sec.gov/Archives/edgar/data/51143/000005114326000086/ibm-20261001.htm
GENERAL ELECTRIC CO,GE,2026-09-22,"[""5.02"",""8.01"",""9.01""]",https://www.sec.gov/Archives/edgar/data/40545/000004054526000059/ge-20260921.htm
PEPSICO INC,PEP,2026-09-17,"[""5.02""]",https://www.sec.gov/Archives/edgar/data/77476/000007747626000042/pep-20260917.htm
"NIKE, Inc.",NKE,2026-09-16,"[""5.02"",""7.01"",""9.01""]",https://www.sec.gov/Archives/edgar/data/320187/000032018726000170/nke-20260915.htm
RTX Corp,RTX,2026-09-15,"[""5.02"",""9.01""]",https://www.sec.gov/Archives/edgar/data/101829/000114036126036662/ef20082011_8k.htm
"NIKE, Inc.",NKE,2026-09-10,"[""5.02"",""5.07"",""9.01""]",https://www.sec.gov/Archives/edgar/data/320187/000032018726000143/nke-20260908.htm
AMAZON COM INC,AMZN,2026-09-09,"[""5.02""]",https://www.sec.gov/Archives/edgar/data/1018724/000101872426000036/amzn-20260908.htm
ADOBE INC.,ADBE,2026-09-08,"[""5.02"",""7.01"",""9.01""]",https://www.sec.gov/Archives/edgar/data/796343/000079634326000144/adbe-20260902.htm
"Salesforce, Inc.",CRM,2026-09-04,"[""5.02""]",https://www.sec.gov/Archives/edgar/data/1108524/000110852426000197/crm-20260902.htm
Apple Inc.,AAPL,2026-09-01,"[""5.02""]",https://www.sec.gov/Archives/edgar/data/320193/000114036126035325/ef20081427_8ka.htm
"HOME DEPOT, INC.",HD,2026-08-21,"[""5.02""]",https://www.sec.gov/Archives/edgar/data/354950/000035495026000148/hd-20260820.htm
BOEING CO,BA,2026-08-21,"[""5.02""]",https://www.sec.gov/Archives/edgar/data/12927/000162828026058481/ba-20260819.htm
ADVANCED MICRO DEVICES INC,AMD,2026-08-19,"[""5.02"",""9.01""]",https://www.sec.gov/Archives/edgar/data/2488/000000248826000163/amd-20260817.htm
HONEYWELL INTERNATIONAL INC,HON,2026-08-19,"[""5.02"",""7.01"",""9.01""]",https://www.sec.gov/Archives/edgar/data/773840/000077384026000130/hon-20260819.htm
"HOME DEPOT, INC.",HD,2026-08-12,"[""5.02"",""7.01"",""9.01""]",https://www.sec.gov/Archives/edgar/data/354950/000035495026000141/hd-20260811.htm
"NIKE, Inc.",NKE,2026-08-10,"[""5.02""]",https://www.sec.gov/Archives/edgar/data/320187/000032018726000112/nke-20260804.htm
GENERAL DYNAMICS CORP,GD,2026-08-07,"[""5.02"",""9.01""]",https://www.sec.gov/Archives/edgar/data/40533/000119312526340490/d129075d8k.htm
"Salesforce, Inc.",CRM,2026-08-05,"[""5.02""]",https://www.sec.gov/Archives/edgar/data/1108524/000110852426000160/crm-20260805.htm
JOHNSON & JOHNSON,JNJ,2026-08-04,"[""5.02"",""9.01""]",https://www.sec.gov/Archives/edgar/data/200406/000020040626000167/jnj-20260804.htm
MCDONALDS CORP,MCD,2026-08-04,"[""5.02"",""7.01"",""9.01""]",https://www.sec.gov/Archives/edgar/data/63908/000006390826000069/mcd-20260803.htm
NETFLIX INC,NFLX,2026-07-30,"[""5.02""]",https://www.sec.gov/Archives/edgar/data/1065280/000106528026000214/nflx-20260726.htm
PROCTER & GAMBLE Co,PG,2026-07-29,"[""5.02"",""7.01"",""9.01""]",https://www.sec.gov/Archives/edgar/data/80424/000008042426000094/pg-20260729.htm
ADOBE INC.,ADBE,2026-07-17,"[""5.02""]",https://www.sec.gov/Archives/edgar/data/796343/000079634326000120/adbe-20260714.htm
NVIDIA CORP,NVDA,2026-07-02,"[""5.02""]",https://www.sec.gov/Archives/edgar/data/1045810/000104581026000060/nvda-20260628.htm
ADVANCED MICRO DEVICES INC,AMD,2026-07-01,"[""5.02""]",https://www.sec.gov/Archives/edgar/data/2488/000000248826000115/amd-20260626.htm
JPMORGAN CHASE & CO,JPM,2026-06-25,"[""5.02"",""9.01""]",https://www.sec.gov/Archives/edgar/data/19617/000001961726000241/jpm-20260624.htm
COCA COLA CO,KO,2026-06-25,"[""5.02"",""9.01""]",https://www.sec.gov/Archives/edgar/data/21344/000155278126000366/e26287_ko-8k.htm
"NIKE, Inc.",NKE,2026-06-23,"[""2.02"",""5.02"",""7.01"",""9.01""]",https://www.sec.gov/Archives/edgar/data/320187/000032018726000070/nke-20260616.htm
PFIZER INC,PFE,2026-06-18,"[""5.02"",""9.01""]",https://www.sec.gov/Archives/edgar/data/78003/000007800326000085/pfe-20260618.htm
"NIKE, Inc.",NKE,2026-06-18,"[""5.02"",""7.01"",""9.01""]",https://www.sec.gov/Archives/edgar/data/320187/000032018726000068/nke-20260615.htm
HONEYWELL INTERNATIONAL INC,HON,2026-06-15,"[""5.02"",""7.01"",""8.01"",""9.01""]",https://www.sec.gov/Archives/edgar/data/773840/000077384026000080/hon-20260615.htm
Alphabet Inc.,GOOGL,2026-06-11,"[""5.02"",""5.07"",""9.01""]",https://www.sec.gov/Archives/edgar/data/1652044/000119312526267578/d57679d8k.htm
ADOBE INC.,ADBE,2026-06-11,"[""2.02"",""5.02"",""9.01""]",https://www.sec.gov/Archives/edgar/data/796343/000079634326000109/adbe-20260608.htm
GENERAL ELECTRIC CO,GE,2026-06-11,"[""5.02"",""9.01""]",https://www.sec.gov/Archives/edgar/data/40545/000004054526000039/ge-20260608.htm
MICRON TECHNOLOGY INC,MU,2026-06-09,"[""5.02"",""9.01""]",https://www.sec.gov/Archives/edgar/data/723125/000110465926071845/tm2617112d1_8k.htm
MICROSOFT CORP,MSFT,2026-06-05,"[""5.02""]",https://www.sec.gov/Archives/edgar/data/789019/000119312526258667/d26760d8k.htm
Alphabet Inc.,GOOGL,2026-06-05,"[""5.02""]",https://www.sec.gov/Archives/edgar/data/1652044/000165204426000059/goog-20260602.htm
Mastercard Inc,MA,2026-06-02,"[""5.02"",""9.01""]",https://www.sec.gov/Archives/edgar/data/1141391/000114139126000037/ma-20260529.htm
"Salesforce, Inc.",CRM,2026-06-02,"[""5.02""]",https://www.sec.gov/Archives/edgar/data/1108524/000110852426000138/crm-20260527.htm
TEXAS INSTRUMENTS INC,TXN,2026-06-02,"[""5.02""]",https://www.sec.gov/Archives/edgar/data/97476/000095010326008325/dp247795_8k.htm
HONEYWELL INTERNATIONAL INC,HON,2026-06-02,"[""5.02"",""7.01"",""9.01""]",https://www.sec.gov/Archives/edgar/data/773840/000077384026000068/hon-20260601.htm
"Salesforce, Inc.",CRM,2026-06-01,"[""5.02"",""5.07"",""9.01""]",https://www.sec.gov/Archives/edgar/data/1108524/000110852426000131/crm-20260528.htm
DEERE & CO,DE,2026-06-01,"[""5.02""]",https://www.sec.gov/Archives/edgar/data/315189/000110465926068930/de-20260526x8k.htm
CHEVRON CORP,CVX,2026-05-29,"[""5.02""]",https://www.sec.gov/Archives/edgar/data/93410/000009341026000123/cvx-20260527.htm
MICROSOFT CORP,MSFT,2026-05-14,"[""5.02"",""9.01""]",https://www.sec.gov/Archives/edgar/data/789019/000119312526224155/d125909d8k.htm
ORACLE CORP,ORCL,2026-05-12,"[""5.02"",""7.01"",""9.01""]",https://www.sec.gov/Archives/edgar/data/1341439/000119312526219708/d76569d8k.htm
NVIDIA CORP,NVDA,2026-05-08,"[""5.02""]",https://www.sec.gov/Archives/edgar/data/1045810/000104581026000028/nvda-20260507.htm
BERKSHIRE HATHAWAY INC,BRK-B,2026-05-07,"[""2.02"",""5.02"",""5.03"",""5.07"",""9.01""]",https://www.sec.gov/Archives/edgar/data/1067983/000119312526212148/d74313d8k.htm
Mastercard Inc,MA,2026-05-07,"[""5.02"",""9.01""]",https://www.sec.gov/Archives/edgar/data/1141391/000114139126000034/ma-20260505.htm
GENERAL ELECTRIC CO,GE,2026-05-07,"[""5.02"",""5.07""]",https://www.sec.gov/Archives/edgar/data/40545/000004054526000032/ge-20260505.htm
EXXON MOBIL CORP,XOM,2026-05-04,"[""5.02""]",https://www.sec.gov/Archives/edgar/data/34088/000003408826000069/xom-20260428.htm
"CISCO SYSTEMS, INC.",CSCO,2026-05-01,"[""5.02""]",https://www.sec.gov/Archives/edgar/data/858877/000085887726000057/csco-20260427.htm
INTERNATIONAL BUSINESS MACHINES CORP,IBM,2026-05-01,"[""5.02"",""5.03"",""5.07"",""9.01""]",https://www.sec.gov/Archives/edgar/data/51143/000005114326000043/ibm-20260428.htm
DEERE & CO,DE,2026-05-01,"[""5.02"",""7.01"",""9.01""]",https://www.sec.gov/Archives/edgar/data/315189/000110465926053322/de-20260428x8k.htm
