filer,ticker,date,action,shares,price,doc_url
BERKSHIRE HATHAWAY INC,BRK-B,2026-10-02,buy,299,79.74,https://www.sec.gov/Archives/edgar/data/1067983/000119312526414744/0001193125-26-414744-index.htm
COOK TIMOTHY D,AAPL,2026-10-02,sell,39492,332.16,https://www.sec.gov/Archives/edgar/data/1214156/000114036126038674/0001140361-26-038674-index.htm
Ternus John,AAPL,2026-10-02,sell,3754,334.05,https://www.sec.gov/Archives/edgar/data/2148403/000114036126038669/0001140361-26-038669-index.htm
Ternus John,AAPL,2026-10-02,sell,12746,333.34,https://www.sec.gov/Archives/edgar/data/2148403/000114036126038669/0001140361-26-038669-index.htm
Ternus John,AAPL,2026-10-02,sell,5348,332.26,https://www.sec.gov/Archives/edgar/data/2148403/000114036126038669/0001140361-26-038669-index.htm
Ternus John,AAPL,2026-10-02,sell,3564,331.38,https://www.sec.gov/Archives/edgar/data/2148403/000114036126038669/0001140361-26-038669-index.htm
BERKSHIRE HATHAWAY INC,BRK-B,2026-10-02,buy,448113,78.37,https://www.sec.gov/Archives/edgar/data/1067983/000119312526414744/0001193125-26-414744-index.htm
BERKSHIRE HATHAWAY INC,BRK-B,2026-10-02,buy,342553,79.03,https://www.sec.gov/Archives/edgar/data/1067983/000119312526414744/0001193125-26-414744-index.htm
O'BRIEN DEIRDRE,AAPL,2026-10-02,sell,5625,333.91,https://www.sec.gov/Archives/edgar/data/1767094/000114036126038672/0001140361-26-038672-index.htm
O'BRIEN DEIRDRE,AAPL,2026-10-02,sell,40764,333.35,https://www.sec.gov/Archives/edgar/data/1767094/000114036126038672/0001140361-26-038672-index.htm
COOK TIMOTHY D,AAPL,2026-10-02,sell,40879,333.94,https://www.sec.gov/Archives/edgar/data/1214156/000114036126038674/0001140361-26-038674-index.htm
COOK TIMOTHY D,AAPL,2026-10-02,sell,88239,333.26,https://www.sec.gov/Archives/edgar/data/1214156/000114036126038674/0001140361-26-038674-index.htm
COOK TIMOTHY D,AAPL,2026-10-02,sell,23143,331.44,https://www.sec.gov/Archives/edgar/data/1214156/000114036126038674/0001140361-26-038674-index.htm
BERKSHIRE HATHAWAY INC,BRK-B,2026-10-02,buy,842753,80.04,https://www.sec.gov/Archives/edgar/data/1067983/000119312526414744/0001193125-26-414744-index.htm
BERKSHIRE HATHAWAY INC,BRK-B,2026-10-02,buy,44300,81.14,https://www.sec.gov/Archives/edgar/data/1067983/000119312526414744/0001193125-26-414744-index.htm
BERKSHIRE HATHAWAY INC,BRK-B,2026-10-02,buy,20200,81.9,https://www.sec.gov/Archives/edgar/data/1067983/000119312526414744/0001193125-26-414744-index.htm
BERKSHIRE HATHAWAY INC,BRK-B,2026-10-02,buy,2290,77.12,https://www.sec.gov/Archives/edgar/data/1067983/000119312526414744/0001193125-26-414744-index.htm
BERKSHIRE HATHAWAY INC,BRK-B,2026-10-02,buy,2452,77.93,https://www.sec.gov/Archives/edgar/data/1067983/000119312526414744/0001193125-26-414744-index.htm
BERKSHIRE HATHAWAY INC,BRK-B,2026-10-02,buy,5135,78.77,https://www.sec.gov/Archives/edgar/data/1067983/000119312526414744/0001193125-26-414744-index.htm
BERKSHIRE HATHAWAY INC,BRK-B,2026-10-01,buy,3802,78.26,https://www.sec.gov/Archives/edgar/data/1067983/000119312526414744/0001193125-26-414744-index.htm
Bartlett Daniel J,WMT,2026-10-01,sell,3990,104.41,https://www.sec.gov/Archives/edgar/data/1579299/000157929926000026/0001579299-26-000026-index.htm
MCINERNEY RYAN,V,2026-10-01,sell,5875,358.81,https://www.sec.gov/Archives/edgar/data/1578261/000140316126000123/0001403161-26-000123-index.htm
Herrington Douglas J,AMZN,2026-10-01,sell,1000,251.5,https://www.sec.gov/Archives/edgar/data/1936006/000193600626000026/0001936006-26-000026-index.htm
BERKSHIRE HATHAWAY INC,BRK-B,2026-10-01,buy,425869,79.49,https://www.sec.gov/Archives/edgar/data/1067983/000119312526414744/0001193125-26-414744-index.htm
BERKSHIRE HATHAWAY INC,BRK-B,2026-10-01,buy,186991,81.46,https://www.sec.gov/Archives/edgar/data/1067983/000119312526414744/0001193125-26-414744-index.htm
BERKSHIRE HATHAWAY INC,BRK-B,2026-10-01,buy,92830,80.57,https://www.sec.gov/Archives/edgar/data/1067983/000119312526414744/0001193125-26-414744-index.htm
BERKSHIRE HATHAWAY INC,BRK-B,2026-10-01,buy,950,79.51,https://www.sec.gov/Archives/edgar/data/1067983/000119312526414744/0001193125-26-414744-index.htm
BERKSHIRE HATHAWAY INC,BRK-B,2026-10-01,buy,100,80,https://www.sec.gov/Archives/edgar/data/1067983/000119312526414744/0001193125-26-414744-index.htm
BERKSHIRE HATHAWAY INC,BRK-B,2026-09-30,buy,638813,81.59,https://www.sec.gov/Archives/edgar/data/1067983/000119312526409451/0001193125-26-409451-index.htm
BERKSHIRE HATHAWAY INC,BRK-B,2026-09-30,buy,4008,79.98,https://www.sec.gov/Archives/edgar/data/1067983/000119312526409451/0001193125-26-409451-index.htm
ARNOLD FRANCES,GOOGL,2026-09-30,sell,83,340.45,https://www.sec.gov/Archives/edgar/data/1665419/000119312526412669/0001193125-26-412669-index.htm
BERKSHIRE HATHAWAY INC,BRK-B,2026-09-29,buy,12289,81.95,https://www.sec.gov/Archives/edgar/data/1067983/000119312526409451/0001193125-26-409451-index.htm
BERKSHIRE HATHAWAY INC,BRK-B,2026-09-29,buy,100,80,https://www.sec.gov/Archives/edgar/data/1067983/000119312526409451/0001193125-26-409451-index.htm
Newstead Jennifer,AAPL,2026-09-29,sell,2399,336.18,https://www.sec.gov/Archives/edgar/data/1780525/000114036126038307/0001140361-26-038307-index.htm
RUSCKOWSKI STEPHEN H,ORCL,2026-09-29,buy,25000,139.35,https://www.sec.gov/Archives/edgar/data/1142624/000134143926000099/0001341439-26-000099-index.htm
BERKSHIRE HATHAWAY INC,BRK-B,2026-09-28,buy,5200,81.96,https://www.sec.gov/Archives/edgar/data/1067983/000119312526409451/0001193125-26-409451-index.htm
Olivan Javier,META,2026-09-28,sell,946,750.42,https://www.sec.gov/Archives/edgar/data/1564475/000095010326014886/0000950103-26-014886-index.htm
Olivan Javier,META,2026-09-28,sell,57,748.91,https://www.sec.gov/Archives/edgar/data/1564475/000095010326014886/0000950103-26-014886-index.htm
Olivan Javier,META,2026-09-28,sell,82,748.91,https://www.sec.gov/Archives/edgar/data/1564475/000095010326014886/0000950103-26-014886-index.htm
Olivan Javier,META,2026-09-28,sell,408,748.91,https://www.sec.gov/Archives/edgar/data/1564475/000095010326014886/0000950103-26-014886-index.htm
Jain Ajit,BRK-B,2026-09-28,sell,39700,503.09,https://www.sec.gov/Archives/edgar/data/1728451/000172845126000004/0001728451-26-000004-index.htm
BERKSHIRE HATHAWAY INC,BRK-B,2026-09-25,buy,313379,80.9,https://www.sec.gov/Archives/edgar/data/1067983/000119312526403089/0001193125-26-403089-index.htm
BERKSHIRE HATHAWAY INC,BRK-B,2026-09-25,buy,171723,81.6,https://www.sec.gov/Archives/edgar/data/1067983/000119312526403089/0001193125-26-403089-index.htm
BERKSHIRE HATHAWAY INC,BRK-B,2026-09-25,buy,7022,79.53,https://www.sec.gov/Archives/edgar/data/1067983/000119312526403089/0001193125-26-403089-index.htm
BERKSHIRE HATHAWAY INC,BRK-B,2026-09-24,buy,9415,79.42,https://www.sec.gov/Archives/edgar/data/1067983/000119312526403089/0001193125-26-403089-index.htm
BERKSHIRE HATHAWAY INC,BRK-B,2026-09-24,buy,399238,80.58,https://www.sec.gov/Archives/edgar/data/1067983/000119312526403089/0001193125-26-403089-index.htm
BERKSHIRE HATHAWAY INC,BRK-B,2026-09-24,buy,2975,79.91,https://www.sec.gov/Archives/edgar/data/1067983/000119312526403089/0001193125-26-403089-index.htm
Zuckerberg Mark,META,2026-09-24,sell,2093,775.39,https://www.sec.gov/Archives/edgar/data/1548760/000095010326014647/0000950103-26-014647-index.htm
Zuckerberg Mark,META,2026-09-24,sell,2516,776.56,https://www.sec.gov/Archives/edgar/data/1548760/000095010326014647/0000950103-26-014647-index.htm
Zuckerberg Mark,META,2026-09-24,sell,7607,777.63,https://www.sec.gov/Archives/edgar/data/1548760/000095010326014647/0000950103-26-014647-index.htm
Zuckerberg Mark,META,2026-09-24,sell,600,779.33,https://www.sec.gov/Archives/edgar/data/1548760/000095010326014647/0000950103-26-014647-index.htm
Zuckerberg Mark,META,2026-09-24,sell,1133,775.32,https://www.sec.gov/Archives/edgar/data/1548760/000095010326014647/0000950103-26-014647-index.htm
Zuckerberg Mark,META,2026-09-24,sell,1769,776.56,https://www.sec.gov/Archives/edgar/data/1548760/000095010326014647/0000950103-26-014647-index.htm
Zuckerberg Mark,META,2026-09-24,sell,4810,777.66,https://www.sec.gov/Archives/edgar/data/1548760/000095010326014647/0000950103-26-014647-index.htm
Zuckerberg Mark,META,2026-09-24,sell,2146,778.4,https://www.sec.gov/Archives/edgar/data/1548760/000095010326014647/0000950103-26-014647-index.htm
BERKSHIRE HATHAWAY INC,BRK-B,2026-09-24,buy,241692,81.44,https://www.sec.gov/Archives/edgar/data/1067983/000119312526403089/0001193125-26-403089-index.htm
Zuckerberg Mark,META,2026-09-24,sell,4324,778.36,https://www.sec.gov/Archives/edgar/data/1548760/000095010326014647/0000950103-26-014647-index.htm
Zuckerberg Mark,META,2026-09-24,sell,476,779.28,https://www.sec.gov/Archives/edgar/data/1548760/000095010326014647/0000950103-26-014647-index.htm
SAMUELI HENRY,AVGO,2026-09-23,sell,22579,359.44,https://www.sec.gov/Archives/edgar/data/1201633/000110465926110983/0001104659-26-110983-index.htm
SAMUELI HENRY,AVGO,2026-09-23,sell,2162,359.48,https://www.sec.gov/Archives/edgar/data/1201633/000110465926110983/0001104659-26-110983-index.htm
SAMUELI HENRY,AVGO,2026-09-23,sell,397,360.76,https://www.sec.gov/Archives/edgar/data/1201633/000110465926110983/0001104659-26-110983-index.htm
SAMUELI HENRY,AVGO,2026-09-23,sell,512,361.48,https://www.sec.gov/Archives/edgar/data/1201633/000110465926110983/0001104659-26-110983-index.htm
SAMUELI HENRY,AVGO,2026-09-23,sell,186809,354.71,https://www.sec.gov/Archives/edgar/data/1201633/000110465926110983/0001104659-26-110983-index.htm
SAMUELI HENRY,AVGO,2026-09-23,sell,230031,355.5,https://www.sec.gov/Archives/edgar/data/1201633/000110465926110983/0001104659-26-110983-index.htm
SAMUELI HENRY,AVGO,2026-09-23,sell,85221,356.58,https://www.sec.gov/Archives/edgar/data/1201633/000110465926110983/0001104659-26-110983-index.htm
SAMUELI HENRY,AVGO,2026-09-23,sell,50998,357.52,https://www.sec.gov/Archives/edgar/data/1201633/000110465926110983/0001104659-26-110983-index.htm
SAMUELI HENRY,AVGO,2026-09-23,sell,44618,358.42,https://www.sec.gov/Archives/edgar/data/1201633/000110465926110983/0001104659-26-110983-index.htm
SAMUELI HENRY,AVGO,2026-09-23,sell,407,361.18,https://www.sec.gov/Archives/edgar/data/1201633/000110465926110983/0001104659-26-110983-index.htm
SAMUELI HENRY,AVGO,2026-09-23,sell,6959,357.66,https://www.sec.gov/Archives/edgar/data/1201633/000110465926110983/0001104659-26-110983-index.htm
SAMUELI HENRY,AVGO,2026-09-23,sell,11309,361.79,https://www.sec.gov/Archives/edgar/data/1201633/000110465926110983/0001104659-26-110983-index.htm
SAMUELI HENRY,AVGO,2026-09-23,sell,10058,356.59,https://www.sec.gov/Archives/edgar/data/1201633/000110465926110983/0001104659-26-110983-index.htm
SAMUELI HENRY,AVGO,2026-09-23,sell,22946,355.55,https://www.sec.gov/Archives/edgar/data/1201633/000110465926110983/0001104659-26-110983-index.htm
SAMUELI HENRY,AVGO,2026-09-23,sell,22624,354.75,https://www.sec.gov/Archives/edgar/data/1201633/000110465926110983/0001104659-26-110983-index.htm
BERKSHIRE HATHAWAY INC,BRK-B,2026-09-23,buy,1263,79.99,https://www.sec.gov/Archives/edgar/data/1067983/000119312526403089/0001193125-26-403089-index.htm
BERKSHIRE HATHAWAY INC,BRK-B,2026-09-23,buy,532993,81.65,https://www.sec.gov/Archives/edgar/data/1067983/000119312526403089/0001193125-26-403089-index.htm
SAMUELI HENRY,AVGO,2026-09-23,sell,4560,358.47,https://www.sec.gov/Archives/edgar/data/1201633/000110465926110983/0001104659-26-110983-index.htm
Sicilia Michael D.,ORCL,2026-09-22,sell,22562,151.59,https://www.sec.gov/Archives/edgar/data/2071965/000134143926000094/0001341439-26-000094-index.htm
Smith Maria,ORCL,2026-09-22,sell,2631,151.7,https://www.sec.gov/Archives/edgar/data/1957369/000134143926000096/0001341439-26-000096-index.htm
Newstead Jennifer,AAPL,2026-09-22,sell,2399,340.06,https://www.sec.gov/Archives/edgar/data/1780525/000114036126037584/0001140361-26-037584-index.htm
Teter Timothy S.,NVDA,2026-09-21,sell,12483,222.19,https://www.sec.gov/Archives/edgar/data/1696841/000169684126000014/0001696841-26-000014-index.htm
BERKSHIRE HATHAWAY INC,BRK-B,2026-09-21,buy,483809,77.97,https://www.sec.gov/Archives/edgar/data/1067983/000119312526397059/0001193125-26-397059-index.htm
Teter Timothy S.,NVDA,2026-09-21,sell,4499,223.75,https://www.sec.gov/Archives/edgar/data/1696841/000169684126000014/0001696841-26-000014-index.htm
Cox Christopher K,META,2026-09-21,sell,20000,700.5,https://www.sec.gov/Archives/edgar/data/1607459/000095010326014403/0000950103-26-014403-index.htm
Cox Christopher K,META,2026-09-21,sell,20000,725.02,https://www.sec.gov/Archives/edgar/data/1607459/000095010326014403/0000950103-26-014403-index.htm
Olivan Javier,META,2026-09-21,sell,946,680.27,https://www.sec.gov/Archives/edgar/data/1564475/000095010326014402/0000950103-26-014402-index.htm
Olivan Javier,META,2026-09-21,sell,57,680.27,https://www.sec.gov/Archives/edgar/data/1564475/000095010326014402/0000950103-26-014402-index.htm
Olivan Javier,META,2026-09-21,sell,82,680.27,https://www.sec.gov/Archives/edgar/data/1564475/000095010326014402/0000950103-26-014402-index.htm
Olivan Javier,META,2026-09-21,sell,408,680.27,https://www.sec.gov/Archives/edgar/data/1564475/000095010326014402/0000950103-26-014402-index.htm
BERKSHIRE HATHAWAY INC,BRK-B,2026-09-21,buy,18146,76.62,https://www.sec.gov/Archives/edgar/data/1067983/000119312526397059/0001193125-26-397059-index.htm
BERKSHIRE HATHAWAY INC,BRK-B,2026-09-21,buy,4888,75.76,https://www.sec.gov/Archives/edgar/data/1067983/000119312526397059/0001193125-26-397059-index.htm
BERKSHIRE HATHAWAY INC,BRK-B,2026-09-21,buy,160275,77.23,https://www.sec.gov/Archives/edgar/data/1067983/000119312526397059/0001193125-26-397059-index.htm
Teter Timothy S.,NVDA,2026-09-21,sell,13478,223.05,https://www.sec.gov/Archives/edgar/data/1696841/000169684126000014/0001696841-26-000014-index.htm
STEVENS MARK A,NVDA,2026-09-18,sell,10000,220.42,https://www.sec.gov/Archives/edgar/data/1199039/000119903926000016/0001199039-26-000016-index.htm
Kirk David Blair,CRM,2026-09-18,buy,4176,239.33,https://www.sec.gov/Archives/edgar/data/2077892/000110852426000212/0001108524-26-000212-index.htm
STEVENS MARK A,NVDA,2026-09-18,sell,1356000,219.72,https://www.sec.gov/Archives/edgar/data/1199039/000119903926000016/0001199039-26-000016-index.htm
BERKSHIRE HATHAWAY INC,BRK-B,2026-09-18,buy,500,78.38,https://www.sec.gov/Archives/edgar/data/1067983/000119312526397059/0001193125-26-397059-index.htm
BERKSHIRE HATHAWAY INC,BRK-B,2026-09-18,buy,710,76.98,https://www.sec.gov/Archives/edgar/data/1067983/000119312526397059/0001193125-26-397059-index.htm
BERKSHIRE HATHAWAY INC,BRK-B,2026-09-18,buy,390,75.76,https://www.sec.gov/Archives/edgar/data/1067983/000119312526397059/0001193125-26-397059-index.htm
BERKSHIRE HATHAWAY INC,BRK-B,2026-09-18,buy,33122,74.8,https://www.sec.gov/Archives/edgar/data/1067983/000119312526397059/0001193125-26-397059-index.htm
BERKSHIRE HATHAWAY INC,BRK-B,2026-09-18,buy,7900,78.88,https://www.sec.gov/Archives/edgar/data/1067983/000119312526397059/0001193125-26-397059-index.htm
BERKSHIRE HATHAWAY INC,BRK-B,2026-09-18,buy,68760,78.09,https://www.sec.gov/Archives/edgar/data/1067983/000119312526397059/0001193125-26-397059-index.htm
BERKSHIRE HATHAWAY INC,BRK-B,2026-09-18,buy,51586,77.06,https://www.sec.gov/Archives/edgar/data/1067983/000119312526397059/0001193125-26-397059-index.htm
BERKSHIRE HATHAWAY INC,BRK-B,2026-09-18,buy,1218429,76.39,https://www.sec.gov/Archives/edgar/data/1067983/000119312526397059/0001193125-26-397059-index.htm
BERKSHIRE HATHAWAY INC,BRK-B,2026-09-17,buy,267585,78.41,https://www.sec.gov/Archives/edgar/data/1067983/000119312526397059/0001193125-26-397059-index.htm
Kress Colette,NVDA,2026-09-17,sell,4681,218.01,https://www.sec.gov/Archives/edgar/data/1588670/000158867026000014/0001588670-26-000014-index.htm
Kress Colette,NVDA,2026-09-17,sell,9868,219.59,https://www.sec.gov/Archives/edgar/data/1588670/000158867026000014/0001588670-26-000014-index.htm
BERKSHIRE HATHAWAY INC,BRK-B,2026-09-17,buy,8306,77.94,https://www.sec.gov/Archives/edgar/data/1067983/000119312526397059/0001193125-26-397059-index.htm
Nicholas Christopher James,WMT,2026-09-17,sell,1505,106.49,https://www.sec.gov/Archives/edgar/data/1992808/000199280826000027/0001992808-26-000027-index.htm
Nicholas Christopher James,WMT,2026-09-17,sell,1395,106.83,https://www.sec.gov/Archives/edgar/data/1992808/000199280826000027/0001992808-26-000027-index.htm
Furner John R.,WMT,2026-09-17,sell,7080,106.5,https://www.sec.gov/Archives/edgar/data/1696737/000169673726000019/0001696737-26-000019-index.htm
Furner John R.,WMT,2026-09-17,sell,6045,106.84,https://www.sec.gov/Archives/edgar/data/1696737/000169673726000019/0001696737-26-000019-index.htm
Kress Colette,NVDA,2026-09-17,sell,20369,219.02,https://www.sec.gov/Archives/edgar/data/1588670/000158867026000014/0001588670-26-000014-index.htm
BERKSHIRE HATHAWAY INC,BRK-B,2026-09-17,buy,410164,79.41,https://www.sec.gov/Archives/edgar/data/1067983/000119312526397059/0001193125-26-397059-index.htm
BERKSHIRE HATHAWAY INC,BRK-B,2026-09-17,buy,8959,76.96,https://www.sec.gov/Archives/edgar/data/1067983/000119312526397059/0001193125-26-397059-index.htm
Sicilia Michael D.,ORCL,2026-09-16,sell,10882,139.94,https://www.sec.gov/Archives/edgar/data/2071965/000134143926000083/0001341439-26-000083-index.htm
Norrod Forrest Eugene,AMD,2026-09-15,sell,100,498.98,https://www.sec.gov/Archives/edgar/data/1622864/000000248826000180/0000002488-26-000180-index.htm
Norrod Forrest Eugene,AMD,2026-09-15,sell,726,505.9,https://www.sec.gov/Archives/edgar/data/1622864/000000248826000180/0000002488-26-000180-index.htm
Norrod Forrest Eugene,AMD,2026-09-15,sell,1655,501.7,https://www.sec.gov/Archives/edgar/data/1622864/000000248826000180/0000002488-26-000180-index.htm
Norrod Forrest Eugene,AMD,2026-09-15,sell,1017,500.67,https://www.sec.gov/Archives/edgar/data/1622864/000000248826000180/0000002488-26-000180-index.htm
Norrod Forrest Eugene,AMD,2026-09-15,sell,2225,505.12,https://www.sec.gov/Archives/edgar/data/1622864/000000248826000180/0000002488-26-000180-index.htm
Norrod Forrest Eugene,AMD,2026-09-15,sell,757,498.3,https://www.sec.gov/Archives/edgar/data/1622864/000000248826000180/0000002488-26-000180-index.htm
Cox Christopher K,META,2026-09-15,sell,20000,675.23,https://www.sec.gov/Archives/edgar/data/1607459/000095010326014140/0000950103-26-014140-index.htm
Newstead Jennifer,AAPL,2026-09-15,sell,1438,330.19,https://www.sec.gov/Archives/edgar/data/1780525/000114036126037020/0001140361-26-037020-index.htm
Norrod Forrest Eugene,AMD,2026-09-15,sell,299,506.88,https://www.sec.gov/Archives/edgar/data/1622864/000000248826000180/0000002488-26-000180-index.htm
Norrod Forrest Eugene,AMD,2026-09-15,sell,5878,502.45,https://www.sec.gov/Archives/edgar/data/1622864/000000248826000180/0000002488-26-000180-index.htm
Norrod Forrest Eugene,AMD,2026-09-15,sell,4604,504,https://www.sec.gov/Archives/edgar/data/1622864/000000248826000180/0000002488-26-000180-index.htm
Olivan Javier,META,2026-09-14,sell,57,657.73,https://www.sec.gov/Archives/edgar/data/1564475/000095010326014061/0000950103-26-014061-index.htm
Hood Amy,MSFT,2026-09-14,sell,9821,497.78,https://www.sec.gov/Archives/edgar/data/1576843/000078901926000212/0000789019-26-000212-index.htm
Hood Amy,MSFT,2026-09-14,sell,8834,500.11,https://www.sec.gov/Archives/edgar/data/1576843/000078901926000212/0000789019-26-000212-index.htm
Hood Amy,MSFT,2026-09-14,sell,3942,500.78,https://www.sec.gov/Archives/edgar/data/1576843/000078901926000212/0000789019-26-000212-index.htm
Olivan Javier,META,2026-09-14,sell,946,657.73,https://www.sec.gov/Archives/edgar/data/1564475/000095010326014061/0000950103-26-014061-index.htm
Hood Amy,MSFT,2026-09-14,sell,10433,496.91,https://www.sec.gov/Archives/edgar/data/1576843/000078901926000212/0000789019-26-000212-index.htm
Olivan Javier,META,2026-09-14,sell,82,657.73,https://www.sec.gov/Archives/edgar/data/1564475/000095010326014061/0000950103-26-014061-index.htm
Olivan Javier,META,2026-09-14,sell,408,657.73,https://www.sec.gov/Archives/edgar/data/1564475/000095010326014061/0000950103-26-014061-index.htm
Hood Amy,MSFT,2026-09-14,sell,4339,495.97,https://www.sec.gov/Archives/edgar/data/1576843/000078901926000212/0000789019-26-000212-index.htm
Tuszik Oliver,CSCO,2026-09-14,sell,680,110.18,https://www.sec.gov/Archives/edgar/data/2066411/000085887726000138/0000858877-26-000138-index.htm
Subaiya Thimaya K.,CSCO,2026-09-14,sell,312,110.18,https://www.sec.gov/Archives/edgar/data/2015287/000201528726000020/0002015287-26-000020-index.htm
Hood Amy,MSFT,2026-09-14,sell,4305,498.88,https://www.sec.gov/Archives/edgar/data/1576843/000078901926000212/0000789019-26-000212-index.htm
Patterson Mark,CSCO,2026-09-11,sell,1795,108.87,https://www.sec.gov/Archives/edgar/data/2080779/000085887726000137/0000858877-26-000137-index.htm
Su Lisa T,AMD,2026-09-10,sell,3288,507.75,https://www.sec.gov/Archives/edgar/data/1405109/000000248826000178/0000002488-26-000178-index.htm
Su Lisa T,AMD,2026-09-10,sell,2106,503.72,https://www.sec.gov/Archives/edgar/data/1405109/000000248826000178/0000002488-26-000178-index.htm
Su Lisa T,AMD,2026-09-10,sell,8343,509.71,https://www.sec.gov/Archives/edgar/data/1405109/000000248826000178/0000002488-26-000178-index.htm
Su Lisa T,AMD,2026-09-10,sell,2100,510.74,https://www.sec.gov/Archives/edgar/data/1405109/000000248826000178/0000002488-26-000178-index.htm
Su Lisa T,AMD,2026-09-10,sell,300,511.39,https://www.sec.gov/Archives/edgar/data/1405109/000000248826000178/0000002488-26-000178-index.htm
Su Lisa T,AMD,2026-09-10,sell,200,512.47,https://www.sec.gov/Archives/edgar/data/1405109/000000248826000178/0000002488-26-000178-index.htm
Su Lisa T,AMD,2026-09-10,sell,400,514.05,https://www.sec.gov/Archives/edgar/data/1405109/000000248826000178/0000002488-26-000178-index.htm
Su Lisa T,AMD,2026-09-10,sell,100,515.55,https://www.sec.gov/Archives/edgar/data/1405109/000000248826000178/0000002488-26-000178-index.htm
Su Lisa T,AMD,2026-09-10,sell,200,513.72,https://www.sec.gov/Archives/edgar/data/1405109/000000248826000178/0000002488-26-000178-index.htm
Su Lisa T,AMD,2026-09-10,sell,2106,508.9,https://www.sec.gov/Archives/edgar/data/1405109/000000248826000178/0000002488-26-000178-index.htm
Su Lisa T,AMD,2026-09-10,sell,100,512.59,https://www.sec.gov/Archives/edgar/data/1405109/000000248826000178/0000002488-26-000178-index.htm
Su Lisa T,AMD,2026-09-10,sell,4600,504.76,https://www.sec.gov/Archives/edgar/data/1405109/000000248826000178/0000002488-26-000178-index.htm
Su Lisa T,AMD,2026-09-10,sell,4400,505.57,https://www.sec.gov/Archives/edgar/data/1405109/000000248826000178/0000002488-26-000178-index.htm
Su Lisa T,AMD,2026-09-10,sell,500,510.94,https://www.sec.gov/Archives/edgar/data/1405109/000000248826000178/0000002488-26-000178-index.htm
Su Lisa T,AMD,2026-09-10,sell,4200,506.6,https://www.sec.gov/Archives/edgar/data/1405109/000000248826000178/0000002488-26-000178-index.htm
Su Lisa T,AMD,2026-09-10,sell,10524,506.62,https://www.sec.gov/Archives/edgar/data/1405109/000000248826000178/0000002488-26-000178-index.htm
Su Lisa T,AMD,2026-09-10,sell,3500,509.74,https://www.sec.gov/Archives/edgar/data/1405109/000000248826000178/0000002488-26-000178-index.htm
Su Lisa T,AMD,2026-09-10,sell,8070,507.71,https://www.sec.gov/Archives/edgar/data/1405109/000000248826000178/0000002488-26-000178-index.htm
Scardino Kimberly R,HD,2026-09-10,sell,675,305.95,https://www.sec.gov/Archives/edgar/data/1650122/000035495026000165/0000354950-26-000165-index.htm
Su Lisa T,AMD,2026-09-10,sell,12982,505.63,https://www.sec.gov/Archives/edgar/data/1405109/000000248826000178/0000002488-26-000178-index.htm
BARTON RICHARD N,NFLX,2026-09-10,sell,720,75.27,https://www.sec.gov/Archives/edgar/data/1184230/000106528026000271/0001065280-26-000271-index.htm
Leopold Robin,JPM,2026-09-10,sell,2500,352.81,https://www.sec.gov/Archives/edgar/data/1726825/000122520826007727/0001225208-26-007727-index.htm
Su Lisa T,AMD,2026-09-10,sell,5896,503.74,https://www.sec.gov/Archives/edgar/data/1405109/000000248826000178/0000002488-26-000178-index.htm
Su Lisa T,AMD,2026-09-10,sell,13123,504.75,https://www.sec.gov/Archives/edgar/data/1405109/000000248826000178/0000002488-26-000178-index.htm
Su Lisa T,AMD,2026-09-10,sell,7962,508.78,https://www.sec.gov/Archives/edgar/data/1405109/000000248826000178/0000002488-26-000178-index.htm
Cox Christopher K,META,2026-09-09,sell,18578,650.21,https://www.sec.gov/Archives/edgar/data/1607459/000095010326013860/0000950103-26-013860-index.htm
Cox Christopher K,META,2026-09-09,sell,1422,651.15,https://www.sec.gov/Archives/edgar/data/1607459/000095010326013860/0000950103-26-013860-index.htm
ROTTENBERG JULIE B,V,2026-09-09,sell,1867,368.34,https://www.sec.gov/Archives/edgar/data/1887192/000140316126000118/0001403161-26-000118-index.htm
BARTON RICHARD N,NFLX,2026-09-09,sell,720,76.26,https://www.sec.gov/Archives/edgar/data/1184230/000106528026000271/0001065280-26-000271-index.htm
Olivan Javier,META,2026-09-08,sell,52,620.27,https://www.sec.gov/Archives/edgar/data/1564475/000095010326013794/0000950103-26-013794-index.htm
Olivan Javier,META,2026-09-08,sell,157,619.11,https://www.sec.gov/Archives/edgar/data/1564475/000095010326013794/0000950103-26-013794-index.htm
Olivan Javier,META,2026-09-08,sell,304,618,https://www.sec.gov/Archives/edgar/data/1564475/000095010326013794/0000950103-26-013794-index.htm
Olivan Javier,META,2026-09-08,sell,473,616.79,https://www.sec.gov/Archives/edgar/data/1564475/000095010326013794/0000950103-26-013794-index.htm
Olivan Javier,META,2026-09-08,sell,354,615.88,https://www.sec.gov/Archives/edgar/data/1564475/000095010326013794/0000950103-26-013794-index.htm
Olivan Javier,META,2026-09-08,sell,200,614.49,https://www.sec.gov/Archives/edgar/data/1564475/000095010326013794/0000950103-26-013794-index.htm
Olivan Javier,META,2026-09-08,sell,40,613.3,https://www.sec.gov/Archives/edgar/data/1564475/000095010326013794/0000950103-26-013794-index.htm
Olivan Javier,META,2026-09-08,sell,529,618.18,https://www.sec.gov/Archives/edgar/data/1564475/000095010326013794/0000950103-26-013794-index.htm
Olivan Javier,META,2026-09-08,sell,328,616.06,https://www.sec.gov/Archives/edgar/data/1564475/000095010326013794/0000950103-26-013794-index.htm
Olivan Javier,META,2026-09-08,sell,262,615.23,https://www.sec.gov/Archives/edgar/data/1564475/000095010326013794/0000950103-26-013794-index.htm
Fink Nichlas A,CSCO,2026-09-08,sell,2274,109.36,https://www.sec.gov/Archives/edgar/data/1595737/000085887726000134/0000858877-26-000134-index.htm
Taneja Vaibhav,TSLA,2026-09-08,sell,2605,360.13,https://www.sec.gov/Archives/edgar/data/1771340/000110465926106432/0001104659-26-106432-index.htm
BARTON RICHARD N,NFLX,2026-09-08,sell,720,77.6,https://www.sec.gov/Archives/edgar/data/1184230/000106528026000269/0001065280-26-000269-index.htm
Newstead Jennifer,AAPL,2026-09-08,sell,1438,317.23,https://www.sec.gov/Archives/edgar/data/1780525/000114036126036226/0001140361-26-036226-index.htm
Olivan Javier,META,2026-09-08,sell,228,616.06,https://www.sec.gov/Archives/edgar/data/1564475/000095010326013794/0000950103-26-013794-index.htm
Olivan Javier,META,2026-09-08,sell,117,614.22,https://www.sec.gov/Archives/edgar/data/1564475/000095010326013794/0000950103-26-013794-index.htm
Olivan Javier,META,2026-09-08,sell,258,612.99,https://www.sec.gov/Archives/edgar/data/1564475/000095010326013794/0000950103-26-013794-index.htm
Olivan Javier,META,2026-09-08,sell,855,616.32,https://www.sec.gov/Archives/edgar/data/1564475/000095010326013794/0000950103-26-013794-index.htm
Olivan Javier,META,2026-09-08,sell,555,617.28,https://www.sec.gov/Archives/edgar/data/1564475/000095010326013794/0000950103-26-013794-index.htm
Olivan Javier,META,2026-09-08,sell,120,618.93,https://www.sec.gov/Archives/edgar/data/1564475/000095010326013794/0000950103-26-013794-index.htm
Olivan Javier,META,2026-09-08,sell,78,620.37,https://www.sec.gov/Archives/edgar/data/1564475/000095010326013794/0000950103-26-013794-index.htm
Olivan Javier,META,2026-09-08,sell,40,621.03,https://www.sec.gov/Archives/edgar/data/1564475/000095010326013794/0000950103-26-013794-index.htm
Olivan Javier,META,2026-09-08,sell,24,622.99,https://www.sec.gov/Archives/edgar/data/1564475/000095010326013794/0000950103-26-013794-index.htm
Olivan Javier,META,2026-09-08,sell,52,612.21,https://www.sec.gov/Archives/edgar/data/1564475/000095010326013794/0000950103-26-013794-index.htm
Conway Craig,CRM,2026-09-04,sell,1418,260.5,https://www.sec.gov/Archives/edgar/data/1340922/000110852426000199/0001108524-26-000199-index.htm
Conway Craig,CRM,2026-09-04,sell,3082,260.66,https://www.sec.gov/Archives/edgar/data/1340922/000110852426000199/0001108524-26-000199-index.htm
STEVENS MARK A,NVDA,2026-09-04,sell,197180,230.4,https://www.sec.gov/Archives/edgar/data/1199039/000119903926000014/0001199039-26-000014-index.htm
STEVENS MARK A,NVDA,2026-09-04,sell,237820,231.17,https://www.sec.gov/Archives/edgar/data/1199039/000119903926000014/0001199039-26-000014-index.htm
STEVENS MARK A,NVDA,2026-09-04,sell,182628,233.46,https://www.sec.gov/Archives/edgar/data/1199039/000119903926000014/0001199039-26-000014-index.htm
STEVENS MARK A,NVDA,2026-09-04,sell,4611,234,https://www.sec.gov/Archives/edgar/data/1199039/000119903926000014/0001199039-26-000014-index.htm
STEVENS MARK A,NVDA,2026-09-03,sell,200000,229.87,https://www.sec.gov/Archives/edgar/data/1199039/000119903926000014/0001199039-26-000014-index.htm
STEVENS MARK A,NVDA,2026-09-03,sell,1293,228.27,https://www.sec.gov/Archives/edgar/data/1199039/000119903926000014/0001199039-26-000014-index.htm
