ticker,company,filing_date,form,items,category,doc_url
CVX,CHEVRON CORP,2026-10-05,8-K,"[""5.02""]",officer_changes,https://www.sec.gov/Archives/edgar/data/93410/000009341026000188/cvx-20260930.htm
TSLA,"Tesla, Inc.",2026-10-02,8-K,"[""2.02"",""9.01""]",results,https://www.sec.gov/Archives/edgar/data/1318605/000162828026064366/tsla-20261002.htm
IBM,INTERNATIONAL BUSINESS MACHINES CORP,2026-10-01,8-K,"[""5.02"",""5.03"",""9.01""]",officer_changes,https://www.sec.gov/Archives/edgar/data/51143/000005114326000086/ibm-20261001.htm
NKE,"NIKE, Inc.",2026-10-01,8-K,"[""2.02"",""2.05"",""9.01""]",exit_costs,https://www.sec.gov/Archives/edgar/data/320187/000032018726000184/nke-20261001.htm
MU,MICRON TECHNOLOGY INC,2026-09-30,8-K,"[""2.02"",""9.01""]",results,https://www.sec.gov/Archives/edgar/data/723125/000072312526000018/mu-20260930.htm
TSLA,"Tesla, Inc.",2026-09-29,8-K,"[""1.01"",""1.02"",""2.03"",""9.01""]",agreement_termination,https://www.sec.gov/Archives/edgar/data/1318605/000162828026063820/tsla-20260929.htm
AMD,ADVANCED MICRO DEVICES INC,2026-09-28,8-K,"[""3.02""]",other,https://www.sec.gov/Archives/edgar/data/2488/000000248826000182/amd-20260926.htm
XOM,ExxonMobil Holdings Corp,2026-09-25,8-K,"[""8.01"",""9.01""]",other_events,https://www.sec.gov/Archives/edgar/data/2115436/000119312526402986/d15072d8k.htm
COST,COSTCO WHOLESALE CORP /NEW,2026-09-24,8-K,"[""2.02"",""9.01""]",results,https://www.sec.gov/Archives/edgar/data/909832/000090983226000084/cost-20260924.htm
V,VISA INC.,2026-09-23,8-K,"[""8.01""]",other_events,https://www.sec.gov/Archives/edgar/data/1403161/000140316126000121/v-20260918.htm
MCD,MCDONALDS CORP,2026-09-23,8-K,"[""7.01"",""9.01""]",reg_fd,https://www.sec.gov/Archives/edgar/data/63908/000006390826000076/mcd-20260923.htm
GE,GENERAL ELECTRIC CO,2026-09-22,8-K,"[""5.02"",""8.01"",""9.01""]",officer_changes,https://www.sec.gov/Archives/edgar/data/40545/000004054526000059/ge-20260921.htm
CRM,"Salesforce, Inc.",2026-09-17,8-K,"[""7.01"",""9.01""]",reg_fd,https://www.sec.gov/Archives/edgar/data/1108524/000110852426000210/crm-20260916.htm
TXN,TEXAS INSTRUMENTS INC,2026-09-17,8-K,"[""7.01"",""9.01""]",reg_fd,https://www.sec.gov/Archives/edgar/data/97476/000095010326014118/dp253473_8k.htm
PEP,PEPSICO INC,2026-09-17,8-K,"[""5.02""]",officer_changes,https://www.sec.gov/Archives/edgar/data/77476/000007747626000042/pep-20260917.htm
NKE,"NIKE, Inc.",2026-09-16,8-K,"[""5.02"",""7.01"",""9.01""]",officer_changes,https://www.sec.gov/Archives/edgar/data/320187/000032018726000170/nke-20260915.htm
RTX,RTX Corp,2026-09-15,8-K,"[""5.02"",""9.01""]",officer_changes,https://www.sec.gov/Archives/edgar/data/101829/000114036126036662/ef20082011_8k.htm
AXP,AMERICAN EXPRESS CO,2026-09-15,8-K,[],unclassified,https://www.sec.gov/Archives/edgar/data/4962/000000496226000353/axp-20260915.htm
AMZN,AMAZON COM INC,2026-09-14,8-K,"[""8.01"",""9.01""]",other_events,https://www.sec.gov/Archives/edgar/data/1018724/000110465926107526/tm2624614d5_8k.htm
ORCL,ORACLE CORP,2026-09-14,8-K,"[""8.01"",""9.01""]",other_events,https://www.sec.gov/Archives/edgar/data/1341439/000119312526389753/d20034d8k.htm
ORCL,ORACLE CORP,2026-09-10,8-K,"[""2.02"",""8.01"",""9.01""]",results,https://www.sec.gov/Archives/edgar/data/1341439/000119312526387905/orcl-20260910.htm
ADBE,ADOBE INC.,2026-09-10,8-K,"[""2.02"",""9.01""]",results,https://www.sec.gov/Archives/edgar/data/796343/000079634326000147/adbe-20260910.htm
NKE,"NIKE, Inc.",2026-09-10,8-K,"[""5.02"",""5.07"",""9.01""]",officer_changes,https://www.sec.gov/Archives/edgar/data/320187/000032018726000143/nke-20260908.htm
DD,"DuPont de Nemours, Inc.",2026-09-10,8-K,"[""1.01"",""7.01"",""9.01""]",major_agreement,https://www.sec.gov/Archives/edgar/data/1666700/000166670026000055/dd-20260909.htm
AMZN,AMAZON COM INC,2026-09-09,8-K,"[""5.02""]",officer_changes,https://www.sec.gov/Archives/edgar/data/1018724/000101872426000036/amzn-20260908.htm
UNH,UNITEDHEALTH GROUP INC,2026-09-08,8-K,"[""7.01""]",reg_fd,https://www.sec.gov/Archives/edgar/data/731766/000073176626000205/unh-20260908.htm
QCOM,QUALCOMM INC/DE,2026-09-08,8-K,"[""3.02""]",other,https://www.sec.gov/Archives/edgar/data/804328/000110465926105718/tm2623289d1_8k.htm
ADBE,ADOBE INC.,2026-09-08,8-K,"[""5.02"",""7.01"",""9.01""]",officer_changes,https://www.sec.gov/Archives/edgar/data/796343/000079634326000144/adbe-20260902.htm
GE,GENERAL ELECTRIC CO,2026-09-08,8-K,"[""7.01"",""8.01"",""9.01""]",reg_fd,https://www.sec.gov/Archives/edgar/data/40545/000095014226002501/eh260827362_8k.htm
CRM,"Salesforce, Inc.",2026-09-04,8-K,"[""5.02""]",officer_changes,https://www.sec.gov/Archives/edgar/data/1108524/000110852426000197/crm-20260902.htm
NVDA,NVIDIA CORP,2026-09-03,8-K,"[""8.01"",""9.01""]",other_events,https://www.sec.gov/Archives/edgar/data/1045810/000104581026000078/nvda-20260902.htm
MSFT,MICROSOFT CORP,2026-09-02,8-K,"[""7.01"",""9.01""]",reg_fd,https://www.sec.gov/Archives/edgar/data/789019/000119312526380280/d291965d8k.htm
AVGO,Broadcom Inc.,2026-09-02,8-K,"[""2.02"",""8.01"",""9.01""]",results,https://www.sec.gov/Archives/edgar/data/1730168/000173016826000076/avgo-20260902.htm
AAPL,Apple Inc.,2026-09-01,8-K/A,"[""5.02""]",officer_changes,https://www.sec.gov/Archives/edgar/data/320193/000114036126035325/ef20081427_8ka.htm
CAT,CATERPILLAR INC,2026-09-01,8-K,"[""1.01"",""2.03"",""9.01""]",financial_obligation,https://www.sec.gov/Archives/edgar/data/18230/000110465926104197/tm2624321d1_8k.htm
XOM,ExxonMobil Holdings Corp,2026-08-28,8-K,"[""8.01"",""9.01""]",other_events,https://www.sec.gov/Archives/edgar/data/2115436/000119312526373026/d82162d8k.htm
BA,BOEING CO,2026-08-28,8-K,"[""1.01"",""2.03"",""9.01""]",financial_obligation,https://www.sec.gov/Archives/edgar/data/12927/000162828026059427/ba-20260824.htm
LMT,LOCKHEED MARTIN CORP,2026-08-28,8-K,"[""1.01"",""9.01""]",major_agreement,https://www.sec.gov/Archives/edgar/data/936468/000119312526371750/d177255d8k.htm
NVDA,NVIDIA CORP,2026-08-26,8-K,[],unclassified,
CRM,"Salesforce, Inc.",2026-08-26,8-K,[],unclassified,
MU,MICRON TECHNOLOGY INC,2026-08-26,8-K,[],unclassified,
HD,"HOME DEPOT, INC.",2026-08-21,8-K,"[""5.02""]",officer_changes,https://www.sec.gov/Archives/edgar/data/354950/000035495026000148/hd-20260820.htm
BA,BOEING CO,2026-08-21,8-K,"[""5.02""]",officer_changes,https://www.sec.gov/Archives/edgar/data/12927/000162828026058481/ba-20260819.htm
WMT,Walmart Inc.,2026-08-20,8-K,"[""2.02"",""9.01""]",results,https://www.sec.gov/Archives/edgar/data/104169/000010416926000145/wmt-20260820.htm
DE,DEERE & CO,2026-08-20,8-K,"[""2.02"",""7.01"",""9.01""]",results,https://www.sec.gov/Archives/edgar/data/315189/000110465926098904/de-20260820x8k.htm
AMD,ADVANCED MICRO DEVICES INC,2026-08-19,8-K,"[""5.02"",""9.01""]",officer_changes,https://www.sec.gov/Archives/edgar/data/2488/000000248826000163/amd-20260817.htm
HON,HONEYWELL INTERNATIONAL INC,2026-08-19,8-K,"[""5.02"",""7.01"",""9.01""]",officer_changes,https://www.sec.gov/Archives/edgar/data/773840/000077384026000130/hon-20260819.htm
HD,"HOME DEPOT, INC.",2026-08-18,8-K,"[""2.02"",""9.01""]",results,https://www.sec.gov/Archives/edgar/data/354950/000035495026000145/hd-20260818.htm
NVDA,NVIDIA CORP,2026-08-17,8-K,"[""1.01"",""2.03"",""7.01"",""9.01""]",financial_obligation,https://www.sec.gov/Archives/edgar/data/1045810/000104581026000069/nvda-20260817.htm
AMD,ADVANCED MICRO DEVICES INC,2026-08-17,8-K,"[""1.01"",""2.03"",""9.01""]",financial_obligation,https://www.sec.gov/Archives/edgar/data/2488/000119312526354029/d142696d8k.htm
AXP,AMERICAN EXPRESS CO,2026-08-17,8-K,[],unclassified,https://www.sec.gov/Archives/edgar/data/4962/000000496226000345/axp-20260817.htm
IBM,INTERNATIONAL BUSINESS MACHINES CORP,2026-08-14,8-K,"[""9.01""]",exhibits,https://www.sec.gov/Archives/edgar/data/51143/000110465926097089/tm2623193d1_8k.htm
HD,"HOME DEPOT, INC.",2026-08-12,8-K,"[""5.02"",""7.01"",""9.01""]",officer_changes,https://www.sec.gov/Archives/edgar/data/354950/000035495026000141/hd-20260811.htm
CSCO,"CISCO SYSTEMS, INC.",2026-08-12,8-K,"[""2.02"",""9.01""]",results,https://www.sec.gov/Archives/edgar/data/858877/000085887726000106/csco-20260812.htm
INTC,INTEL CORP,2026-08-12,8-K,"[""7.01"",""8.01"",""9.01""]",reg_fd,https://www.sec.gov/Archives/edgar/data/50863/000119312526346806/d117670d8k.htm
AXP,AMERICAN EXPRESS CO,2026-08-12,8-K,"[""3.03"",""5.03"",""8.01"",""9.01""]",security_terms,https://www.sec.gov/Archives/edgar/data/4962/000000496226000338/axp-20260812.htm
BRK-B,BERKSHIRE HATHAWAY INC,2026-08-11,8-K,"[""2.02"",""9.01""]",results,https://www.sec.gov/Archives/edgar/data/1067983/000119312526344495/d159922d8k.htm
GS,GOLDMAN SACHS GROUP INC,2026-08-11,8-K,"[""5.03"",""9.01""]",charter_amendment,https://www.sec.gov/Archives/edgar/data/886982/000119312526344912/d179572d8k.htm
GOOGL,Alphabet Inc.,2026-08-10,8-K,"[""8.01"",""9.01""]",other_events,https://www.sec.gov/Archives/edgar/data/1652044/000119312526342390/d171253d8k.htm
NKE,"NIKE, Inc.",2026-08-10,8-K,"[""5.02""]",officer_changes,https://www.sec.gov/Archives/edgar/data/320187/000032018726000112/nke-20260804.htm
GD,GENERAL DYNAMICS CORP,2026-08-07,8-K,"[""5.02"",""9.01""]",officer_changes,https://www.sec.gov/Archives/edgar/data/40533/000119312526340490/d129075d8k.htm
LLY,ELI LILLY & Co,2026-08-05,8-K,"[""2.02"",""9.01""]",results,https://www.sec.gov/Archives/edgar/data/59478/000005947826000077/lly-20260805.htm
CRM,"Salesforce, Inc.",2026-08-05,8-K,"[""5.02""]",officer_changes,https://www.sec.gov/Archives/edgar/data/1108524/000110852426000160/crm-20260805.htm
AXP,AMERICAN EXPRESS CO,2026-08-05,8-K,"[""8.01""]",other_events,https://www.sec.gov/Archives/edgar/data/4962/000000496226000327/axp-20260805.htm
JNJ,JOHNSON & JOHNSON,2026-08-04,8-K,"[""5.02"",""9.01""]",officer_changes,https://www.sec.gov/Archives/edgar/data/200406/000020040626000167/jnj-20260804.htm
PFE,PFIZER INC,2026-08-04,8-K,"[""2.02"",""9.01""]",results,https://www.sec.gov/Archives/edgar/data/78003/000007800326000094/pfe-20260804.htm
MRK,"Merck & Co., Inc.",2026-08-04,8-K,"[""2.02"",""9.01""]",results,https://www.sec.gov/Archives/edgar/data/310158/000110465926090045/tm2621496d1_8k.htm
AMD,ADVANCED MICRO DEVICES INC,2026-08-04,8-K,"[""2.02"",""7.01"",""9.01""]",results,https://www.sec.gov/Archives/edgar/data/2488/000000248826000121/amd-20260804.htm
MCD,MCDONALDS CORP,2026-08-04,8-K,"[""5.02"",""7.01"",""9.01""]",officer_changes,https://www.sec.gov/Archives/edgar/data/63908/000006390826000069/mcd-20260803.htm
MCD,MCDONALDS CORP,2026-08-04,8-K,"[""2.02"",""9.01""]",results,https://www.sec.gov/Archives/edgar/data/63908/000006390826000067/mcd-20260804.htm
CAT,CATERPILLAR INC,2026-08-04,8-K,"[""2.02"",""7.01"",""9.01""]",results,https://www.sec.gov/Archives/edgar/data/18230/000001823026000040/cat-20260804.htm
DD,"DuPont de Nemours, Inc.",2026-08-04,8-K,"[""2.02"",""9.01""]",results,https://www.sec.gov/Archives/edgar/data/1666700/000166670026000049/dd-20260804.htm
GD,GENERAL DYNAMICS CORP,2026-08-04,8-K,"[""8.01"",""9.01""]",other_events,https://www.sec.gov/Archives/edgar/data/40533/000119312526332899/d122083d8k.htm
CVX,CHEVRON CORP,2026-07-31,8-K,"[""2.02"",""9.01""]",results,https://www.sec.gov/Archives/edgar/data/93410/000009341026000162/cvx-20260731.htm
XOM,ExxonMobil Holdings Corp,2026-07-31,8-K,"[""2.02"",""7.01""]",results,https://www.sec.gov/Archives/edgar/data/2115436/000211543626000006/xom-20260731.htm
QCOM,QUALCOMM INC/DE,2026-07-31,8-K,"[""8.01"",""9.01""]",other_events,https://www.sec.gov/Archives/edgar/data/804328/000110465926089234/tm2621612d2_8k.htm
AAPL,Apple Inc.,2026-07-30,8-K,"[""2.02"",""9.01""]",results,https://www.sec.gov/Archives/edgar/data/320193/000032019326000018/aapl-20260730.htm
AMZN,AMAZON COM INC,2026-07-30,8-K,"[""2.02"",""9.01""]",results,https://www.sec.gov/Archives/edgar/data/1018724/000101872426000024/amzn-20260730.htm
MA,Mastercard Inc,2026-07-30,8-K,"[""2.02"",""9.01""]",results,https://www.sec.gov/Archives/edgar/data/1141391/000114139126000081/ma-20260730.htm
NFLX,NETFLIX INC,2026-07-30,8-K,"[""5.02""]",officer_changes,https://www.sec.gov/Archives/edgar/data/1065280/000106528026000214/nflx-20260726.htm
MSFT,MICROSOFT CORP,2026-07-29,8-K,"[""2.02"",""9.01""]",results,https://www.sec.gov/Archives/edgar/data/789019/000119312526323632/msft-20260729.htm
JNJ,JOHNSON & JOHNSON,2026-07-29,8-K,"[""7.01"",""9.01""]",reg_fd,https://www.sec.gov/Archives/edgar/data/200406/000020040626000163/jnj-20260729.htm
PG,PROCTER & GAMBLE Co,2026-07-29,8-K,"[""7.01"",""9.01""]",reg_fd,https://www.sec.gov/Archives/edgar/data/80424/000008042426000097/pg-20260729.htm
PG,PROCTER & GAMBLE Co,2026-07-29,8-K,"[""5.02"",""7.01"",""9.01""]",officer_changes,https://www.sec.gov/Archives/edgar/data/80424/000008042426000094/pg-20260729.htm
PG,PROCTER & GAMBLE Co,2026-07-29,8-K,"[""2.02"",""9.01""]",results,https://www.sec.gov/Archives/edgar/data/80424/000008042426000093/pg-20260729.htm
META,"Meta Platforms, Inc.",2026-07-29,8-K,"[""2.02"",""9.01""]",results,https://www.sec.gov/Archives/edgar/data/1326801/000162828026050596/meta-20260729.htm
QCOM,QUALCOMM INC/DE,2026-07-29,8-K,"[""2.02"",""9.01""]",results,https://www.sec.gov/Archives/edgar/data/804328/000080432826000085/qcom-20260729.htm
GD,GENERAL DYNAMICS CORP,2026-07-29,8-K,"[""2.02"",""9.01""]",results,https://www.sec.gov/Archives/edgar/data/40533/000004053326000029/gd-20260729.htm
V,VISA INC.,2026-07-28,8-K,"[""2.02"",""8.01"",""9.01""]",results,https://www.sec.gov/Archives/edgar/data/1403161/000140316126000103/v-20260728.htm
JNJ,JOHNSON & JOHNSON,2026-07-28,8-K,"[""7.01"",""9.01""]",reg_fd,https://www.sec.gov/Archives/edgar/data/200406/000020040626000155/jnj-20260727.htm
KO,COCA COLA CO,2026-07-28,8-K,"[""2.02"",""9.01""]",results,https://www.sec.gov/Archives/edgar/data/21344/000162828026049922/ko-20260728.htm
BA,BOEING CO,2026-07-28,8-K,"[""2.02"",""9.01""]",results,https://www.sec.gov/Archives/edgar/data/12927/000162828026049929/ba-20260728.htm
GS,GOLDMAN SACHS GROUP INC,2026-07-27,8-K,"[""3.03"",""5.03"",""9.01""]",security_terms,https://www.sec.gov/Archives/edgar/data/886982/000119312526318147/d113214d8k.htm
AXP,AMERICAN EXPRESS CO,2026-07-24,8-K,"[""2.02"",""7.01"",""9.01""]",results,https://www.sec.gov/Archives/edgar/data/4962/000000496226000318/axp-20260724.htm
JPM,JPMORGAN CHASE & CO,2026-07-23,8-K,"[""8.01"",""9.01""]",other_events,https://www.sec.gov/Archives/edgar/data/19617/000119312526314128/d103985d8k.htm
JPM,JPMORGAN CHASE & CO,2026-07-23,8-K,"[""5.03"",""9.01""]",charter_amendment,https://www.sec.gov/Archives/edgar/data/19617/000001961726000288/jpm-20260721.htm
INTC,INTEL CORP,2026-07-23,8-K,"[""2.02"",""9.01""]",results,https://www.sec.gov/Archives/edgar/data/50863/000005086326000155/intc-20260723.htm
HON,HONEYWELL INTERNATIONAL INC,2026-07-23,8-K,"[""2.02"",""9.01""]",results,https://www.sec.gov/Archives/edgar/data/773840/000077384026000120/hon-20260723.htm
UNP,UNION PACIFIC CORP,2026-07-23,8-K,"[""2.02"",""9.01""]",results,https://www.sec.gov/Archives/edgar/data/100885/000010088526000249/unp-20260723.htm
LMT,LOCKHEED MARTIN CORP,2026-07-23,8-K,"[""2.02"",""9.01""]",results,https://www.sec.gov/Archives/edgar/data/936468/000162828026049277/lmt-20260723.htm
RTX,RTX Corp,2026-07-23,8-K,"[""2.02"",""9.01""]",results,https://www.sec.gov/Archives/edgar/data/101829/000010182926000025/rtx-20260723.htm
GOOGL,Alphabet Inc.,2026-07-22,8-K,"[""2.02"",""9.01""]",results,https://www.sec.gov/Archives/edgar/data/1652044/000165204426000066/goog-20260722.htm
TSLA,"Tesla, Inc.",2026-07-22,8-K,"[""2.02"",""9.01""]",results,https://www.sec.gov/Archives/edgar/data/1318605/000162828026049213/tsla-20260722.htm
NFLX,NETFLIX INC,2026-07-22,8-K,"[""8.01"",""9.01""]",other_events,https://www.sec.gov/Archives/edgar/data/1065280/000119312526312575/d171951d8k.htm
TXN,TEXAS INSTRUMENTS INC,2026-07-22,8-K,"[""2.02"",""9.01""]",results,https://www.sec.gov/Archives/edgar/data/97476/000009747626000148/txn-20260722.htm
IBM,INTERNATIONAL BUSINESS MACHINES CORP,2026-07-22,8-K,"[""2.02"",""9.01""]",results,https://www.sec.gov/Archives/edgar/data/51143/000005114326000077/ibm-20260722.htm
GS,GOLDMAN SACHS GROUP INC,2026-07-21,8-K,"[""9.01""]",exhibits,https://www.sec.gov/Archives/edgar/data/886982/000119312526310408/d102046d8k.htm
GS,GOLDMAN SACHS GROUP INC,2026-07-20,8-K,"[""8.01""]",other_events,https://www.sec.gov/Archives/edgar/data/886982/000119312526308384/d279459d8k.htm
ADBE,ADOBE INC.,2026-07-17,8-K,"[""5.02""]",officer_changes,https://www.sec.gov/Archives/edgar/data/796343/000079634326000120/adbe-20260714.htm
UNH,UNITEDHEALTH GROUP INC,2026-07-16,8-K,"[""2.02"",""9.01""]",results,https://www.sec.gov/Archives/edgar/data/731766/000073176626000191/unh-20260716.htm
KO,COCA COLA CO,2026-07-16,8-K,"[""8.01""]",other_events,https://www.sec.gov/Archives/edgar/data/21344/000162828026048466/ko-20260716.htm
NFLX,NETFLIX INC,2026-07-16,8-K,"[""2.02"",""9.01""]",results,https://www.sec.gov/Archives/edgar/data/1065280/000106528026000211/nflx-20260716.htm
GE,GENERAL ELECTRIC CO,2026-07-16,8-K,"[""2.02"",""9.01""]",results,https://www.sec.gov/Archives/edgar/data/40545/000004054526000047/ge-20260716.htm
V,VISA INC.,2026-07-15,8-K,"[""5.03"",""9.01""]",charter_amendment,https://www.sec.gov/Archives/edgar/data/1403161/000140316126000096/v-20260714.htm
JNJ,JOHNSON & JOHNSON,2026-07-15,8-K,"[""2.02"",""9.01""]",results,https://www.sec.gov/Archives/edgar/data/200406/000020040626000146/jnj-20260715.htm
DE,DEERE & CO,2026-07-15,8-K,"[""8.01"",""9.01""]",other_events,https://www.sec.gov/Archives/edgar/data/315189/000110465926083910/de-20260710x8k.htm
AXP,AMERICAN EXPRESS CO,2026-07-15,8-K,[],unclassified,https://www.sec.gov/Archives/edgar/data/4962/000000496226000302/axp-20260715.htm
JPM,JPMORGAN CHASE & CO,2026-07-14,8-K,"[""7.01"",""9.01""]",reg_fd,https://www.sec.gov/Archives/edgar/data/19617/000162828026048086/jpm-20260714.htm
JPM,JPMORGAN CHASE & CO,2026-07-14,8-K,"[""2.02"",""9.01""]",results,https://www.sec.gov/Archives/edgar/data/19617/000162828026048078/jpm-20260714.htm
PG,PROCTER & GAMBLE Co,2026-07-14,8-K,"[""7.01"",""9.01""]",reg_fd,https://www.sec.gov/Archives/edgar/data/80424/000008042426000082/pg-20260714.htm
IBM,INTERNATIONAL BUSINESS MACHINES CORP,2026-07-14,8-K,"[""2.02"",""7.01"",""9.01""]",results,https://www.sec.gov/Archives/edgar/data/51143/000005114326000070/ibm-20260714.htm
GS,GOLDMAN SACHS GROUP INC,2026-07-14,8-K,"[""2.02"",""7.01"",""9.01""]",results,https://www.sec.gov/Archives/edgar/data/886982/000088698226000294/gs-20260714.htm
AMZN,AMAZON COM INC,2026-07-09,8-K,"[""8.01"",""9.01""]",other_events,https://www.sec.gov/Archives/edgar/data/1018724/000110465926082293/tm2619352d4_8k.htm
PEP,PEPSICO INC,2026-07-09,8-K,"[""2.02"",""9.01""]",results,https://www.sec.gov/Archives/edgar/data/77476/000007747626000037/pep-20260709.htm
COST,COSTCO WHOLESALE CORP /NEW,2026-07-08,8-K,"[""8.01"",""9.01""]",other_events,https://www.sec.gov/Archives/edgar/data/909832/000090983226000060/cost-20260707.htm
XOM,ExxonMobil Holdings Corp,2026-07-07,8-K,"[""7.01""]",reg_fd,https://www.sec.gov/Archives/edgar/data/2115436/000211543626000003/xom-20260707.htm
AVGO,Broadcom Inc.,2026-07-06,8-K,"[""8.01""]",other_events,https://www.sec.gov/Archives/edgar/data/1730168/000119312526295589/d84378d8k.htm
NVDA,NVIDIA CORP,2026-07-02,8-K,"[""5.02""]",officer_changes,https://www.sec.gov/Archives/edgar/data/1045810/000104581026000060/nvda-20260628.htm
TSLA,"Tesla, Inc.",2026-07-02,8-K,"[""2.02"",""9.01""]",results,https://www.sec.gov/Archives/edgar/data/1318605/000162828026046717/tsla-20260702.htm
XOM,EXXON MOBIL CORP,2026-07-01,8-K,"[""1.01"",""2.01"",""3.01"",""3.03"",""5.02"",""5.03"",""9.01""]",delisting,https://www.sec.gov/Archives/edgar/data/34088/000119312526291986/d70995d8k.htm
AMD,ADVANCED MICRO DEVICES INC,2026-07-01,8-K,"[""5.02""]",officer_changes,https://www.sec.gov/Archives/edgar/data/2488/000000248826000115/amd-20260626.htm
NVDA,NVIDIA CORP,2026-06-30,8-K,"[""5.07""]",vote_results,https://www.sec.gov/Archives/edgar/data/1045810/000104581026000056/nvda-20260624.htm
NKE,"NIKE, Inc.",2026-06-30,8-K,"[""2.02"",""9.01""]",results,https://www.sec.gov/Archives/edgar/data/320187/000032018726000076/nke-20260630.htm
HON,HONEYWELL INTERNATIONAL INC,2026-06-29,8-K,"[""1.01"",""2.01"",""2.02"",""3.03"",""5.02"",""5.03"",""7.01"",""9.01""]",merger_completion,https://www.sec.gov/Archives/edgar/data/773840/000077384026000084/hon-20260625.htm
V,VISA INC.,2026-06-26,8-K,"[""8.01""]",other_events,https://www.sec.gov/Archives/edgar/data/1403161/000140316126000086/v-20260624.htm
JPM,JPMORGAN CHASE & CO,2026-06-25,8-K,"[""5.02"",""9.01""]",officer_changes,https://www.sec.gov/Archives/edgar/data/19617/000001961726000241/jpm-20260624.htm
KO,COCA COLA CO,2026-06-25,8-K,"[""5.02"",""9.01""]",officer_changes,https://www.sec.gov/Archives/edgar/data/21344/000155278126000366/e26287_ko-8k.htm
GE,GENERAL ELECTRIC CO,2026-06-25,8-K,"[""5.03"",""9.01""]",charter_amendment,https://www.sec.gov/Archives/edgar/data/40545/000004054526000042/ge-20260625.htm
AXP,AMERICAN EXPRESS CO,2026-06-25,8-K,[],unclassified,https://www.sec.gov/Archives/edgar/data/4962/000000496226000281/axp-20260625.htm
JPM,JPMORGAN CHASE & CO,2026-06-24,8-K,"[""7.01"",""9.01""]",reg_fd,https://www.sec.gov/Archives/edgar/data/19617/000162828026045169/jpm-20260624.htm
JPM,JPMORGAN CHASE & CO,2026-06-24,8-K,"[""8.01"",""9.01""]",other_events,https://www.sec.gov/Archives/edgar/data/19617/000162828026045167/jpm-20260624.htm
QCOM,QUALCOMM INC/DE,2026-06-24,8-K,"[""3.02""]",other,https://www.sec.gov/Archives/edgar/data/804328/000110465926077071/tm2618522d1_8k.htm
MU,MICRON TECHNOLOGY INC,2026-06-24,8-K,"[""2.02"",""9.01""]",results,https://www.sec.gov/Archives/edgar/data/723125/000072312526000013/mu-20260624.htm
DD,"DuPont de Nemours, Inc.",2026-06-24,8-K,"[""3.03"",""5.03"",""9.01""]",security_terms,https://www.sec.gov/Archives/edgar/data/1666700/000166670026000046/dd-20260623.htm
GS,GOLDMAN SACHS GROUP INC,2026-06-24,8-K,"[""8.01"",""9.01""]",other_events,https://www.sec.gov/Archives/edgar/data/886982/000119312526281123/d103941d8k.htm
IBM,INTERNATIONAL BUSINESS MACHINES CORP,2026-06-23,8-K,"[""1.01"",""2.03"",""9.01""]",financial_obligation,https://www.sec.gov/Archives/edgar/data/51143/000005114326000061/ibm-20260622.htm
NKE,"NIKE, Inc.",2026-06-23,8-K,"[""2.02"",""5.02"",""7.01"",""9.01""]",officer_changes,https://www.sec.gov/Archives/edgar/data/320187/000032018726000070/nke-20260616.htm
NVDA,NVIDIA CORP,2026-06-18,8-K,"[""8.01"",""9.01""]",other_events,https://www.sec.gov/Archives/edgar/data/1045810/000119312526275783/d48176d8k.htm
PFE,PFIZER INC,2026-06-18,8-K,"[""7.01"",""9.01""]",reg_fd,https://www.sec.gov/Archives/edgar/data/78003/000007800326000087/pfe-20260618.htm
PFE,PFIZER INC,2026-06-18,8-K,"[""5.02"",""9.01""]",officer_changes,https://www.sec.gov/Archives/edgar/data/78003/000007800326000085/pfe-20260618.htm
AVGO,Broadcom Inc.,2026-06-18,8-K,"[""8.01"",""9.01""]",other_events,https://www.sec.gov/Archives/edgar/data/1730168/000119312526275077/d149683d8k.htm
NKE,"NIKE, Inc.",2026-06-18,8-K,"[""5.02"",""7.01"",""9.01""]",officer_changes,https://www.sec.gov/Archives/edgar/data/320187/000032018726000068/nke-20260615.htm
MA,Mastercard Inc,2026-06-17,8-K,"[""5.07""]",vote_results,https://www.sec.gov/Archives/edgar/data/1141391/000114139126000041/ma-20260616.htm
AXP,AMERICAN EXPRESS CO,2026-06-17,8-K,"[""9.01""]",exhibits,https://www.sec.gov/Archives/edgar/data/4962/000000496226000270/axp-20260617.htm
HON,HONEYWELL INTERNATIONAL INC,2026-06-15,8-K,"[""5.02"",""7.01"",""8.01"",""9.01""]",officer_changes,https://www.sec.gov/Archives/edgar/data/773840/000077384026000080/hon-20260615.htm
AXP,AMERICAN EXPRESS CO,2026-06-15,8-K,[],unclassified,https://www.sec.gov/Archives/edgar/data/4962/000000496226000263/axp-20260615.htm
AMZN,AMAZON COM INC,2026-06-12,8-K,"[""8.01"",""9.01""]",other_events,https://www.sec.gov/Archives/edgar/data/1018724/000110465926073562/tm2613616d5_8k.htm
GOOGL,Alphabet Inc.,2026-06-11,8-K,"[""5.02"",""5.07"",""9.01""]",officer_changes,https://www.sec.gov/Archives/edgar/data/1652044/000119312526267578/d57679d8k.htm
AVGO,Broadcom Inc.,2026-06-11,8-K,"[""8.01"",""9.01""]",other_events,https://www.sec.gov/Archives/edgar/data/1730168/000119312526266777/d152717d8k.htm
ADBE,ADOBE INC.,2026-06-11,8-K,"[""2.02"",""5.02"",""9.01""]",officer_changes,https://www.sec.gov/Archives/edgar/data/796343/000079634326000109/adbe-20260608.htm
GE,GENERAL ELECTRIC CO,2026-06-11,8-K,"[""5.02"",""9.01""]",officer_changes,https://www.sec.gov/Archives/edgar/data/40545/000004054526000039/ge-20260608.htm
CAT,CATERPILLAR INC,2026-06-11,8-K,"[""5.07"",""7.01"",""9.01""]",vote_results,https://www.sec.gov/Archives/edgar/data/18230/000110465926072929/tm2617177d1_8k.htm
AMZN,AMAZON COM INC,2026-06-10,8-K,"[""1.01"",""2.03"",""9.01""]",financial_obligation,https://www.sec.gov/Archives/edgar/data/1018724/000110465926072140/tm2613616d4_8k.htm
ORCL,ORACLE CORP,2026-06-10,8-K,"[""2.02"",""8.01"",""9.01""]",results,https://www.sec.gov/Archives/edgar/data/1341439/000119312526265848/orcl-20260610.htm
MU,MICRON TECHNOLOGY INC,2026-06-09,8-K,"[""5.02"",""9.01""]",officer_changes,https://www.sec.gov/Archives/edgar/data/723125/000110465926071845/tm2617112d1_8k.htm
MA,Mastercard Inc,2026-06-08,8-K,"[""8.01"",""9.01""]",other_events,https://www.sec.gov/Archives/edgar/data/1141391/000119312526261669/d128075d8k.htm
MSFT,MICROSOFT CORP,2026-06-05,8-K,"[""5.02""]",officer_changes,https://www.sec.gov/Archives/edgar/data/789019/000119312526258667/d26760d8k.htm
GOOGL,Alphabet Inc.,2026-06-05,8-K,"[""5.02""]",officer_changes,https://www.sec.gov/Archives/edgar/data/1652044/000165204426000059/goog-20260602.htm
GOOGL,Alphabet Inc.,2026-06-05,8-K,"[""1.01"",""3.03"",""5.03"",""9.01""]",major_agreement,https://www.sec.gov/Archives/edgar/data/1652044/000119312526259830/d36818d8k.htm
UNH,UNITEDHEALTH GROUP INC,2026-06-05,8-K,"[""5.07""]",vote_results,https://www.sec.gov/Archives/edgar/data/731766/000073176626000138/unh-20260601.htm
WMT,Walmart Inc.,2026-06-05,8-K,"[""5.03"",""5.07"",""9.01""]",charter_amendment,https://www.sec.gov/Archives/edgar/data/104169/000010416926000111/wmt-20260604.htm
NFLX,NETFLIX INC,2026-06-05,8-K,"[""5.07"",""8.01""]",vote_results,https://www.sec.gov/Archives/edgar/data/1065280/000106528026000189/nflx-20260604.htm
HON,HONEYWELL INTERNATIONAL INC,2026-06-05,8-K,"[""7.01"",""8.01"",""9.01""]",reg_fd,https://www.sec.gov/Archives/edgar/data/773840/000077384026000072/hon-20260605.htm
GOOGL,Alphabet Inc.,2026-06-04,8-K,"[""1.01"",""7.01"",""8.01"",""9.01""]",major_agreement,https://www.sec.gov/Archives/edgar/data/1652044/000119312526257724/d83560d8k.htm
AVGO,Broadcom Inc.,2026-06-03,8-K,"[""2.02"",""8.01"",""9.01""]",results,https://www.sec.gov/Archives/edgar/data/1730168/000173016826000051/avgo-20260603.htm
GS,GOLDMAN SACHS GROUP INC,2026-06-03,8-K,"[""9.01""]",exhibits,https://www.sec.gov/Archives/edgar/data/886982/000119312526255626/d107600d8k.htm
JPM,JPMORGAN CHASE & CO,2026-06-02,8-K,"[""8.01"",""9.01""]",other_events,https://www.sec.gov/Archives/edgar/data/19617/000119312526253533/d113536d8k.htm
MA,Mastercard Inc,2026-06-02,8-K,"[""5.02"",""9.01""]",officer_changes,https://www.sec.gov/Archives/edgar/data/1141391/000114139126000037/ma-20260529.htm
CRM,"Salesforce, Inc.",2026-06-02,8-K,"[""5.02""]",officer_changes,https://www.sec.gov/Archives/edgar/data/1108524/000110852426000138/crm-20260527.htm
TXN,TEXAS INSTRUMENTS INC,2026-06-02,8-K,"[""5.02""]",officer_changes,https://www.sec.gov/Archives/edgar/data/97476/000095010326008325/dp247795_8k.htm
HON,HONEYWELL INTERNATIONAL INC,2026-06-02,8-K,"[""5.02"",""7.01"",""9.01""]",officer_changes,https://www.sec.gov/Archives/edgar/data/773840/000077384026000068/hon-20260601.htm
CRM,"Salesforce, Inc.",2026-06-01,8-K,"[""5.02"",""5.07"",""9.01""]",officer_changes,https://www.sec.gov/Archives/edgar/data/1108524/000110852426000131/crm-20260528.htm
DE,DEERE & CO,2026-06-01,8-K,"[""5.02""]",officer_changes,https://www.sec.gov/Archives/edgar/data/315189/000110465926068930/de-20260526x8k.htm
CVX,CHEVRON CORP,2026-05-29,8-K,"[""5.07""]",vote_results,https://www.sec.gov/Archives/edgar/data/93410/000009341026000125/cvx-20260527.htm
CVX,CHEVRON CORP,2026-05-29,8-K,"[""5.02""]",officer_changes,https://www.sec.gov/Archives/edgar/data/93410/000009341026000123/cvx-20260527.htm
XOM,EXXON MOBIL CORP,2026-05-29,8-K,"[""5.07""]",vote_results,https://www.sec.gov/Archives/edgar/data/34088/000003408826000078/xom-20260527.htm
META,"Meta Platforms, Inc.",2026-05-29,8-K,"[""5.07""]",vote_results,https://www.sec.gov/Archives/edgar/data/1326801/000162828026039193/meta-20260527.htm
MRK,"Merck & Co., Inc.",2026-05-28,8-K,"[""5.07""]",vote_results,https://www.sec.gov/Archives/edgar/data/310158/000110465926067509/tm2615833d1_8k.htm
IBM,INTERNATIONAL BUSINESS MACHINES CORP,2026-05-28,8-K,"[""7.01""]",reg_fd,https://www.sec.gov/Archives/edgar/data/51143/000005114326000047/ibm-20260528.htm
COST,COSTCO WHOLESALE CORP /NEW,2026-05-28,8-K,"[""2.02"",""9.01""]",results,https://www.sec.gov/Archives/edgar/data/909832/000090983226000046/cost-20260528.htm
JPM,JPMORGAN CHASE & CO,2026-05-27,8-K,"[""8.01"",""9.01""]",other_events,https://www.sec.gov/Archives/edgar/data/19617/000119312526242018/d51433d8k.htm
CRM,"Salesforce, Inc.",2026-05-27,8-K,"[""2.02"",""9.01""]",results,https://www.sec.gov/Archives/edgar/data/1108524/000110852426000125/crm-20260527.htm
HON,HONEYWELL INTERNATIONAL INC,2026-05-27,8-K,"[""5.07""]",vote_results,https://www.sec.gov/Archives/edgar/data/773840/000119312526242011/d35048d8k.htm
HD,"HOME DEPOT, INC.",2026-05-26,8-K,"[""5.03"",""5.07"",""9.01""]",charter_amendment,https://www.sec.gov/Archives/edgar/data/354950/000035495026000105/hd-20260521.htm
DD,"DuPont de Nemours, Inc.",2026-05-26,8-K,"[""5.07"",""7.01"",""9.01""]",vote_results,https://www.sec.gov/Archives/edgar/data/1666700/000166670026000034/dd-20260521.htm
AMZN,AMAZON COM INC,2026-05-22,8-K,"[""5.07""]",vote_results,https://www.sec.gov/Archives/edgar/data/1018724/000110465926065717/tm2614288d1_8k.htm
MRK,"Merck & Co., Inc.",2026-05-22,8-K,"[""8.01"",""9.01""]",other_events,https://www.sec.gov/Archives/edgar/data/310158/000162828026037738/mrk-20260522.htm
PEP,PEPSICO INC,2026-05-22,8-K,"[""8.01"",""9.01""]",other_events,https://www.sec.gov/Archives/edgar/data/77476/000110465926065758/tm2615167d1_8k.htm
MCD,MCDONALDS CORP,2026-05-22,8-K,"[""5.07""]",vote_results,https://www.sec.gov/Archives/edgar/data/63908/000006390826000055/mcd-20260520.htm
GOOGL,Alphabet Inc.,2026-05-21,8-K,"[""8.01"",""9.01""]",other_events,https://www.sec.gov/Archives/edgar/data/1652044/000119312526234488/d144566d8k.htm
JPM,JPMORGAN CHASE & CO,2026-05-21,8-K,"[""5.07"",""9.01""]",vote_results,https://www.sec.gov/Archives/edgar/data/19617/000001961726000228/jpm-20260519.htm
WMT,Walmart Inc.,2026-05-21,8-K,"[""2.02"",""9.01""]",results,https://www.sec.gov/Archives/edgar/data/104169/000010416926000095/wmt-20260521.htm
DE,DEERE & CO,2026-05-21,8-K,"[""2.02"",""7.01"",""9.01""]",results,https://www.sec.gov/Archives/edgar/data/315189/000110465926064747/de-20260521x8k.htm
NVDA,NVIDIA CORP,2026-05-20,8-K,"[""2.02"",""9.01""]",results,https://www.sec.gov/Archives/edgar/data/1045810/000104581026000051/nvda-20260520.htm
LLY,ELI LILLY & Co,2026-05-20,8-K,"[""8.01"",""9.01""]",other_events,https://www.sec.gov/Archives/edgar/data/59478/000119312526232707/d148580d8k.htm
HD,"HOME DEPOT, INC.",2026-05-19,8-K,"[""2.02"",""9.01""]",results,https://www.sec.gov/Archives/edgar/data/354950/000035495026000101/hd-20260519.htm
UNP,UNION PACIFIC CORP,2026-05-18,8-K,"[""5.07""]",vote_results,https://www.sec.gov/Archives/edgar/data/100885/000010088526000174/unp-20260514.htm
AMD,ADVANCED MICRO DEVICES INC,2026-05-15,8-K,"[""1.01"",""1.02"",""2.03"",""5.02"",""5.07"",""9.01""]",agreement_termination,https://www.sec.gov/Archives/edgar/data/2488/000119312526226746/d118163d8k.htm
INTC,INTEL CORP,2026-05-15,8-K,"[""5.07""]",vote_results,https://www.sec.gov/Archives/edgar/data/50863/000005086326000118/intc-20260513.htm
AXP,AMERICAN EXPRESS CO,2026-05-15,8-K,[],unclassified,https://www.sec.gov/Archives/edgar/data/4962/000000496226000249/axp-20260515.htm
MSFT,MICROSOFT CORP,2026-05-14,8-K,"[""5.02"",""9.01""]",officer_changes,https://www.sec.gov/Archives/edgar/data/789019/000119312526224155/d125909d8k.htm
CSCO,"CISCO SYSTEMS, INC.",2026-05-13,8-K,"[""2.02"",""2.05"",""9.01""]",exit_costs,https://www.sec.gov/Archives/edgar/data/858877/000085887726000075/csco-20260513.htm
LMT,LOCKHEED MARTIN CORP,2026-05-13,8-K,"[""5.07""]",vote_results,https://www.sec.gov/Archives/edgar/data/936468/000093646826000011/lmt-20260512.htm
V,VISA INC.,2026-05-12,8-K,"[""1.01"",""8.01"",""9.01""]",major_agreement,https://www.sec.gov/Archives/edgar/data/1403161/000119312526219432/d64238d8k.htm
ORCL,ORACLE CORP,2026-05-12,8-K,"[""5.02"",""7.01"",""9.01""]",officer_changes,https://www.sec.gov/Archives/edgar/data/1341439/000119312526219708/d76569d8k.htm
GS,GOLDMAN SACHS GROUP INC,2026-05-12,8-K,"[""5.03"",""9.01""]",charter_amendment,https://www.sec.gov/Archives/edgar/data/886982/000119312526219511/d142159d8k.htm
GOOGL,Alphabet Inc.,2026-05-11,8-K,"[""8.01"",""9.01""]",other_events,https://www.sec.gov/Archives/edgar/data/1652044/000119312526216986/d109021d8k.htm
V,VISA INC.,2026-05-11,8-K,"[""7.01"",""9.01""]",reg_fd,https://www.sec.gov/Archives/edgar/data/1403161/000119312526215875/d59695d8k.htm
UNH,UNITEDHEALTH GROUP INC,2026-05-11,8-K,"[""7.01""]",reg_fd,https://www.sec.gov/Archives/edgar/data/731766/000073176626000129/unh-20260511.htm
GD,GENERAL DYNAMICS CORP,2026-05-11,8-K,"[""5.07""]",vote_results,https://www.sec.gov/Archives/edgar/data/40533/000004053326000014/gd-20260511.htm
NVDA,NVIDIA CORP,2026-05-08,8-K,"[""5.02""]",officer_changes,https://www.sec.gov/Archives/edgar/data/1045810/000104581026000028/nvda-20260507.htm
PEP,PEPSICO INC,2026-05-08,8-K,"[""5.07""]",vote_results,https://www.sec.gov/Archives/edgar/data/77476/000007747626000024/pep-20260506.htm
JPM,JPMORGAN CHASE & CO,2026-05-07,8-K,"[""3.03"",""5.03"",""8.01"",""9.01""]",security_terms,https://www.sec.gov/Archives/edgar/data/19617/000119312526211978/d903351d8k.htm
BRK-B,BERKSHIRE HATHAWAY INC,2026-05-07,8-K,"[""2.02"",""5.02"",""5.03"",""5.07"",""9.01""]",officer_changes,https://www.sec.gov/Archives/edgar/data/1067983/000119312526212148/d74313d8k.htm
MA,Mastercard Inc,2026-05-07,8-K,"[""5.02"",""9.01""]",officer_changes,https://www.sec.gov/Archives/edgar/data/1141391/000114139126000034/ma-20260505.htm
LLY,ELI LILLY & Co,2026-05-07,8-K,"[""5.07""]",vote_results,https://www.sec.gov/Archives/edgar/data/59478/000005947826000048/lly-20260504.htm
MCD,MCDONALDS CORP,2026-05-07,8-K,"[""2.02"",""9.01""]",results,https://www.sec.gov/Archives/edgar/data/63908/000006390826000048/mcd-20260507.htm
GE,GENERAL ELECTRIC CO,2026-05-07,8-K,"[""5.02"",""5.07""]",officer_changes,https://www.sec.gov/Archives/edgar/data/40545/000004054526000032/ge-20260505.htm
AXP,AMERICAN EXPRESS CO,2026-05-07,8-K,"[""5.07""]",vote_results,https://www.sec.gov/Archives/edgar/data/4962/000000496226000231/axp-20260505.htm
PFE,PFIZER INC,2026-05-05,8-K,"[""2.02"",""9.01""]",results,https://www.sec.gov/Archives/edgar/data/78003/000007800326000053/pfe-20260505.htm
AMD,ADVANCED MICRO DEVICES INC,2026-05-05,8-K,"[""2.02"",""7.01"",""9.01""]",results,https://www.sec.gov/Archives/edgar/data/2488/000000248826000072/amd-20260505.htm
DD,"DuPont de Nemours, Inc.",2026-05-05,8-K,"[""2.02"",""9.01""]",results,https://www.sec.gov/Archives/edgar/data/1666700/000166670026000029/dd-20260505.htm
XOM,EXXON MOBIL CORP,2026-05-04,8-K,"[""5.02""]",officer_changes,https://www.sec.gov/Archives/edgar/data/34088/000003408826000069/xom-20260428.htm
META,"Meta Platforms, Inc.",2026-05-04,8-K,"[""8.01"",""9.01""]",other_events,https://www.sec.gov/Archives/edgar/data/1326801/000119312526204128/d134616d8k.htm
RTX,RTX Corp,2026-05-04,8-K,"[""5.07""]",vote_results,https://www.sec.gov/Archives/edgar/data/101829/000114036126018932/ef20072402_8k.htm
AXP,AMERICAN EXPRESS CO,2026-05-04,8-K,"[""8.01"",""9.01""]",other_events,https://www.sec.gov/Archives/edgar/data/4962/000000496226000207/axp-20260504.htm
AXP,AMERICAN EXPRESS CO,2026-05-04,8-K,"[""7.01""]",reg_fd,https://www.sec.gov/Archives/edgar/data/4962/000000496226000203/axp-20260504.htm
KO,COCA COLA CO,2026-05-01,8-K,"[""5.07""]",vote_results,https://www.sec.gov/Archives/edgar/data/21344/000162828026029230/ko-20260429.htm
CVX,CHEVRON CORP,2026-05-01,8-K,"[""2.02"",""9.01""]",results,https://www.sec.gov/Archives/edgar/data/93410/000009341026000110/cvx-20260501.htm
XOM,EXXON MOBIL CORP,2026-05-01,8-K,"[""2.02"",""7.01""]",results,https://www.sec.gov/Archives/edgar/data/34088/000003408826000065/xom-20260501.htm
CSCO,"CISCO SYSTEMS, INC.",2026-05-01,8-K,"[""5.02""]",officer_changes,https://www.sec.gov/Archives/edgar/data/858877/000085887726000057/csco-20260427.htm
IBM,INTERNATIONAL BUSINESS MACHINES CORP,2026-05-01,8-K,"[""5.02"",""5.03"",""5.07"",""9.01""]",officer_changes,https://www.sec.gov/Archives/edgar/data/51143/000005114326000043/ibm-20260428.htm
DE,DEERE & CO,2026-05-01,8-K,"[""5.02"",""7.01"",""9.01""]",officer_changes,https://www.sec.gov/Archives/edgar/data/315189/000110465926053322/de-20260428x8k.htm
GS,GOLDMAN SACHS GROUP INC,2026-05-01,8-K,"[""5.07""]",vote_results,https://www.sec.gov/Archives/edgar/data/886982/000119312526199988/gs-20260429.htm
