month,region,n,realized,decile_mean_fwd_ret,d10_minus_d1
2021-01-29,cn,929,true,"[0.063644,0.017167,-0.018325,0.024099,0.010582,0.030918,0.005696,-0.06743,-0.117215,-0.149871]",-0.213515
2021-01-29,us,446,true,"[0.054499,0.042448,0.041668,0.015837,0.057578,0.049708,0.087289,0.091124,0.117364,0.232909]",0.17841
2021-02-11,us,1,false,"[null,null,null,null,null,null,null,null,null,null]",
2021-02-26,cn,929,true,"[-0.07335,-0.021476,-0.022306,-0.022631,-0.036867,-0.05652,-0.041988,-0.019476,-0.041169,-0.062652]",0.010698
2021-02-26,us,446,true,"[0.086656,0.088223,0.072142,0.091017,0.078197,0.050052,0.045936,0.034654,0.052465,-0.008674]",-0.09533
2021-03-19,us,4,false,"[null,null,null,null,null,null,null,null,null,null]",
2021-03-31,cn,929,true,"[0.03027,0.023911,-0.000509,0.014843,-0.013772,0.008079,0.022435,0.038177,-0.039076,-0.020657]",-0.050927
2021-03-31,us,446,true,"[0.050081,0.066713,0.056584,0.051401,0.051817,0.048954,0.05265,0.029176,0.046709,0.023938]",-0.026143
2021-04-30,cn,929,true,"[0.017335,0.040438,0.004254,0.023505,0.021468,-0.011429,0.026366,-0.025416,0.013424,0.066333]",0.048998
2021-04-30,us,447,true,"[0.012555,0.027178,0.006185,0.008273,0.030363,0.001588,0.020707,0.025885,0.039618,0.06735]",0.054795
2021-05-28,us,448,true,"[-0.00516,-0.00656,-0.006062,0.003568,0.003893,-0.001854,-0.000303,-0.004239,-0.002959,0.011693]",0.016853
2021-05-31,cn,929,true,"[-0.001271,-0.045436,-0.028563,-0.035733,-0.028768,-0.070438,-0.033922,-0.058875,0.001445,0.043207]",0.044478
2021-06-30,cn,929,true,"[-0.096218,-0.038126,-0.073064,-0.076602,-0.088937,-0.072666,-0.062187,-0.042778,-0.052031,-0.01383]",0.082388
2021-06-30,us,449,true,"[0.016061,0.02571,0.029685,0.011539,0.008509,0.021751,0.024063,0.016232,-0.012429,-0.002887]",-0.018948
2021-07-30,cn,929,true,"[0.052534,0.055376,0.049456,0.063806,0.043183,0.006497,-0.013018,-0.011566,-0.010576,-0.072759]",-0.125293
2021-07-30,us,450,true,"[0.004179,0.020955,0.010172,0.020238,0.03155,0.014957,0.042394,0.032271,0.017708,0.03184]",0.027661
2021-08-31,cn,929,true,"[-0.008206,0.022528,0.051729,0.006335,0.039384,0.02327,0.026749,0.053604,0.036936,0.019348]",0.027554
2021-08-31,us,452,true,"[-0.037779,-0.039464,-0.049167,-0.039083,-0.048105,-0.05131,-0.046482,-0.041918,-0.026844,-0.021911]",0.015868
2021-09-17,us,3,false,"[null,null,null,null,null,null,null,null,null,null]",
2021-09-30,cn,929,true,"[0.00267,0.003953,-0.005662,0.020389,-0.022266,0.008848,-0.038612,0.008224,-0.04529,-0.016652]",-0.019322
2021-09-30,us,451,true,"[0.054699,0.062925,0.068572,0.04391,0.043207,0.056481,0.040826,0.049895,0.056742,0.072584]",0.017885
2021-10-29,cn,929,true,"[-0.00882,0.004348,-0.002032,0.021733,-0.008424,-0.018879,0.013637,-0.036884,0.01372,0.022934]",0.031754
2021-10-29,us,451,true,"[-0.030812,-0.030687,-0.023417,-0.03252,-0.013015,-0.029656,-0.025376,-0.008482,-0.029445,-0.010117]",0.020695
2021-11-30,cn,929,true,"[0.041936,0.025257,0.028576,0.048999,0.038828,0.038411,0.033989,0.023207,0.013372,-0.031596]",-0.073532
2021-11-30,us,451,true,"[0.07442,0.068376,0.067103,0.066811,0.068195,0.07333,0.078554,0.061895,0.050544,0.026246]",-0.048174
2021-12-17,us,2,false,"[null,null,null,null,null,null,null,null,null,null]",
2021-12-31,cn,929,true,"[-0.0173,-0.028972,-0.00514,-0.007504,-0.047475,-0.067839,-0.077217,-0.112676,-0.138331,-0.164093]",-0.146793
2021-12-31,us,452,true,"[-0.030302,-0.035466,-0.023271,-0.02606,-0.041053,-0.034174,-0.044164,-0.050105,-0.043175,-0.068957]",-0.038655
2022-01-28,cn,929,true,"[-0.015884,-0.046757,-0.005294,-0.050182,-0.061693,-0.033277,-0.029199,-0.030176,-0.017244,0.001047]",0.016931
2022-01-31,us,453,true,"[-0.012174,0.008732,-0.01699,-0.002446,0.009257,-0.025045,-0.014433,-0.01927,-0.023109,0.011697]",0.023871
2022-02-28,cn,929,true,"[-0.104868,-0.116668,-0.0984,-0.097398,-0.12972,-0.109828,-0.077538,-0.069923,-0.076519,-0.082418]",0.02245
2022-02-28,us,454,true,"[0.043225,0.044112,0.042173,0.04906,0.042888,0.040238,0.068315,0.059002,0.04567,0.051379]",0.008154
2022-03-31,cn,929,true,"[-0.11698,-0.106052,-0.083661,-0.078023,-0.055384,-0.058823,-0.085166,-0.052468,-0.064006,-0.100251]",0.016729
2022-03-31,us,455,true,"[-0.045211,-0.055026,-0.067842,-0.055137,-0.074228,-0.051527,-0.082478,-0.064413,-0.046932,-0.076243]",-0.031032
2022-04-29,cn,929,true,"[0.009831,-0.02625,0.03155,0.019503,0.036277,0.046518,0.040227,0.064473,0.068252,0.037406]",0.027575
2022-04-29,us,457,true,"[-0.000193,0.01128,0.010999,-0.00163,0.02504,0.002721,0.022646,0.045457,0.002428,-0.022252]",-0.022059
2022-05-31,cn,929,true,"[0.070454,0.082111,0.070664,0.080423,0.053843,0.034381,0.081785,0.106355,0.061917,0.077197]",0.006743
2022-05-31,us,458,true,"[-0.081127,-0.082196,-0.095167,-0.080203,-0.079896,-0.095821,-0.105791,-0.087965,-0.073552,-0.136278]",-0.055151
2022-06-17,us,1,false,"[null,null,null,null,null,null,null,null,null,null]",
2022-06-27,us,2,false,"[null,null,null,null,null,null,null,null,null,null]",
2022-06-30,cn,929,true,"[-0.062896,-0.071199,-0.057537,-0.061941,-0.059135,-0.057114,-0.060142,-0.074962,-0.142393,-0.040024]",0.022872
2022-06-30,us,460,true,"[0.084242,0.068348,0.079787,0.067551,0.077159,0.090143,0.102793,0.10684,0.07335,0.126047]",0.041805
2022-07-29,cn,929,true,"[-0.017535,-0.015073,-0.007907,-0.009734,-0.007467,-0.006547,-0.00913,-0.026107,-0.01639,-0.058008]",-0.040473
2022-07-29,us,460,true,"[-0.009932,-0.015839,-0.012826,-0.024832,-0.007597,-0.007676,-0.019056,-0.002203,-0.040077,-0.031734]",-0.021802
2022-08-31,cn,929,true,"[-0.059472,-0.084913,-0.070889,-0.059299,-0.078199,-0.073252,-0.081939,-0.062799,-0.073987,-0.083555]",-0.024083
2022-08-31,us,460,true,"[-0.074458,-0.073677,-0.111706,-0.075141,-0.083797,-0.100903,-0.103987,-0.090673,-0.104525,-0.105859]",-0.031401
2022-09-16,us,2,false,"[null,null,null,null,null,null,null,null,null,null]",
2022-09-30,cn,929,true,"[0.022232,0.013527,0.034072,0.027379,0.014926,0.028662,0.003624,0.038567,0.068558,0.055384]",0.033152
2022-09-30,us,460,true,"[0.107325,0.100323,0.099335,0.097265,0.08348,0.103538,0.10561,0.082903,0.100989,0.099673]",-0.007652
2022-10-31,cn,929,true,"[0.115702,0.114168,0.102415,0.118172,0.079709,0.085943,0.120054,0.067354,0.083332,0.0618]",-0.053902
2022-10-31,us,463,true,"[0.061613,0.054283,0.058926,0.057316,0.073423,0.06705,0.075976,0.079238,0.083028,0.084115]",0.022502
2022-11-30,cn,929,true,"[-0.023169,-0.042323,-0.022466,-0.015953,-0.002207,0.002498,-0.016008,-0.004638,0.000654,-0.010117]",0.013052
2022-11-30,us,465,true,"[-0.034145,-0.031906,-0.042922,-0.036097,-0.038318,-0.049343,-0.043102,-0.055087,-0.048993,-0.098004]",-0.063859
2022-12-30,cn,929,true,"[0.050039,0.077799,0.084619,0.058192,0.09356,0.051293,0.052191,0.063574,0.074414,0.065565]",0.015526
2022-12-30,us,467,true,"[0.050124,0.033369,0.058251,0.068257,0.046024,0.071213,0.09324,0.114958,0.164891,0.171081]",0.120957
2023-01-03,us,1,false,"[null,null,null,null,null,null,null,null,null,null]",
2023-01-31,cn,929,true,"[0.036861,0.032694,0.049614,0.038241,0.030567,0.020214,0.006142,-0.017691,-0.04532,-0.022781]",-0.059642
2023-01-31,us,467,true,"[-0.025367,-0.032291,-0.029701,-0.022223,-0.029194,-0.031291,-0.038091,-0.028972,-0.028767,-0.013468]",0.011899
2023-02-28,cn,929,true,"[-0.009107,0.014012,-0.01057,-0.034981,-0.013794,-0.03838,-0.002501,-0.024322,0.022927,0.024795]",0.033902
2023-02-28,us,467,true,"[-0.054441,-0.033081,-0.028962,-0.028401,-0.016686,-0.021715,-0.003122,-0.011967,0.013229,-0.017273]",0.037168
2023-03-17,us,1,false,"[null,null,null,null,null,null,null,null,null,null]",
2023-03-31,cn,929,true,"[0.032486,0.055909,0.020556,-0.011498,-0.006178,-0.022698,-0.008856,-0.08725,-0.070233,-0.08102]",-0.113506
2023-03-31,us,469,true,"[-0.002916,0.004106,-0.011883,0.008024,-0.004405,0.032829,0.00193,-0.029137,-0.040324,-0.066377]",-0.063461
2023-04-28,cn,929,true,"[-0.03529,-0.062869,-0.074811,-0.051951,-0.057175,-0.068936,-0.079168,-0.035077,-0.067121,-0.031911]",0.003379
2023-04-28,us,469,true,"[-0.038096,-0.021464,-0.037501,-0.044263,-0.038199,-0.040253,-0.025606,-0.033873,-0.027167,0.039623]",0.077719
2023-05-31,cn,929,true,"[0.009017,0.005252,-0.003502,0.008414,-0.005745,0.014365,0.005561,0.025627,0.020808,0.032671]",0.023654
2023-05-31,us,476,true,"[0.076649,0.081664,0.078245,0.060443,0.061266,0.088634,0.069458,0.080298,0.074044,0.122128]",0.045479
2023-06-07,us,1,false,"[null,null,null,null,null,null,null,null,null,null]",
2023-06-30,cn,929,true,"[0.072854,0.052576,0.051811,0.075004,0.034372,0.044159,0.023189,-0.00007,0.018272,-0.023221]",-0.096075
2023-06-30,us,476,true,"[0.015539,0.026522,0.010395,0.029516,0.028902,0.051054,0.034037,0.042681,0.027036,0.043201]",0.027662
2023-07-31,cn,929,true,"[-0.057544,-0.068103,-0.039122,-0.05795,-0.075321,-0.054399,-0.059581,-0.063835,-0.064316,-0.085008]",-0.027464
2023-07-31,us,477,true,"[-0.028518,-0.01232,-0.017872,-0.01306,-0.020748,-0.044465,-0.049006,-0.034186,-0.019013,-0.063083]",-0.034565
2023-08-28,us,1,false,"[null,null,null,null,null,null,null,null,null,null]",
2023-08-31,cn,929,true,"[-0.013877,0.000511,-0.016917,0.004619,-0.018144,-0.026721,-0.013115,-0.027297,-0.055291,-0.020896]",-0.007019
2023-08-31,us,477,true,"[-0.061767,-0.054585,-0.050776,-0.053075,-0.057253,-0.05025,-0.071201,-0.05357,-0.070815,-0.087404]",-0.025637
2023-09-15,us,2,false,"[null,null,null,null,null,null,null,null,null,null]",
2023-09-28,cn,929,true,"[-0.024922,-0.029843,-0.024706,-0.013252,-0.025125,0.011682,-0.031107,-0.004225,-0.022544,0.00021]",0.025132
2023-09-29,us,478,true,"[-0.028026,-0.04218,-0.036322,-0.030485,-0.048767,-0.043827,-0.066062,-0.058308,-0.037958,-0.097708]",-0.069682
2023-10-05,us,1,false,"[null,null,null,null,null,null,null,null,null,null]",
2023-10-17,us,1,false,"[null,null,null,null,null,null,null,null,null,null]",
2023-10-31,cn,929,true,"[-0.030865,-0.022585,-0.025565,-0.019381,-0.012672,-0.033918,-0.011027,-0.027536,-0.013168,-0.004028]",0.026837
2023-10-31,us,479,true,"[0.097043,0.095832,0.094927,0.078158,0.085746,0.081778,0.085213,0.091302,0.1119,0.116463]",0.01942
2023-11-30,cn,929,true,"[-0.003606,-0.023857,-0.033342,-0.027795,-0.022529,-0.018621,-0.019071,-0.021613,-0.007397,0.00479]",0.008396
2023-11-30,us,479,true,"[0.062725,0.058425,0.053952,0.051664,0.073031,0.068663,0.067525,0.060145,0.076206,0.126388]",0.063663
2023-12-15,us,2,false,"[null,null,null,null,null,null,null,null,null,null]",
2023-12-29,cn,929,true,"[-0.014153,0.044958,-0.037994,-0.019819,-0.060564,-0.088188,-0.100461,-0.134208,-0.101732,-0.148435]",-0.134282
2023-12-29,us,480,true,"[0.007238,0.004502,0.003797,0.000685,-0.011187,-0.000576,-0.009485,-0.020433,-0.022371,-0.0319]",-0.039138
2024-01-31,cn,929,true,"[0.099899,0.067425,0.080187,0.09169,0.104825,0.117931,0.116046,0.139529,0.158142,0.225575]",0.125676
2024-01-31,us,480,true,"[0.059062,0.046862,0.026219,0.024121,0.054846,0.055248,0.044038,0.056506,0.044969,0.064841]",0.005779
2024-02-29,cn,929,true,"[-0.009073,0.007414,-0.014897,-0.003024,-0.012395,-0.008418,-0.003997,0.002544,0.01911,-0.003602]",0.005471
2024-02-29,us,480,true,"[0.023191,0.040818,0.044526,0.044122,0.020049,0.050408,0.053121,0.058239,0.030222,0.029207]",0.006016
2024-03-15,us,2,false,"[null,null,null,null,null,null,null,null,null,null]",
2024-03-28,us,482,true,"[-0.041636,-0.041629,-0.039768,-0.038549,-0.044906,-0.031598,-0.029939,-0.038348,-0.035586,-0.013845]",0.027791
2024-03-29,cn,929,true,"[0.020885,0.038419,0.050195,0.061416,0.039832,0.025752,0.014048,0.006067,0.012654,0.009938]",-0.010947
2024-04-03,us,2,false,"[null,null,null,null,null,null,null,null,null,null]",
2024-04-30,cn,929,true,"[0.001963,0.005924,-0.013372,-0.003669,0.009368,-0.026895,0.000106,0.01314,-0.032632,-0.021641]",-0.023604
2024-04-30,us,482,true,"[0.012993,-0.000908,0.014982,0.041688,0.026942,0.00268,0.030803,0.009906,-0.007602,0.018902]",0.005909
2024-05-31,cn,929,true,"[-0.053692,-0.055105,-0.05083,-0.04552,-0.076964,-0.082391,-0.093822,-0.034301,-0.035059,0.019598]",0.07329
2024-05-31,us,483,true,"[-0.014629,-0.012923,-0.009823,-0.018997,-0.007725,-0.010181,-0.007537,-0.011241,0.008079,0.021004]",0.035633
2024-06-21,us,2,false,"[null,null,null,null,null,null,null,null,null,null]",
2024-06-28,cn,929,true,"[0.008077,-0.04916,-0.042906,-0.021678,-0.024104,-0.024963,-0.012517,-0.026457,-0.036839,0.00018]",-0.007897
2024-06-28,us,484,true,"[0.06849,0.057728,0.049236,0.044411,0.04514,0.056891,0.056285,0.001532,0.017486,-0.006185]",-0.074675
2024-07-31,cn,929,true,"[-0.05632,-0.062911,-0.053173,-0.071341,-0.074505,-0.045708,-0.063578,-0.104497,-0.060169,-0.056186]",0.000134
2024-07-31,us,485,true,"[0.017365,0.034821,0.022707,0.009586,0.029488,0.031975,0.021052,0.016691,0.000248,-0.012451]",-0.029816
2024-08-30,cn,929,true,"[0.140935,0.181847,0.236535,0.18105,0.272562,0.280397,0.214968,0.171357,0.233358,0.241751]",0.100816
2024-08-30,us,485,true,"[0.017637,0.009963,0.014595,0.022926,0.012618,0.031227,0.013877,0.016968,0.026666,0.019019]",0.001382
2024-09-20,us,3,false,"[null,null,null,null,null,null,null,null,null,null]",
2024-09-30,cn,929,true,"[0.038526,-0.007744,-0.017513,0.029167,0.004892,-0.000831,0.00408,-0.001457,0.030977,0.016803]",-0.021723
2024-09-30,us,485,true,"[-0.004178,-0.002808,-0.000415,-0.017551,-0.015315,0.011328,-0.002743,-0.033485,-0.004665,0.026257]",0.030435
2024-10-31,cn,929,true,"[0.019036,0.036757,-0.002563,0.000565,0.021339,0.011131,-0.009084,0.004933,0.020584,0.046818]",0.027782
2024-10-31,us,485,true,"[0.05972,0.06698,0.0727,0.066548,0.066487,0.06642,0.044225,0.063756,0.0379,0.050639]",-0.009081
2024-11-29,cn,929,true,"[0.023775,0.016235,0.001697,0.009298,0.035771,-0.000226,0.020477,-0.031216,-0.027019,0.020812]",-0.002963
2024-11-29,us,486,true,"[-0.069659,-0.079763,-0.076644,-0.066231,-0.066797,-0.072997,-0.052961,-0.052058,-0.050578,-0.045554]",0.024105
2024-12-24,us,2,false,"[null,null,null,null,null,null,null,null,null,null]",
2024-12-31,cn,929,true,"[-0.002156,0.012761,-0.001794,0.00222,0.003047,-0.006703,0.017545,-0.012841,-0.018673,-0.031117]",-0.028961
2024-12-31,us,487,true,"[0.02295,0.021827,0.03754,0.043884,0.02925,0.039042,0.021345,0.02257,0.032572,0.025328]",0.002378
2025-01-27,cn,929,true,"[-0.006103,0.017616,-0.006329,-0.00448,0.024153,0.034878,0.067563,0.003546,0.06255,0.057337]",0.06344
2025-01-31,us,487,true,"[-0.023348,-0.039134,-0.042698,-0.036964,-0.023843,-0.045237,-0.035251,-0.018846,-0.02378,-0.039827]",-0.016479
2025-02-28,cn,929,true,"[-0.012596,-0.008647,0.011842,0.012149,0.011698,-0.017194,0.002139,-0.028549,0.002261,-0.024003]",-0.011407
2025-02-28,us,487,true,"[-0.03872,-0.050708,-0.043432,-0.03981,-0.044566,-0.055034,-0.024879,-0.026432,0.001384,-0.031776]",0.006944
2025-03-24,us,4,false,"[null,null,null,null,null,null,null,null,null,null]",
2025-03-31,cn,929,true,"[-0.01286,-0.042001,-0.024497,-0.033506,-0.051093,-0.039392,-0.04224,-0.049012,-0.045628,-0.021694]",-0.008834
2025-03-31,us,487,true,"[-0.037821,-0.034599,-0.030304,-0.042562,-0.003115,-0.034115,-0.021427,-0.010639,-0.010835,0.000983]",0.038804
2025-04-30,cn,929,true,"[0.030274,0.044721,0.016991,0.034493,0.023121,0.01452,0.008884,0.021379,0.005099,0.029716]",-0.000558
2025-04-30,us,487,true,"[0.037897,0.034481,0.037891,0.040142,0.043106,0.040293,0.054002,0.041002,0.020422,0.101585]",0.063688
2025-05-30,cn,929,true,"[0.016642,0.030561,0.028038,0.020228,0.032301,0.012106,0.010141,0.031981,0.068919,0.000629]",-0.016013
2025-05-30,us,488,true,"[-0.002623,0.018916,0.029679,0.039018,0.050488,0.052178,0.046871,0.054322,0.076819,0.107728]",0.110351
2025-06-30,cn,929,true,"[0.082444,0.050936,0.06572,0.03836,0.050975,0.069223,0.052296,0.058547,0.071376,0.079836]",-0.002608
2025-06-30,us,488,true,"[-0.001152,0.027387,0.017533,0.023679,0.008801,0.012358,0.054388,-0.006578,0.008254,0.042579]",0.043731
2025-07-31,cn,929,true,"[0.028925,0.050222,0.108875,0.110447,0.065027,0.102258,0.059107,0.100078,0.121201,0.239037]",0.210112
2025-07-31,us,491,true,"[0.035101,0.02193,0.027749,0.035088,0.041523,0.03546,0.021796,0.021622,0.022155,0.01899]",-0.016111
2025-08-29,cn,929,true,"[-0.04212,-0.026497,-0.016334,0.005901,-0.020292,0.056166,0.033888,0.02493,0.097352,0.07756]",0.11968
2025-08-29,us,492,true,"[0.016172,0.002696,0.007989,-0.00842,-0.001405,-0.016639,-0.007974,-0.003375,0.045688,0.05031]",0.034138
2025-09-30,cn,929,true,"[0.067129,0.032128,0.038136,0.01335,0.045123,0.011779,0.00578,-0.013749,-0.029314,-0.02409]",-0.091219
2025-09-30,us,492,true,"[-0.028866,-0.01857,-0.020229,-0.023376,-0.007352,-0.01286,-0.007943,0.02093,-0.009331,0.013833]",0.042699
2025-10-31,cn,929,true,"[-0.027576,-0.018282,-0.014707,-0.01717,-0.01384,-0.033481,-0.016481,-0.009646,-0.032119,-0.024839]",0.002737
2025-10-31,us,492,true,"[0.025154,0.012713,0.027828,0.001906,0.013246,0.02615,-0.008164,0.023366,0.019761,-0.017006]",-0.04216
2025-11-28,cn,929,true,"[0.001182,0.009744,0.001641,0.036591,0.029115,0.017842,0.028833,0.002961,0.016993,0.032797]",0.031615
2025-11-28,us,492,true,"[0.005696,0.035105,0.029394,0.020667,-0.002773,-0.001828,0.022078,0.00411,0.037226,-0.009461]",-0.015157
2025-12-31,cn,929,true,"[-0.003389,-0.008776,0.029523,0.017194,0.014464,0.033402,-0.00118,-0.011963,0.013836,-0.010266]",-0.006877
2025-12-31,us,492,true,"[0.040353,0.016636,0.03148,0.03206,0.035206,0.051415,0.025736,0.023856,0.06587,0.048706]",0.008353
2026-01-30,cn,929,true,"[-0.020862,-0.000237,-0.00122,0.038487,0.0182,-0.004322,0.032876,0.037836,-0.016643,0.005591]",0.026453
2026-01-30,us,492,true,"[0.020504,0.007805,0.003516,0.029748,0.028475,0.029036,0.039217,0.01269,0.003732,0.017153]",-0.003351
2026-02-27,cn,929,true,"[-0.066193,-0.08748,-0.06465,-0.05601,-0.055329,-0.076721,-0.067461,-0.040531,-0.014757,-0.065225]",0.000968
2026-02-27,us,492,true,"[-0.080562,-0.064344,-0.087656,-0.097538,-0.048697,-0.080816,-0.070355,-0.097858,-0.06476,-0.083528]",-0.002966
2026-03-31,cn,929,true,"[0.035926,0.02744,0.024206,0.052371,0.03486,0.030869,0.051024,0.062541,0.104431,0.09751]",0.061584
2026-03-31,us,492,true,"[0.022121,0.026058,0.043592,0.025402,0.025183,0.076069,0.029161,0.041304,0.063767,0.196708]",0.174587
2026-04-30,cn,929,true,"[-0.054505,-0.060379,-0.086879,-0.066722,-0.090578,-0.021767,-0.035374,0.077036,0.023889,0.083309]",0.137814
2026-04-30,us,492,true,"[-0.014087,-0.002145,0.002042,0.015919,0.022308,0.041634,0.031077,0.067058,-0.006399,0.08617]",0.100257
2026-05-29,cn,929,true,"[-0.075596,-0.065974,-0.025395,-0.070443,-0.072037,-0.051219,-0.046467,0.008366,0.000773,0.058247]",0.133843
2026-05-29,us,492,true,"[0.058405,0.021157,0.021063,0.021837,0.003646,-0.006932,0.029118,0.032388,0.032624,-0.009391]",-0.067796
2026-06-30,cn,929,true,"[0.05304,0.013765,0.031878,0.029846,0.013502,0.011948,0.045561,-0.0634,-0.037937,-0.167836]",-0.220876
2026-06-30,us,492,true,"[0.044756,0.034519,0.026296,0.047128,0.025053,0.01638,0.016447,0.059833,0.002944,-0.008138]",-0.052894
2026-07-31,cn,929,false,"[null,null,null,null,null,null,null,null,null,null]",
2026-08-03,cn,929,false,"[null,null,null,null,null,null,null,null,null,null]",
