month,us,cn,combined
2021-01,0.36016526427167833,-0.41031840838233913,-0.0250765720553304
2021-02,-0.34604489444924813,-0.15575940251338916,-0.25090214848131864
2021-03,-0.12648756274087372,-0.07213182492747253,-0.09930969383417312
2021-04,0.1676433537269604,-0.025800085198429055,0.07092163426426568
2021-05,0.003225982101484709,0.08269835545178791,0.003225982101484709
2021-06,-0.09027070739208823,0.00820698594727127,-0.04103186072240848
2021-07,0.06572285953675491,-0.1625845974267977,-0.048430868945021396
2021-08,-0.009877702470289768,-0.10869422230672698,-0.059285962388508376
2021-09,-0.008852958682442815,-0.14463475147282864,-0.07674385507763573
2021-10,0.041639882529155126,0.09112032305957979,0.06638010279436746
2021-11,-0.09606956680990782,-0.24074784332008253,-0.16840870506499517
2021-12,-0.13175784067729696,-0.3086579850242465,-0.22020791285077174
2022-01,-0.0457827832125621,0.04265236083585593,0.04265236083585593
2022-02,-0.008456957168921458,0.09868647923743933,0.04511476103425893
2022-03,-0.07090447229561535,0.09332642898279447,0.011210978343589563
2022-04,0.010376773970318956,0.28045623656870233,0.14541650526951064
2022-05,-0.08167514566813988,0.05393696786443164,-0.01386908890185412
2022-06,0.09537613907520318,0.024438488975596816,0.0599073140254
2022-07,-0.06988501836020021,-0.08036435340131258,-0.0751246858807564
2022-08,-0.14601663482834742,-0.043872230626295416,-0.09494443272732142
2022-09,-0.049813377518632976,0.12221311843163876,0.03619987045650289
2022-10,0.10788339351123291,-0.16444732953009925,-0.028281968009433167
2022-11,-0.21721578510027204,0.006284400704617264,-0.10546569219782738
2022-12,0.3856885227243003,0.012118242860957843,0.1989033827926291
2023-01,0.04178593369024483,-0.1958140986023463,-0.07701408245605074
2023-02,0.15668487985165527,0.033438383517741484,0.09506163168469837
2023-03,-0.25344600355714997,-0.2665516535277409,-0.25999882854244544
2023-04,0.09640632470102146,0.005293209456522607,0.050849767078772035
2023-05,0.05725089638635991,0.05705059638436518,0.05715074638536255
2023-06,0.08943969246089697,-0.4162716733623624,-0.16341599045073274
2023-07,-0.15834523593916922,0.014427438514368039,-0.07195889871240059
2023-08,-0.10268869527758999,-0.11732611013986957,-0.11000740270872977
2023-09,-0.18398257731817735,-0.03824395342969757,-0.03824395342969757
2023-10,0.048899380683257485,-0.005952214180624582,0.02147358325131645
2023-11,0.14990140285287515,0.02094762377588075,0.08542451331437795
2023-12,-0.1721618800428821,-0.292966990762548,-0.23256443540271504
2024-01,0.043942030998398426,0.17474462877193758,0.10934332988516801
2024-02,0.01880107986579803,0.10524286229756485,0.06202197108168144
2024-03,0.06640461734473746,-0.09217290931206193,0.06640461734473746
2024-04,-0.03551513798672378,-0.13615235589421426,-0.08583374694046902
2024-05,0.10225858965465019,0.06429596974783124,0.08327727970124071
2024-06,-0.19528962134397934,-0.04297103467027745,-0.11913032800712839
2024-07,-0.10832305140333881,-0.09161130705374619,-0.09996717922854251
2024-08,0.006669317353478553,0.0995933467783552,0.05313133206591687
2024-09,0.04960371180302452,0.07365572631213733,0.061629719057580926
2024-10,-0.13903399295464275,-0.05323366209452401,-0.09613382752458338
2024-11,0.16475761944971706,-0.11190405842365435,0.026426780513031357
2024-12,0.01112947981250626,0.016897602216772122,0.01401354101463919
2025-01,0.03710145216636392,0.3003625644484156,0.3003625644484156
2025-02,0.17685215314842453,-0.15758270546947814,0.009634723839473197
2025-03,0.1321938712536888,-0.04676066505063647,0.04271660310152617
2025-04,0.05378902258145085,-0.017282922818463598,0.01825304988149363
2025-05,0.3854576837460177,0.03954791318941677,0.21250279846771722
2025-06,0.09044748082551037,-0.03609399425037067,0.027176743287569846
2025-07,-0.05696169680429918,0.2312444942481261,0.08714139872191345
2025-08,-0.004991242453209369,0.06919206877336559,0.03210041316007811
2025-09,0.13363019887082409,-0.2549358923757373,-0.06065284675245662
2025-10,-0.043741585918521717,-0.08423827954637168,-0.0639899327324467
2025-11,-0.1345139639620123,0.08492264039802198,-0.024795661781995153
2025-12,-0.0008870901679193977,-0.08636530673240743,-0.04362619845016341
2026-01,-0.018179302848290953,0.017021578587734017,-0.000578862130278468
2026-02,0.009167035028071206,-0.014023338642394838,-0.0024281518071618165
2026-03,0.148347996082052,0.18648807281438057,0.1674180344482163
2026-04,0.03643891133763504,0.1681337708582287,0.10228634109793187
2026-05,-0.10054195727921264,0.06780772794598942,-0.016367114666611608
2026-06,,-0.017498235240317746,-0.017498235240317746
