id,type,label,zh_label,lanes,cik,manager_routable,degree
i:0000807249,institution,"GAMCO INVESTORS, INC. ET AL",GAMCO（加贝利）,"[""13f""]",0000807249,true,"{""co_hold"":29,""co_board"":0,""co_target"":0}"
i:0000807985,institution,SOUTHEASTERN ASSET MANAGEMENT INC/TN/,东南资产管理（霍金斯）,"[""13f""]",0000807985,true,"{""co_hold"":18,""co_board"":0,""co_target"":0}"
i:0000934639,institution,MAVERICK CAPITAL LTD,小牛资本（安斯利）,"[""13f""]",0000934639,true,"{""co_hold"":38,""co_board"":0,""co_target"":0}"
i:0000949509,institution,OAKTREE CAPITAL MANAGEMENT LP,橡树资本（马克斯）,"[""13f""]",0000949509,true,"{""co_hold"":20,""co_board"":0,""co_target"":0}"
i:0001009207,institution,"D. E. Shaw & Co., Inc.",D.E. Shaw（肖）,"[""13f""]",0001009207,true,"{""co_hold"":39,""co_board"":0,""co_target"":0}"
i:0001020066,institution,"SANDS CAPITAL MANAGEMENT, LLC",Sands 资本,"[""13f""]",0001020066,true,"{""co_hold"":39,""co_board"":0,""co_target"":0}"
i:0001029160,institution,SOROS FUND MANAGEMENT LLC,索罗斯基金管理（索罗斯）,"[""13f""]",0001029160,true,"{""co_hold"":39,""co_board"":0,""co_target"":0}"
i:0001037389,institution,RENAISSANCE TECHNOLOGIES LLC,文艺复兴科技（西蒙斯）,"[""13f""]",0001037389,true,"{""co_hold"":40,""co_board"":0,""co_target"":0}"
i:0001040273,institution,Third Point LLC,Third Point（勒布）,"[""13f""]",0001040273,true,"{""co_hold"":39,""co_board"":0,""co_target"":0}"
i:0001056831,institution,FAIRHOLME CAPITAL MANAGEMENT LLC,费尔霍姆（伯克维茨）,"[""13f""]",0001056831,true,"{""co_hold"":18,""co_board"":0,""co_target"":0}"
i:0001061165,institution,LONE PINE CAPITAL LLC,独松资本（曼德尔）,"[""13f""]",0001061165,true,"{""co_hold"":34,""co_board"":0,""co_target"":0}"
i:0001061768,institution,BAUPOST GROUP LLC/MA/,Baupost（克拉曼）,"[""13f""]",0001061768,true,"{""co_hold"":37,""co_board"":0,""co_target"":0}"
i:0001067983,institution,BERKSHIRE HATHAWAY INC,伯克希尔·哈撒韦（巴菲特）,"[""13f""]",0001067983,true,"{""co_hold"":34,""co_board"":0,""co_target"":0}"
i:0001103804,institution,VIKING GLOBAL INVESTORS LP,Viking 全球投资（哈尔夫）,"[""13f""]",0001103804,true,"{""co_hold"":37,""co_board"":0,""co_target"":0}"
i:0001135730,institution,COATUE MANAGEMENT LLC,蔻图资本,"[""13f""]",0001135730,true,"{""co_hold"":40,""co_board"":0,""co_target"":0}"
i:0001135778,institution,"MILLER VALUE PARTNERS, LLC",米勒价值合伙（比尔·米勒）,"[""13f""]",0001135778,true,"{""co_hold"":27,""co_board"":0,""co_target"":0}"
i:0001138995,institution,"GLENVIEW CAPITAL MANAGEMENT, LLC",格伦维尤资本（罗宾斯）,"[""13f""]",0001138995,true,"{""co_hold"":33,""co_board"":0,""co_target"":0}"
i:0001167483,institution,TIGER GLOBAL MANAGEMENT LLC,老虎环球（科尔曼）,"[""13f""]",0001167483,true,"{""co_hold"":38,""co_board"":0,""co_target"":0}"
i:0001167557,institution,AQR CAPITAL MANAGEMENT LLC,AQR 资本（阿斯内斯）,"[""13f""]",0001167557,true,"{""co_hold"":38,""co_board"":0,""co_target"":0}"
i:0001179392,institution,"TWO SIGMA INVESTMENTS, LP",两西格玛（Two Sigma）,"[""13f""]",0001179392,true,"{""co_hold"":40,""co_board"":0,""co_target"":0}"
i:0001217541,institution,"Diamond Hill Capital Management, LLC",钻石山资本,"[""13f""]",0001217541,true,"{""co_hold"":37,""co_board"":0,""co_target"":0}"
i:0001273087,institution,MILLENNIUM MANAGEMENT LLC,千禧管理（英格兰）,"[""13f"",""13dg""]",0001273087,true,"{""co_hold"":41,""co_board"":0,""co_target"":3}"
i:0001319998,institution,Southpoint Capital Advisors LP,,"[""13f""]",0001319998,true,"{""co_hold"":31,""co_board"":0,""co_target"":0}"
i:0001325447,institution,"First Eagle Investment Management, LLC",天鹰资本（First Eagle）,"[""13f""]",0001325447,true,"{""co_hold"":37,""co_board"":0,""co_target"":0}"
i:0001336528,institution,"Pershing Square Capital Management, L.P.",潘兴广场（阿克曼）,"[""13f""]",0001336528,true,"{""co_hold"":35,""co_board"":0,""co_target"":0}"
i:0001350694,institution,"Bridgewater Associates, LP",桥水基金（达利欧）,"[""13f""]",0001350694,true,"{""co_hold"":38,""co_board"":0,""co_target"":0}"
i:0001418814,institution,"ValueAct Holdings, L.P.",ValueAct（乌本）,"[""13f""]",0001418814,true,"{""co_hold"":33,""co_board"":0,""co_target"":0}"
i:0001423053,institution,CITADEL ADVISORS LLC,城堡投资（格里芬）,"[""13f""]",0001423053,true,"{""co_hold"":39,""co_board"":0,""co_target"":0}"
i:0001448574,institution,"MOORE CAPITAL MANAGEMENT, LP",摩尔资本（培根）,"[""13f""]",0001448574,true,"{""co_hold"":37,""co_board"":0,""co_target"":0}"
i:0001517137,institution,Starboard Value LP,Starboard Value（史密斯）,"[""13f""]",0001517137,true,"{""co_hold"":11,""co_board"":0,""co_target"":0}"
i:0001535472,institution,Corvex Management LP,,"[""13f""]",0001535472,true,"{""co_hold"":34,""co_board"":0,""co_target"":0}"
i:0001536411,institution,Duquesne Family Office LLC,杜肯家族办公室（德鲁肯米勒）,"[""13f""]",0001536411,true,"{""co_hold"":39,""co_board"":0,""co_target"":0}"
i:0001603466,institution,"Point72 Asset Management, L.P.",Point72（科恩）,"[""13f""]",0001603466,true,"{""co_hold"":38,""co_board"":0,""co_target"":0}"
i:0001647251,institution,TCI Fund Management Ltd,TCI 基金（霍恩）,"[""13f""]",0001647251,true,"{""co_hold"":30,""co_board"":0,""co_target"":0}"
i:0001656456,institution,Appaloosa LP,Appaloosa（泰珀）,"[""13f""]",0001656456,true,"{""co_hold"":38,""co_board"":0,""co_target"":0}"
i:0001697748,institution,ARK Investment Management LLC,ARK 投资（伍德）,"[""13f""]",0001697748,true,"{""co_hold"":37,""co_board"":0,""co_target"":0}"
i:0001709323,institution,Himalaya Capital Management LLC,喜马拉雅资本（李录）,"[""13f""]",0001709323,true,"{""co_hold"":30,""co_board"":0,""co_target"":0}"
i:0001720792,institution,"Ruane, Cunniff & Goldfarb L.P.",瑞安·坎尼夫（红杉基金）,"[""13f""]",0001720792,true,"{""co_hold"":39,""co_board"":0,""co_target"":0}"
i:0001759760,institution,"H&H International Investment, LLC",H&H 国际投资（段永平）,"[""13f""]",0001759760,true,"{""co_hold"":36,""co_board"":0,""co_target"":0}"
i:0001762304,institution,"HHLR ADVISORS, LTD.",高瓴 HHLR（张磊）,"[""13f""]",0001762304,true,"{""co_hold"":30,""co_board"":0,""co_target"":0}"
i:0001791786,institution,Elliott Investment Management L.P.,埃利奥特（辛格）,"[""13f""]",0001791786,true,"{""co_hold"":16,""co_board"":0,""co_target"":0}"
i:0001848138,institution,Greenwoods Asset Management Hong Kong Ltd.,景林资产（蒋锦志）,"[""13f""]",0001848138,true,"{""co_hold"":35,""co_board"":0,""co_target"":0}"
i:0002051323,institution,CAXTON ASSOCIATES LLP,卡克斯顿（Caxton）,"[""13f""]",0002051323,true,"{""co_hold"":38,""co_board"":0,""co_target"":0}"
p:ADAM G. CIONGOLI,person,Adam G. Ciongoli,,"[""def14a""]",,false,"{""co_hold"":0,""co_board"":3,""co_target"":0}"
p:ADAM M. BAUMANN CHIEF,person,Adam M. Baumann Chief,,"[""def14a""]",,false,"{""co_hold"":0,""co_board"":1,""co_target"":0}"
p:AFTER REACHING,person,after reaching,,"[""def14a""]",,false,"{""co_hold"":0,""co_board"":2,""co_target"":0}"
p:ALAN RETKINSKI,person,Alan Retkinski,,"[""def14a""]",,false,"{""co_hold"":0,""co_board"":6,""co_target"":0}"
p:ALEXANDER C. MATINA,person,Alexander C. Matina,,"[""def14a""]",,false,"{""co_hold"":0,""co_board"":1,""co_target"":0}"
p:ALLERGAN AESTHETICS,person,Allergan Aesthetics,,"[""def14a""]",,false,"{""co_hold"":0,""co_board"":1,""co_target"":0}"
p:ANDREW C. COOPER,person,Andrew C. Cooper,,"[""def14a""]",,false,"{""co_hold"":0,""co_board"":3,""co_target"":0}"
p:ANDREW D. REGRUT VICE,person,Andrew D. Regrut Vice,,"[""def14a""]",,false,"{""co_hold"":0,""co_board"":1,""co_target"":0}"
p:ANDREW D. ROSS PRESIDENT,person,Andrew D. Ross President,,"[""def14a""]",,false,"{""co_hold"":0,""co_board"":1,""co_target"":0}"
p:ANDREW J. SMITH,person,Andrew J. Smith,,"[""def14a""]",,false,"{""co_hold"":0,""co_board"":1,""co_target"":0}"
p:ANDREW L. SOLE,person,Andrew L. Sole,,"[""def14a""]",,false,"{""co_hold"":0,""co_board"":1,""co_target"":0}"
p:ANTHONY M. KENNEDY,person,Anthony M. Kennedy,,"[""def14a""]",,false,"{""co_hold"":0,""co_board"":3,""co_target"":0}"
p:ARTHUR D. LITTLE,person,Arthur D. Little,,"[""def14a""]",,false,"{""co_hold"":0,""co_board"":1,""co_target"":0}"
p:DAVID LICHTENSTEIN,person,David Lichtenstein,,"[""def14a""]",,false,"{""co_hold"":0,""co_board"":8,""co_target"":0}"
p:DAVID W. LICHTENSTEIN,person,David W. Lichtenstein,,"[""def14a""]",,false,"{""co_hold"":0,""co_board"":8,""co_target"":0}"
p:EUGENE S. STARK,person,Eugene S. Stark,,"[""def14a""]",,false,"{""co_hold"":0,""co_board"":3,""co_target"":0}"
p:GEORGE R. WHITTEMORE,person,George R. Whittemore,,"[""def14a""]",,false,"{""co_hold"":0,""co_board"":8,""co_target"":0}"
p:GEORGE W. BUSH,person,George W. Bush,,"[""def14a""]",,false,"{""co_hold"":0,""co_board"":3,""co_target"":0}"
p:GRIER ELIASEK,person,Grier Eliasek,,"[""def14a""]",,false,"{""co_hold"":0,""co_board"":3,""co_target"":0}"
p:JOSEPH E. TEICHMAN,person,Joseph E. Teichman,,"[""def14a""]",,false,"{""co_hold"":0,""co_board"":8,""co_target"":0}"
p:LIGHTSTONE V. MR,person,Lightstone V. Mr,,"[""def14a""]",,false,"{""co_hold"":0,""co_board"":7,""co_target"":0}"
p:LIGHTSTONE V. PRIOR,person,Lightstone V. Prior,,"[""def14a""]",,false,"{""co_hold"":0,""co_board"":7,""co_target"":0}"
p:MITCHELL HOCHBERG,person,Mitchell Hochberg,,"[""def14a""]",,false,"{""co_hold"":0,""co_board"":8,""co_target"":0}"
p:PAY VERSUS PERFORMANCE,person,Pay Versus Performance,,"[""def14a""]",,false,"{""co_hold"":0,""co_board"":5,""co_target"":0}"
p:PRESENT DOUGLAS MILLER,person,Present Douglas Miller,,"[""def14a""]",,false,"{""co_hold"":0,""co_board"":2,""co_target"":0}"
p:PRESENT RICHARD NOTTENBURG,person,Present Richard Nottenburg,,"[""def14a""]",,false,"{""co_hold"":0,""co_board"":2,""co_target"":0}"
p:SERVICE WES CUMMINS,person,Service Wes Cummins,,"[""def14a""]",,false,"{""co_hold"":0,""co_board"":2,""co_target"":0}"
p:SETH MOLOD,person,Seth Molod,,"[""def14a""]",,false,"{""co_hold"":0,""co_board"":8,""co_target"":0}"
p:WILLIAM J. GREMP,person,William J. Gremp,,"[""def14a""]",,false,"{""co_hold"":0,""co_board"":3,""co_target"":0}"
s:(申报人见原文),staker,(申报人见原文),,"[""13dg""]",,false,"{""co_hold"":0,""co_board"":0,""co_target"":6}"
s:ALTA PARTNERS LLC,staker,Alta Partners LLC,,"[""13dg""]",,false,"{""co_hold"":0,""co_board"":0,""co_target"":2}"
s:ASCENT PARTNERS FUND LLC,staker,Ascent Partners Fund LLC,,"[""13dg""]",,false,"{""co_hold"":0,""co_board"":0,""co_target"":2}"
s:AULT MILTON C III,staker,AULT MILTON C III,,"[""13dg""]",,false,"{""co_hold"":0,""co_board"":0,""co_target"":2}"
s:BAILLIE GIFFORD & CO,staker,BAILLIE GIFFORD & CO,,"[""13dg""]",,false,"{""co_hold"":0,""co_board"":0,""co_target"":2}"
s:BDC CAPITAL INC.,staker,BDC CAPITAL INC.,,"[""13dg""]",,false,"{""co_hold"":0,""co_board"":0,""co_target"":1}"
s:BIOTECHNOLOGY VALUE FUND L P,staker,BIOTECHNOLOGY VALUE FUND L P,,"[""13dg""]",,false,"{""co_hold"":0,""co_board"":0,""co_target"":1}"
s:BLITZER MICHAEL,staker,BLITZER MICHAEL,,"[""13dg""]",,false,"{""co_hold"":0,""co_board"":0,""co_target"":2}"
s:BLUE FINN GROUP LLC,staker,Blue Finn Group LLC,,"[""13dg""]",,false,"{""co_hold"":0,""co_board"":0,""co_target"":2}"
s:CASTALDO GREGORY,staker,Castaldo Gregory,,"[""13dg""]",,false,"{""co_hold"":0,""co_board"":0,""co_target"":2}"
s:CHANG WOEI JIANN,staker,Chang Woei Jiann,,"[""13dg""]",,false,"{""co_hold"":0,""co_board"":0,""co_target"":2}"
s:CHEN CHEN CHIEN-FU,staker,Chen Chen Chien-Fu,,"[""13dg""]",,false,"{""co_hold"":0,""co_board"":0,""co_target"":1}"
s:CHEN YUN,staker,Chen Yun,,"[""13dg""]",,false,"{""co_hold"":0,""co_board"":0,""co_target"":1}"
s:CLARION PARTNERS REAL ESTATE INCOME FUND INC.,staker,Clarion Partners Real Estate Income Fund Inc.,,"[""13dg""]",,false,"{""co_hold"":0,""co_board"":0,""co_target"":1}"
s:COASTLANDS CAPITAL LP,staker,Coastlands Capital LP,,"[""13dg""]",,false,"{""co_hold"":0,""co_board"":0,""co_target"":1}"
s:CORTEGOSO PABLO,staker,CORTEGOSO PABLO,,"[""13dg""]",,false,"{""co_hold"":0,""co_board"":0,""co_target"":1}"
s:CROSSLINK CAPITAL INC,staker,CROSSLINK CAPITAL INC,,"[""13dg""]",,false,"{""co_hold"":0,""co_board"":0,""co_target"":1}"
s:DANIEL NISSIM,staker,Daniel Nissim,,"[""13dg""]",,false,"{""co_hold"":0,""co_board"":0,""co_target"":2}"
s:DAVID BISTRICER TRUST OF 2014,staker,David Bistricer Trust of 2014,,"[""13dg""]",,false,"{""co_hold"":0,""co_board"":0,""co_target"":1}"
s:DINAMARCA SANTELICES YETHRO,staker,Dinamarca Santelices Yethro,,"[""13dg""]",,false,"{""co_hold"":0,""co_board"":0,""co_target"":1}"
s:DOERR L JOHN,staker,DOERR L JOHN,,"[""13dg""]",,false,"{""co_hold"":0,""co_board"":0,""co_target"":1}"
s:FRANKLIN BSP PRIVATE CREDIT FUND,staker,Franklin BSP Private Credit Fund,,"[""13dg""]",,false,"{""co_hold"":0,""co_board"":0,""co_target"":1}"
s:GARG VISHAL,staker,Garg Vishal,,"[""13dg""]",,false,"{""co_hold"":0,""co_board"":0,""co_target"":1}"
"s:GENERAL ATLANTIC, L.P.",staker,"GENERAL ATLANTIC, L.P.",,"[""13dg""]",,false,"{""co_hold"":0,""co_board"":0,""co_target"":1}"
s:GORDONMD GLOBAL INVESTMENTS LP,staker,GordonMD Global Investments LP,,"[""13dg""]",,false,"{""co_hold"":0,""co_board"":0,""co_target"":1}"
s:HEGRO WELL PTE. LTD.,staker,Hegro Well PTE. Ltd.,,"[""13dg""]",,false,"{""co_hold"":0,""co_board"":0,""co_target"":2}"
s:HEWLETT FUND LP,staker,Hewlett Fund LP,,"[""13dg""]",,false,"{""co_hold"":0,""co_board"":0,""co_target"":1}"
"s:INFLECTION POINT FUND I, LP",staker,"Inflection Point Fund I, LP",,"[""13dg""]",,false,"{""co_hold"":0,""co_board"":0,""co_target"":2}"
s:INTEGRATED CORE STRATEGIES (US) LLC,staker,INTEGRATED CORE STRATEGIES (US) LLC,,"[""13dg""]",,false,"{""co_hold"":0,""co_board"":0,""co_target"":1}"
s:INVEST PRO SHUKAI HON LTD.,staker,Invest Pro Shukai Hon Ltd.,,"[""13dg""]",,false,"{""co_hold"":0,""co_board"":0,""co_target"":2}"
s:ISAKOW SELWYN,staker,ISAKOW SELWYN,,"[""13dg""]",,false,"{""co_hold"":0,""co_board"":0,""co_target"":1}"
s:ISHARES TRUST,staker,iSHARES TRUST,,"[""13dg""]",,false,"{""co_hold"":0,""co_board"":0,""co_target"":1}"
"s:KOPION ASSET MANAGEMENT, LLC",staker,"Kopion Asset Management, LLC",,"[""13dg""]",,false,"{""co_hold"":0,""co_board"":0,""co_target"":3}"
"s:KOTARBA PARTNERS FUND I, LP",staker,"Kotarba Partners Fund I, LP",,"[""13dg""]",,false,"{""co_hold"":0,""co_board"":0,""co_target"":1}"
s:L.I.A. PURE CAPITAL LTD,staker,L.I.A. Pure Capital Ltd,,"[""13dg""]",,false,"{""co_hold"":0,""co_board"":0,""co_target"":2}"
s:LAUDER GARY M,staker,LAUDER GARY M,,"[""13dg""]",,false,"{""co_hold"":0,""co_board"":0,""co_target"":3}"
s:LAZAR DAVID E.,staker,Lazar David E.,,"[""13dg""]",,false,"{""co_hold"":0,""co_board"":0,""co_target"":2}"
s:LEVINSON SAM,staker,Levinson Sam,,"[""13dg""]",,false,"{""co_hold"":0,""co_board"":0,""co_target"":1}"
s:LINDEN CAPITAL L.P.,staker,Linden Capital L.P.,,"[""13dg""]",,false,"{""co_hold"":0,""co_board"":0,""co_target"":3}"
s:LIU YIF,staker,Liu Yif,,"[""13dg""]",,false,"{""co_hold"":0,""co_board"":0,""co_target"":1}"
s:LSP 7 COOPERATIEF U.A.,staker,LSP 7 Cooperatief U.A.,,"[""13dg""]",,false,"{""co_hold"":0,""co_board"":0,""co_target"":1}"
s:MICHELLE CHIAM SIN LING,staker,Michelle Chiam Sin Ling,,"[""13dg""]",,false,"{""co_hold"":0,""co_board"":0,""co_target"":2}"
s:MMCAP INTERNATIONAL INC. SPC,staker,MMCAP International Inc. SPC,,"[""13dg""]",,false,"{""co_hold"":0,""co_board"":0,""co_target"":3}"
s:NEW ENTERPRISE ASSOCIATES 13 LP,staker,NEW ENTERPRISE ASSOCIATES 13 LP,,"[""13dg""]",,false,"{""co_hold"":0,""co_board"":0,""co_target"":2}"
s:OREGON COMMUNITY FOUNDATION,staker,OREGON COMMUNITY FOUNDATION,,"[""13dg""]",,false,"{""co_hold"":0,""co_board"":0,""co_target"":1}"
s:PALE FIRE CAPITAL SE,staker,Pale Fire Capital SE,,"[""13dg""]",,false,"{""co_hold"":0,""co_board"":0,""co_target"":2}"
s:PARADIGM BIOCAPITAL ADVISORS LP,staker,Paradigm Biocapital Advisors LP,,"[""13dg""]",,false,"{""co_hold"":0,""co_board"":0,""co_target"":1}"
s:POSEN JOSEPH MICHAEL,staker,Posen Joseph Michael,,"[""13dg""]",,false,"{""co_hold"":0,""co_board"":0,""co_target"":1}"
"s:PRIVATE CAPITAL MANAGEMENT, LLC",staker,"Private Capital Management, LLC",,"[""13dg""]",,false,"{""co_hold"":0,""co_board"":0,""co_target"":1}"
s:PUJARI ROSHEN,staker,PUJARI ROSHEN,,"[""13dg""]",,false,"{""co_hold"":0,""co_board"":0,""co_target"":1}"
s:QATAR INVESTMENT AUTHORITY,staker,Qatar Investment Authority,,"[""13dg""]",,false,"{""co_hold"":0,""co_board"":0,""co_target"":1}"
s:RADY ERNEST S,staker,RADY ERNEST S,,"[""13dg""]",,false,"{""co_hold"":0,""co_board"":0,""co_target"":1}"
"s:RAINFOREST PARTNERS, LLC",staker,"RainForest Partners, LLC",,"[""13dg""]",,false,"{""co_hold"":0,""co_board"":0,""co_target"":1}"
s:REDA JOSEPH,staker,Reda Joseph,,"[""13dg""]",,false,"{""co_hold"":0,""co_board"":0,""co_target"":2}"
"s:REDMILE GROUP, LLC",staker,"Redmile Group, LLC",,"[""13dg""]",,false,"{""co_hold"":0,""co_board"":0,""co_target"":1}"
s:SALUJA DIPENDER,staker,Saluja Dipender,,"[""13dg""]",,false,"{""co_hold"":0,""co_board"":0,""co_target"":1}"
s:SCULPTOR CAPITAL LP,staker,Sculptor Capital LP,,"[""13dg""]",,false,"{""co_hold"":0,""co_board"":0,""co_target"":1}"
"s:SEG OPPORTUNITY FUND, LLC",staker,"SEG Opportunity Fund, LLC",,"[""13dg""]",,false,"{""co_hold"":0,""co_board"":0,""co_target"":2}"
s:SJC LENDING LLC,staker,SJC Lending LLC,,"[""13dg""]",,false,"{""co_hold"":0,""co_board"":0,""co_target"":2}"
s:TOWERVIEW LLC,staker,TOWERVIEW LLC,,"[""13dg""]",,false,"{""co_hold"":0,""co_board"":0,""co_target"":2}"
"s:TRANSOM CAPITAL PUBLIC FUND, LP",staker,"Transom Capital Public Fund, LP",,"[""13dg""]",,false,"{""co_hold"":0,""co_board"":0,""co_target"":3}"
s:TRUMP DONALD J. JR,staker,Trump Donald J. JR,,"[""13dg""]",,false,"{""co_hold"":0,""co_board"":0,""co_target"":2}"
s:TRUMP ERIC,staker,Trump Eric,,"[""13dg""]",,false,"{""co_hold"":0,""co_board"":0,""co_target"":2}"
s:TSANG CLAUDIUS,staker,Tsang Claudius,,"[""13dg""]",,false,"{""co_hold"":0,""co_board"":0,""co_target"":1}"
s:VERADACE CAPITAL MANAGEMENT LLC,staker,Veradace Capital Management LLC,,"[""13dg""]",,false,"{""co_hold"":0,""co_board"":0,""co_target"":3}"
s:WAGNER MENACHEM,staker,Wagner Menachem,,"[""13dg""]",,false,"{""co_hold"":0,""co_board"":0,""co_target"":1}"
s:WELLINGTON BIOMEDICAL INNOVATION MASTER INVESTORS (CAYMAN) I,staker,Wellington Biomedical Innovation Master Investors (Cayman) I,,"[""13dg""]",,false,"{""co_hold"":0,""co_board"":0,""co_target"":1}"
s:WOLVERINE ASSET MANAGEMENT LLC,staker,WOLVERINE ASSET MANAGEMENT LLC,,"[""13dg""]",,false,"{""co_hold"":0,""co_board"":0,""co_target"":1}"
s:ZHAO ILEANA,staker,ZHAO ILEANA,,"[""13dg""]",,false,"{""co_hold"":0,""co_board"":0,""co_target"":1}"
