file,changed,as_of_before,as_of_after,sha_before,sha_after
sigma_survey,false,,,79fb4b7a5d30,79fb4b7a5d30
bps_sweep,true,,,0282e2f92e96,f20e8c83ecfe
power_floor,false,,,016d056b2f0f,016d056b2f0f
evidence,true,,,e898bd304053,edcf7c8dc08d
ic_monthly,true,,,69c91b82bfe3,a76b61a3dd02
score_diagnostics,true,,,d273e90574af,668f147b480c
picks,true,,,c27b2eaad5ac,9d46dd0f1987
metrics,false,,,f252d0e92936,f252d0e92936
sector_breakdown,false,,,6d2690fe0fe8,6d2690fe0fe8
picks_backtest,false,,,a8cc7d203982,a8cc7d203982
taco,false,,,d09cf71161af,d09cf71161af
freight_taco,false,2026-06,2026-06,07f1636f4d17,07f1636f4d17
companies_dir,false,,,f9ec616e868f,f9ec616e868f
korea_proxy,false,2026-08-14,2026-08-14,b8ffdf005031,b8ffdf005031
pick_conviction,false,,,1b76f3e39b6d,1b76f3e39b6d
themes,false,,,11f026314204,11f026314204
theme_signals,false,,,6c6e0fd5c3b1,6c6e0fd5c3b1
model_health,false,,,76e66b2c26fb,76e66b2c26fb
calibration_reliability,false,,,59b6dda22b76,59b6dda22b76
cot,false,,,58d3d2de4b4a,58d3d2de4b4a
form4,false,,,890e83ea209b,890e83ea209b
form8k,false,2026-10-08,2026-10-08,ba3894593892,ba3894593892
news_feed,true,2026-10-08T05:30:00Z,2026-10-08T05:30:00Z,323259fb0cb5,60a92bae7fed
form_ipo,false,,,,
form_d,false,2026-10-09,2026-10-09,1edac3432c32,1edac3432c32
form_def14a,false,,,,
def14a_persons,false,2026-10-08,2026-10-08,2cb9b241d099,2cb9b241d099
filing_stream,false,2026-10-09,2026-10-09,0fdfcd41be9a,0fdfcd41be9a
politician_trades,false,2026-08-18,2026-08-18,016fa73ec8d1,016fa73ec8d1
politician_trades_tx,false,2026-08-18 00:00:00,2026-08-18 00:00:00,0da71eee322a,0da71eee322a
party_index,false,2026-08-18 00:00:00,2026-08-18 00:00:00,1d35f92c9535,1d35f92c9535
form13f,false,2026-06-30,2026-06-30,cf3036c87b54,cf3036c87b54
form13f_stars,false,,,,
filers13f,false,2026-08-21,2026-08-21,f88468433e81,f88468433e81
market_context,false,,,082f03a8a5a9,082f03a8a5a9
macro_drivers,false,,,0ff0c40977ea,0ff0c40977ea
smart_money,false,,,19380a0f06cb,19380a0f06cb
stakes_13g,true,2026-10-08,2026-10-08,fb7fe898617f,1f7b7fdd18e3
ark,false,2026-10-09,2026-10-09,6bb2fe3157ee,6bb2fe3157ee
theme_etfs,false,2026-10-08,2026-10-08,907b5155b003,907b5155b003
reddit_meta,false,,,,
reddit_trending,false,2026-10-09T10:32:50+00:00,2026-10-09T10:32:50+00:00,c0b9dbed3e36,c0b9dbed3e36
ledger_audit,true,,,6e45ba99abb3,195eab6dcd15
horizon_robustness,false,,,624018a0b809,624018a0b809
headline_provenance,false,,,610d225f6094,610d225f6094
model_card,false,,,b1e13fdfbff8,b1e13fdfbff8
model_inventory,false,2026-08-08T19:23:40.669658+00:00,2026-08-08T19:23:40.669658+00:00,edd5a91b7e87,edd5a91b7e87
provider_vintage,false,,,23bae92a5814,23bae92a5814
ic_deciles,false,,,d8179ca9ab46,d8179ca9ab46
stock_universe,false,"{'us': '2026-06-30', 'cn': '2026-08-03'}","{'us': '2026-06-30', 'cn': '2026-08-03'}",00acc92db76c,00acc92db76c
executives,false,2026-10-08,2026-10-08,b718d391dbad,b718d391dbad
phase_dossier_meta,false,,,,
knowledge_shelf,false,2026-10-08,2026-10-08,eedfad39e75b,eedfad39e75b
evidence_matrix,false,2026-08-05,2026-08-05,933110f5fbf7,933110f5fbf7
lineage_graph,false,2026-10-08,2026-10-08,3c2c99e5cc8c,3c2c99e5cc8c
data_health,true,,,d0a74e938f94,ff592cc9a5e4
api_catalog,false,,,4ca4ec569e8f,4ca4ec569e8f
