month,d_tx,r_tx,d_buy,r_buy,n_common,n_directional,n_opposed,opposition
2023-10,1,0,0,0,0,0,0,
2024-05,1,0,1,0,0,0,0,
2024-08,1,0,1,0,0,0,0,
2024-10,0,57,0,57,0,0,0,
2024-11,1,9,1,4,0,0,0,
2024-12,0,10,0,4,0,0,0,
2025-01,1,18,1,9,0,0,0,
2025-02,1,20,1,15,1,1,0,0
2025-03,1,6,1,1,0,0,0,
2025-04,1,14,0,8,0,0,0,
2025-05,2,6,1,2,1,1,1,1
2025-06,0,4,0,3,0,0,0,
2025-07,0,27,0,10,0,0,0,
2025-08,1,11,1,6,1,1,0,0
2025-09,37,7,19,5,0,0,0,
2025-10,27,17,13,5,1,0,0,
2025-11,2,4,1,1,0,0,0,
2025-12,221,53,63,24,14,12,5,0.4167
2026-01,162,74,104,33,13,11,7,0.6364
2026-02,132,98,67,42,22,20,8,0.4
2026-03,218,90,131,49,16,14,5,0.3571
2026-04,129,47,54,19,9,6,3,0.5
2026-05,141,54,74,27,6,6,3,0.5
2026-06,102,75,66,26,13,12,8,0.6667
2026-07,23,65,11,29,4,4,1,0.25
2026-08,1,10,1,0,0,0,0,
