rank,ticker,region,name,sector,score,prob_up,rank_change
1,COIN,us,"Coinbase Global, Inc.",Finance Services,1.508,0.458,76
2,SO,us,SOUTHERN CO,Electric Services,1.415,0.46,21
3,CNP,us,CENTERPOINT ENERGY INC,Electric Services,1.341,0.463,114
4,LRCX,us,LAM RESEARCH CORP,"Special Industry Machinery, NEC",1.336,0.463,12
5,INTU,us,INTUIT INC.,Services-Prepackaged Software,1.319,0.463,138
6,KO,us,COCA COLA CO,Beverages,1.309,0.464,3
7,KLAC,us,KLA CORP,Optical Instruments & Lenses,1.208,0.467,104
8,CMS,us,CMS ENERGY CORP,Electric & Other Services Combined,1.206,0.467,131
9,CB,us,Chubb Ltd,"Fire, Marine & Casualty Insurance",1.201,0.467,53
10,MO,us,"ALTRIA GROUP, INC.",Cigarettes,1.176,0.468,-5
11,sh.688041,cn,海光信息,证监会: C39计算机、通信和其他电子设备制造业,2.28,0.43,14
12,sh.603986,cn,兆易创新,证监会: C39计算机、通信和其他电子设备制造业,2.189,0.43,-2
13,sz.300223,cn,北京君正,证监会: C39计算机、通信和其他电子设备制造业,2.145,0.431,10
14,sz.002916,cn,深南电路,证监会: C39计算机、通信和其他电子设备制造业,2.135,0.431,-6
15,sz.300502,cn,新易盛,证监会: C39计算机、通信和其他电子设备制造业,2.105,0.431,-14
16,sh.688008,cn,澜起科技,证监会: C39计算机、通信和其他电子设备制造业,2.076,0.431,59
17,sh.688256,cn,寒武纪,证监会: I65软件和信息技术服务业,1.928,0.432,-12
18,sz.300394,cn,天孚通信,证监会: C39计算机、通信和其他电子设备制造业,1.925,0.432,-16
19,sz.300308,cn,中际旭创,证监会: C39计算机、通信和其他电子设备制造业,1.782,0.433,-15
20,sh.600183,cn,生益科技,证监会: C39计算机、通信和其他电子设备制造业,1.771,0.433,-14
