date,n,std,decile_spread,top_q,bot_q
2024-10-31,1414,0.6212,1.5578,0.249,-1.309
2024-11-29,1415,0.578,1.3519,-0.032,-1.384
2024-12-31,1416,0.6127,1.489,0.183,-1.306
2025-01-27,929,0.6613,1.57,0.254,-1.316
2025-01-31,487,0.5453,1.2814,-0.007,-1.288
2025-02-28,1416,0.6378,1.6693,0.197,-1.472
2025-03-31,1416,0.4839,1.1499,0.023,-1.127
2025-04-30,1416,0.5246,1.1331,-0.092,-1.225
2025-05-30,1417,0.4469,1.0313,-0.2,-1.231
2025-06-30,1417,0.5351,1.3457,0.054,-1.292
2025-07-31,1420,0.4689,1.1149,-0.184,-1.299
2025-08-29,1421,0.5199,1.2129,-0.116,-1.329
2025-09-30,1421,0.4806,1.0999,-0.231,-1.331
2025-10-31,1421,0.536,1.2471,-0.121,-1.368
2025-11-28,1421,0.5745,1.5349,0.284,-1.25
2025-12-31,1421,0.5134,1.3385,0.053,-1.286
2026-01-30,1421,0.5642,1.5688,-0.042,-1.611
2026-02-27,1421,0.495,1.1033,-0.139,-1.242
2026-03-31,1421,0.5705,1.405,0.188,-1.217
2026-04-30,1421,0.5819,1.4,0.184,-1.216
2026-05-29,1421,0.6205,1.5365,0.267,-1.27
2026-06-30,1421,0.6417,1.6206,0.441,-1.18
2026-07-31,929,0.662,1.5549,0.452,-1.103
2026-08-03,929,0.6752,1.5733,0.452,-1.121
