rank,ticker,name,mentions,upvotes,rank_24h_ago,mentions_24h_ago
1,NVDA,NVIDIA,10,28,16,1
2,LULU,lululemon athletica,9,231,59,
3,QQQ,Invesco QQQ ETF,7,19,119,
4,AGI,Alamos Gold,6,22,94,
5,VTI,Vanguard Total Stock Market ETF,6,43,111,2
6,SPY,SPDR S&amp;P 500 ETF Trust,5,15,121,1
7,RDDT,Reddit,5,9,166,1
8,VOO,Vanguard S&amp;P 500 ETF,4,8,109,1
9,MSFT,Microsoft,3,10,6,1
10,TSLA,Tesla,3,24,4,1
11,AMD,AMD,3,-1,17,
12,MELI,MercadoLibre,3,17,2,5
13,TXG,10x Genomics,3,4,69,1
14,PBR,Petrobras,3,7,0,
15,APP,AppLovin,3,7,145,
16,INTU,Intuit,2,6,0,
17,MU,Micron Technology,2,4,32,
18,NOW,ServiceNow,2,3,34,1
19,IBD,Northern Lights Fund Trust IV - Inspire Corporate Bond Impact ETF,2,2,0,
20,RKLB,Rocket Lab USA,2,3,146,1
21,AAPL,Apple,1,1,7,
22,AMZN,Amazon,1,1,8,
23,GOOG,Alphabet (Google),1,15,9,1
24,INTC,Intel,1,1,13,
25,ADBE,Adobe,1,1,0,
26,ORCL,Oracle,1,4,18,
27,NFLX,Netflix,1,0,19,
28,MCD,McDonald,1,0,20,
29,PYPL,PayPal,1,2,0,
30,IBM,IBM,1,1,21,
31,AVGO,Broadcom,1,1,22,
32,ALL,Allstate,1,1,23,
33,ADP,Automatic Data Processing,1,1,0,
34,CI,Cigna,1,1,24,1
35,DE,Deere & Company,1,0,0,
36,DOW,Dow,1,2,26,1
37,DTE,DTE Energy,1,3,27,
38,ES,Eversource Energy,1,1,28,
39,IP,International Paper,1,1,31,1
40,NKE,Nike,1,2,33,1
41,PGR,Progressive,1,0,0,
42,SO,Southern Company,1,3,35,
43,WDC,Western Digital,1,2,39,
44,JPM,JPMorgan Chase,1,1,40,
45,UNH,UnitedHealth,1,0,0,
46,XOM,Exxon Mobil,1,3,0,
47,RE,Everest Re,1,1,41,1
48,IT,Gartner,1,3,42,
49,ISRG,Intuitive Surgical,1,1,43,
50,MCO,Moody's,1,0,0,
51,SPGI,S&P Global,1,0,0,
52,STX,Seagate Technology,1,2,44,
53,ASML,ASML,1,6,45,
54,VICR,Vicor,1,1,48,1
55,OLED,Universal Display Corporation,1,1,49,
56,SMCI,Supermicro,1,2,52,
57,SLM,Sallie Mae,1,1,0,
58,METC,Ramaco Resources,1,1,53,1
59,PTC,PTC,1,11,0,
60,PS,Pluralsight,1,1,54,
61,ON,ON Semiconductor,1,1,55,
62,OKTA,Okta,1,0,56,1
63,MRVL,Marvell Technology Group,1,0,58,
64,IQ,iQIYI,1,9,60,
65,BLDR,Builders FirstSource,1,0,59,1
66,ATRC,AtriCure,1,0,62,1
67,VST,Vistra,1,1,63,
68,CC,Chemours,1,1,65,
69,DECK,Deckers Brands,1,113,71,
70,FICO,FICO,1,4,68,
71,LTC,LTC Properties,1,1,0,
72,PB,Prosperity Bancshares,1,1,0,
73,RNG,RingCentral,1,0,67,1
74,WTI,W&amp;T Offshore,1,2,68,
75,IBKR,Interactive Brokers,1,-6,71,1
76,CRWD,CrowdStrike,1,1,73,
77,CDNA,CareDx,1,0,74,1
78,ARGX,Argenx,1,1,0,
79,UUUU,Energy Fuels,1,1,3,3
80,TTM,Tata Motors,1,0,73,1
81,SOL,ReneSola,1,9,78,
82,PANW,Palo Alto Networks,1,1,79,
83,OR,Osisko Gold Royalties,1,1,80,1
84,HBM,Hudbay Minerals,1,87,81,
85,ET,Energy Transfer Partners,1,36,82,
86,DT,Dynatrace,1,0,83,1
87,CVI,CVR Energy,1,1,84,1
88,NET,Cloudflare,1,2,85,1
89,BYD,Boyd Gaming,1,1,88,1
90,BE,Bloom Energy,1,1,89,
91,BB,BlackBerry,1,1,90,
92,ASX,ASE Group,1,5,91,
93,AM,Antero Midstream,1,1,92,
94,AB,AllianceBernstein,1,1,93,1
95,PLTR,Palantir,1,1,95,
96,USO,United States Commodity Funds LLC - United States Oil Fund,1,3,96,
97,UAE,BlackRock Institutional Trust Company N.A. - iShares MSCI UAE ETF,1,1,97,1
98,JUST,Goldman Sachs ETF Trust - Goldman Sachs Just Us Large Cap Equity ETF,1,3,98,
99,SPCX,SpaceX,1,20,99,1
100,SCHD,Schwab Strategic Trust - CSIM Schwab US Dividend Equity ETF,1,1,100,
