month,region,n,score_mean,score_std,score_iqr,rank_autocorr
2021-01,cn,929,-0.96863,0.607444,0.695692,
2021-01,us,446,-1.803919,0.970988,0.994268,
2021-02,cn,929,-0.904301,0.712405,0.850033,0.585803
2021-02,us,447,-1.277035,0.817707,0.905523,0.75012
2021-03,cn,929,-0.875621,0.648535,0.957276,0.194064
2021-03,us,450,-1.233293,0.965546,1.171209,0.698055
2021-04,cn,929,-0.989997,0.738447,0.754001,0.266411
2021-04,us,447,-1.240286,0.767775,0.724382,0.745193
2021-05,cn,929,-0.96008,0.592006,0.56976,0.636097
2021-05,us,448,-1.020593,0.595401,0.417474,0.484262
2021-06,cn,929,-1.030428,0.628251,0.608321,0.549065
2021-06,us,449,-1.041233,0.402482,0.410575,0.508904
2021-07,cn,929,-0.878893,0.646797,0.76293,0.595837
2021-07,us,450,-1.30755,0.584086,0.50673,0.55858
2021-08,cn,929,-0.848722,0.676737,0.786839,0.297548
2021-08,us,452,-1.142932,0.525144,0.541864,0.61866
2021-09,cn,929,-0.813071,0.556875,0.786933,0.437442
2021-09,us,454,-1.202428,0.74322,0.923951,0.2853
2021-10,cn,929,-0.88781,0.54442,0.719782,0.526673
2021-10,us,451,-1.407846,0.627094,0.652764,0.515622
2021-11,cn,929,-0.908783,0.539551,0.693638,0.565979
2021-11,us,451,-2.369059,1.001488,0.900779,0.626796
2021-12,cn,929,-1.026572,0.631712,0.562529,0.407141
2021-12,us,454,-1.061588,0.650142,0.799064,0.718978
2022-01,cn,929,-0.82269,0.514215,0.590746,0.46952
2022-01,us,453,-1.030078,0.684553,0.692824,0.58386
2022-02,cn,929,-0.779002,0.488618,0.668709,0.480896
2022-02,us,454,-1.125855,0.633121,0.779406,0.647651
2022-03,cn,929,-0.814316,0.500521,0.617175,0.415706
2022-03,us,455,-0.840069,0.560294,0.690786,0.566376
2022-04,cn,929,-0.631468,0.605603,0.85471,0.371175
2022-04,us,457,-0.736137,0.63093,0.840711,0.579695
2022-05,cn,929,-0.805496,0.472782,0.52055,0.413047
2022-05,us,458,-0.639257,0.527033,0.624979,0.564102
2022-06,cn,929,-0.804552,0.644266,0.850212,0.530373
2022-06,us,463,-0.622746,0.512175,0.583876,0.529136
2022-07,cn,929,-0.939235,0.553681,0.50078,0.616744
2022-07,us,460,-1.140019,0.516652,0.554314,0.454466
2022-08,cn,929,-0.918923,0.533073,0.459365,0.607713
2022-08,us,460,-0.876621,0.633167,0.52518,0.605447
2022-09,cn,929,-1.012574,0.449638,0.41826,0.676599
2022-09,us,462,-0.619312,0.637875,0.667135,0.581197
2022-10,cn,929,-0.919965,0.546084,0.670544,0.674443
2022-10,us,463,-1.041065,0.530718,0.478167,0.583962
2022-11,cn,929,-0.886037,0.478607,0.433291,0.488612
2022-11,us,465,-1.078057,0.54984,0.503701,0.562417
2022-12,cn,929,-1.01544,0.523674,0.412068,0.660757
2022-12,us,467,-0.895471,0.517775,0.461954,0.70332
2023-01,cn,929,-1.017684,0.44015,0.388724,0.710462
2023-01,us,468,-1.033564,0.426259,0.439853,0.540994
2023-02,cn,929,-1.009632,0.478857,0.420324,0.631164
2023-02,us,467,-0.977336,0.4243,0.440751,0.556754
2023-03,cn,929,-1.135412,0.413829,0.3571,0.633053
2023-03,us,470,-1.086357,0.523918,0.487156,0.46585
2023-04,cn,929,-0.983883,0.554108,0.518648,0.551115
2023-04,us,469,-1.135024,0.473266,0.460979,0.602026
2023-05,cn,929,-0.976074,0.454264,0.338007,0.61923
2023-05,us,476,-0.810238,0.373035,0.38834,0.574556
2023-06,cn,929,-1.091934,0.490001,0.410876,0.593943
2023-06,us,477,-1.052575,0.499006,0.512509,0.685668
2023-07,cn,929,-1.042935,0.513255,0.371798,0.555247
2023-07,us,477,-1.303185,0.499398,0.417522,0.54794
2023-08,cn,929,-1.006461,0.364338,0.334314,0.554142
2023-08,us,478,-1.008363,0.435835,0.382556,0.596621
2023-09,cn,929,-1.354986,0.441241,0.26324,0.467566
2023-09,us,480,-1.093619,0.482885,0.536567,0.694973
2023-10,cn,929,-1.055979,0.453643,0.383085,0.525575
2023-10,us,481,-1.522772,0.712677,0.601578,0.626754
2023-11,cn,929,-1.030237,0.29516,0.247496,0.646613
2023-11,us,479,-0.978462,0.551668,0.58162,0.651772
2023-12,cn,929,-1.066149,0.433282,0.286619,0.647179
2023-12,us,482,-0.800189,0.664662,0.896293,0.536377
2024-01,cn,929,-0.778642,0.68769,1.028706,0.513644
2024-01,us,480,-0.891079,0.609699,0.697746,0.565793
2024-02,cn,929,-0.85854,0.616512,0.492208,0.507004
2024-02,us,480,-0.8605,0.558219,0.562135,0.669261
2024-03,cn,929,-0.85779,0.628415,0.625048,0.687549
2024-03,us,484,-0.97786,0.485205,0.599431,0.686224
2024-04,cn,929,-0.702123,0.628578,1.015226,0.447406
2024-04,us,484,-0.851154,0.66551,0.790277,0.577103
2024-05,cn,929,-0.78523,0.536939,0.582271,0.54001
2024-05,us,483,-1.044772,0.458069,0.479083,0.693519
2024-06,cn,929,-0.735804,0.685802,0.816126,0.66181
2024-06,us,486,-0.944661,0.480558,0.486066,0.7091
2024-07,cn,929,-0.785043,0.541133,0.723046,0.737439
2024-07,us,485,-0.877716,0.509125,0.531877,0.707151
2024-08,cn,929,-0.867895,0.639512,0.554166,0.692706
2024-08,us,485,-0.970363,0.495269,0.491567,0.692003
2024-09,cn,929,-0.506444,0.573588,0.846324,0.230439
2024-09,us,488,-1.085456,0.629806,0.595795,0.69669
2024-10,cn,929,-0.658331,0.621891,0.500172,0.500709
2024-10,us,485,-0.844312,0.60201,0.780926,0.661152
2024-11,cn,929,-0.794575,0.563723,0.562505,0.613516
2024-11,us,486,-0.89174,0.599738,0.917363,0.752857
2024-12,cn,929,-0.777762,0.606364,0.555016,0.591946
2024-12,us,489,-0.760612,0.629662,0.941616,0.794383
2025-01,cn,929,-0.808871,0.66127,0.578017,0.652588
2025-01,us,487,-0.770192,0.54532,0.747118,0.787479
2025-02,cn,929,-1.020793,0.550463,0.432139,0.6648
2025-02,us,487,-0.757537,0.7485,1.211827,0.688123
2025-03,cn,929,-0.852193,0.424658,0.26065,0.658913
2025-03,us,491,-0.490733,0.502731,0.60852,0.647789
2025-04,cn,929,-0.829235,0.550959,0.433599,0.588124
2025-04,us,487,-0.731768,0.464013,0.477657,0.395709
2025-05,cn,929,-0.904304,0.423897,0.278777,0.623011
2025-05,us,488,-0.843571,0.485587,0.506869,0.589038
2025-06,cn,929,-0.938749,0.486708,0.370322,0.668758
2025-06,us,488,-0.714343,0.589886,0.609857,0.519485
2025-07,cn,929,-0.963687,0.46926,0.305976,0.646637
2025-07,us,491,-0.744816,0.433765,0.44693,0.688917
2025-08,cn,929,-0.865982,0.522728,0.420258,0.633061
2025-08,us,492,-0.92063,0.513268,0.462433,0.420715
2025-09,cn,929,-0.938296,0.497832,0.377137,0.722248
2025-09,us,492,-0.940823,0.446684,0.507757,0.43632
2025-10,cn,929,-0.923985,0.494178,0.393557,0.59345
2025-10,us,492,-0.919232,0.607637,0.682329,0.787865
2025-11,cn,929,-0.790942,0.552163,0.477133,0.71154
2025-11,us,492,-0.738885,0.613702,0.639486,0.752617
2025-12,cn,929,-0.835679,0.530927,0.483402,0.737452
2025-12,us,492,-0.878623,0.477707,0.495161,0.735871
2026-01,cn,929,-0.775898,0.452158,0.483602,0.672179
2026-01,us,492,-1.116158,0.677073,0.878776,0.757296
2026-02,cn,929,-0.838041,0.393623,0.407605,0.640863
2026-02,us,492,-0.732795,0.639202,0.794834,0.760844
2026-03,cn,929,-0.70231,0.569996,0.6844,0.547092
2026-03,us,492,-0.699964,0.571889,0.509877,0.401948
2026-04,cn,929,-0.719175,0.548605,0.590346,0.607446
2026-04,us,492,-0.622065,0.635706,0.955353,0.355547
2026-05,cn,929,-0.682982,0.581751,0.684999,0.667601
2026-05,us,492,-0.606777,0.685543,1.09801,0.745309
2026-06,cn,929,-0.601925,0.578754,0.683261,0.527761
2026-06,us,492,-0.306872,0.707582,1.194686,0.802967
2026-07,cn,929,-0.42261,0.662011,0.95708,0.444032
2026-08,cn,929,-0.431804,0.675175,0.972032,0.938698
