source,arm,sigma_observed,n_cross,sigma_pure_noise,excess_ratio
track_c_confirmatory,us,0.1385957851503543,465,0.046423834544262965,2.9854445784354517
track_c_confirmatory,cn,0.1451516740194486,929,0.032826608214930636,4.421768861073766
track_c_confirmatory,combined,0.10584125959661678,1386.5,0.026870460745022952,3.9389447245046254
track_c_joint_asym35,us,0.1629184673837762,465,0.046423834544262965,3.5093711879496086
track_c_joint_asym35,cn,0.14197363070293811,929,0.032826608214930636,4.324955833797163
track_c_joint_asym35,combined,0.11141161920629798,1386.5,0.026870460745022952,4.146248933484851
track_c_joint_asym41,us,0.1385957851503543,465,0.046423834544262965,2.9854445784354517
track_c_joint_asym41,cn,0.1451516740194486,929,0.032826608214930636,4.421768861073766
track_c_joint_asym41,combined,0.10584125959661678,1386.5,0.026870460745022952,3.9389447245046254
track_c_joint,us,0.15415532530329354,465,0.046423834544262965,3.32060733062267
track_c_joint,cn,0.13071993795472628,929,0.032826608214930636,3.982133551503213
track_c_joint,combined,0.10188567565445986,1386.5,0.026870460745022952,3.791735341692327
phase_b/a7fdb48f5942,ic_state,0.09593680273542816,462,0.04657464328326223,2.0598505103292
phase_b/d31580630ff3,ic_state,0.11430628593655928,462,0.04657464328326223,2.4542600410562483
phase_b/ef321e9ee808,ic_state,0.09902161616196405,462,0.04657464328326223,2.126084263484847
phase_b/a7fdb48f5942,ic_base,0.09465441338415403,462,0.04657464328326223,2.0323164432731247
phase_b/d31580630ff3,ic_base,0.09465441338415403,462,0.04657464328326223,2.0323164432731247
phase_b/ef321e9ee808,ic_base,0.0947331683304705,462,0.04657464328326223,2.0340073836811383
