filer,target,ticker,date,form,is_amendment,url,pct_now,pct_prev,pct_status
(申报人见原文),"ADARx Pharmaceuticals, Inc.",,2026-10-05,SC 13D,false,http://www.sec.gov/Archives/edgar/data/1802369/0001072613-26-000820-index.htm,9.3,,
(申报人见原文),"SR ONE CAPITAL MANAGEMENT, LLC",,2026-10-05,SC 13D,false,http://www.sec.gov/Archives/edgar/data/1853723/0001072613-26-000820-index.htm,9.3,,
(申报人见原文),Arbutus Biopharma Corp,ABUS,2026-10-05,SC 13D/A,true,http://www.sec.gov/Archives/edgar/data/1447028/0001140361-26-038693-index.htm,19.5,,
(申报人见原文),Roivant Sciences Ltd.,ROIV,2026-10-05,SC 13D/A,true,http://www.sec.gov/Archives/edgar/data/1635088/0001140361-26-038693-index.htm,19.5,,
(申报人见原文),BANK OF AMERICA CORP /DE/,BAC,2026-10-05,SC 13D/A,true,http://www.sec.gov/Archives/edgar/data/70858/0000070858-26-000474-index.htm,52.5,,
(申报人见原文),Nuveen Quality Municipal Income Fund,NAD,2026-10-05,SC 13D/A,true,http://www.sec.gov/Archives/edgar/data/1083839/0000070858-26-000474-index.htm,52.5,,
BW Group Ltd,Navigator Holdings Ltd.,NVGS,2026-10-05,SC 13D/A,true,http://www.sec.gov/Archives/edgar/data/1581804/0001213900-26-106816-index.htm,6.6,,
Garg Vishal,Better Home & Finance Holding Co,BETR,2026-10-05,SC 13D/A,true,http://www.sec.gov/Archives/edgar/data/1835856/0000921895-26-002736-index.htm,13.7,,
"CARRONADE CAPITAL MANAGEMENT, LP","Cannae Holdings, Inc.",CNNE,2026-10-05,SC 13D/A,true,http://www.sec.gov/Archives/edgar/data/1704720/0000921895-26-002737-index.htm,8.8,,
CK Amarillo LP,"HERTZ GLOBAL HOLDINGS, INC",HTZ,2026-10-05,SC 13D/A,true,http://www.sec.gov/Archives/edgar/data/1657853/0000905148-26-004357-index.htm,50.9,,
(申报人见原文),"Constitution Capital Access Fund, LLC",,2026-10-05,SC 13D/A,true,http://www.sec.gov/Archives/edgar/data/1918767/0000919574-26-006652-index.htm,66.6,,
(申报人见原文),Universities Superannuation Scheme Ltd as sole corporate tru,,2026-10-05,SC 13D/A,true,http://www.sec.gov/Archives/edgar/data/1523591/0000919574-26-006652-index.htm,66.6,,
Pelham Miles Christian,Diginex Ltd,DGNX,2026-10-05,SC 13D/A,true,http://www.sec.gov/Archives/edgar/data/2010499/0001493152-26-045761-index.htm,39.2,,
Erez REIT Opportunities LP,"Empire State Realty Trust, Inc.",ESRT,2026-10-05,SC 13D,false,http://www.sec.gov/Archives/edgar/data/1541401/0000902664-26-004065-index.htm,4.4,,below_5
Goldenwise Capital Group Ltd,"Phunware, Inc.",PHUN,2026-10-05,SC 13D/A,true,http://www.sec.gov/Archives/edgar/data/1665300/0001989386-26-000012-index.htm,8,,
"MFN Partners, LP","RXO, Inc.",RXO,2026-10-05,SC 13D,false,http://www.sec.gov/Archives/edgar/data/1929561/0001193125-26-414547-index.htm,19.3,,
TDR Capital II Investments LP,Target Hospitality Corp.,TH,2026-10-05,SC 13D/A,true,http://www.sec.gov/Archives/edgar/data/1712189/0000950142-26-002684-index.htm,16.6,,
(申报人见原文),"ADARx Pharmaceuticals, Inc.",,2026-10-02,SC 13D,false,http://www.sec.gov/Archives/edgar/data/1802369/0000947871-26-000917-index.htm,14,,
(申报人见原文),ORBIMED ADVISORS LLC,,2026-10-02,SC 13D,false,http://www.sec.gov/Archives/edgar/data/1055951/0000947871-26-000917-index.htm,14,,
Michelle Chiam Sin Ling,"Aterian, Inc.",ATER,2026-10-02,SC 13D,false,http://www.sec.gov/Archives/edgar/data/1757715/0001437749-26-031908-index.htm,10,,
Chang Woei Jiann,"Aterian, Inc.",ATER,2026-10-02,SC 13D,false,http://www.sec.gov/Archives/edgar/data/1757715/0001437749-26-031910-index.htm,10,,
(申报人见原文),BANK OF AMERICA CORP /DE/,BAC,2026-10-02,SC 13D/A,true,http://www.sec.gov/Archives/edgar/data/70858/0000070858-26-000471-index.htm,50.7,,
(申报人见原文),Nuveen Municipal Credit Opportunities Fund,NMCO,2026-10-02,SC 13D/A,true,http://www.sec.gov/Archives/edgar/data/1774342/0000070858-26-000471-index.htm,50.7,,
"GAMCO INVESTORS, INC. ET AL",BEASLEY BROADCAST GROUP INC,BBGI,2026-10-02,SC 13D/A,true,http://www.sec.gov/Archives/edgar/data/1099160/0000807249-26-000088-index.htm,0,,exited
CORTEGOSO PABLO,Stardust Power Inc.,SDST,2026-10-02,SC 13D/A,true,http://www.sec.gov/Archives/edgar/data/1831979/0001493152-26-045571-index.htm,0.86,,below_5
Chernett Jorey,"CVRx, Inc.",CVRX,2026-10-02,SC 13D/A,true,http://www.sec.gov/Archives/edgar/data/1235912/0001193805-26-001332-index.htm,0.62,,below_5
Clarion Partners Real Estate Income Fund Inc.,FRANKLIN TEMPLETON INC,BEN,2026-10-02,SC 13D/A,true,http://www.sec.gov/Archives/edgar/data/38777/0000038777-26-000256-index.htm,66.6,,
Levinson Sam,Clipper Realty Inc.,CLPR,2026-10-02,SC 13D/A,true,http://www.sec.gov/Archives/edgar/data/1649096/0001539497-26-002632-index.htm,46.6,,
Cohen Ryan,GameStop Corp.,GME,2026-10-02,SC 13D/A,true,http://www.sec.gov/Archives/edgar/data/1326380/0000921895-26-002718-index.htm,8.9,,
WILLIAMS RANDA DUNCAN,ENTERPRISE PRODUCTS PARTNERS L.P.,EPD,2026-10-02,SC 13D/A,true,http://www.sec.gov/Archives/edgar/data/1061219/0001104659-26-113274-index.htm,32.6,,
Hegro Well PTE. Ltd.,GOWell Energy Technology,GOW,2026-10-02,SC 13D,false,http://www.sec.gov/Archives/edgar/data/2097702/0001213900-26-106583-index.htm,74,,
"Inflection Point Fund I, LP",GOWell Energy Technology,GOW,2026-10-02,SC 13D,false,http://www.sec.gov/Archives/edgar/data/2097702/0001213900-26-106590-index.htm,9.87,,
Nuzzo Marco,Genenta Science S.p.A.,GNTA,2026-10-02,SC 13D/A,true,http://www.sec.gov/Archives/edgar/data/1838716/0001493152-26-045500-index.htm,11.5,,
"Kotarba Partners Fund I, LP",JEWETT CAMERON TRADING CO LTD,JCTC,2026-10-02,SC 13D/A,true,http://www.sec.gov/Archives/edgar/data/885307/0001104659-26-113171-index.htm,20.98,,
OREGON COMMUNITY FOUNDATION,JEWETT CAMERON TRADING CO LTD,JCTC,2026-10-02,SC 13D/A,true,http://www.sec.gov/Archives/edgar/data/885307/0001217160-26-000076-index.htm,16,,
JONAS HOWARD S,"Zedge, Inc.",ZDGE,2026-10-02,SC 13D,false,http://www.sec.gov/Archives/edgar/data/1667313/0001213900-26-106074-index.htm,15.6,,
LAUDER GARY M,"SOUNDTHINKING, INC.",SSTI,2026-10-02,SC 13D,false,http://www.sec.gov/Archives/edgar/data/1351636/0001140361-26-038446-index.htm,17,,
Patel Kirtan Sanjaykumar,"LogicMark, Inc.",LGMK,2026-10-02,SC 13D,false,http://www.sec.gov/Archives/edgar/data/1566826/0002157971-26-000001-index.htm,5.6,,
REALTY ADVISORS INC,"New Concept Energy, Inc.",GBR,2026-10-02,SC 13D/A,true,http://www.sec.gov/Archives/edgar/data/105744/0001273348-26-000013-index.htm,33.7,,
Stedham Adam H,"OpenWorld, Inc.",VRME,2026-10-02,SC 13D/A,true,http://www.sec.gov/Archives/edgar/data/1104038/0000891839-26-000433-index.htm,0.6,,below_5
PUJARI ROSHEN,Stardust Power Inc.,SDST,2026-10-02,SC 13D/A,true,http://www.sec.gov/Archives/edgar/data/1831979/0001493152-26-045572-index.htm,3.12,,below_5
"ADVENT INTERNATIONAL, L.P.",Definitive Healthcare Corp.,DH,2026-10-01,SC 13D/A,true,http://www.sec.gov/Archives/edgar/data/1861795/0001140361-26-038313-index.htm,58.54,,
(申报人见原文),AMERICAN EXPRESS CO,AXP,2026-10-01,SC 13D/A,true,http://www.sec.gov/Archives/edgar/data/4962/0000004962-26-000356-index.htm,,,
(申报人见原文),"Global Business Travel Group, Inc.",GBTG,2026-10-01,SC 13D/A,true,http://www.sec.gov/Archives/edgar/data/1820872/0000004962-26-000356-index.htm,,,
(申报人见原文),"AMG BBH Asset-Backed Credit Fund, LLC",,2026-10-01,SC 13D/A,true,http://www.sec.gov/Archives/edgar/data/2097545/0001193125-26-410420-index.htm,35.3,,
(申报人见原文),AMG New York Holdings Corp.,,2026-10-01,SC 13D/A,true,http://www.sec.gov/Archives/edgar/data/2073844/0001193125-26-410420-index.htm,35.3,,
AULT MILTON C III,"Hyperscale Data, Inc.",GPUS,2026-10-01,SC 13D/A,true,http://www.sec.gov/Archives/edgar/data/896493/0001193805-26-001309-index.htm,63.9,,
Alpine Fox Capital LLC,Sono Group N.V.,SSM,2026-10-01,SC 13D,false,http://www.sec.gov/Archives/edgar/data/1840416/0002096493-26-000005-index.htm,21.5,,
(申报人见原文),"BLACKROCK MUNIHOLDINGS FUND, INC.",MHD,2026-10-01,SC 13D/A,true,http://www.sec.gov/Archives/edgar/data/1034665/0001193125-26-410213-index.htm,100,,
(申报人见原文),JPMORGAN CHASE & CO,JPM,2026-10-01,SC 13D/A,true,http://www.sec.gov/Archives/edgar/data/19617/0001193125-26-410213-index.htm,100,,
Warbington Timothy,"CREATIVE MEDICAL TECHNOLOGY HOLDINGS, INC.",CELZ,2026-10-01,SC 13D,false,http://www.sec.gov/Archives/edgar/data/1187953/0001477932-26-005959-index.htm,13.7,,
"GATE CITY CAPITAL MANAGEMENT, LLC",Canterbury Park Holding Corp,CPHC,2026-10-01,SC 13D,false,http://www.sec.gov/Archives/edgar/data/1672909/0001398344-26-017759-index.htm,9.35,,
KANDERS WARREN B,Clarus Corp,CLAR,2026-10-01,SC 13D/A,true,http://www.sec.gov/Archives/edgar/data/913277/0001104659-26-112901-index.htm,20.2,,
FORD GERALD J,Hilltop Holdings Inc.,HTH,2026-10-01,SC 13D/A,true,http://www.sec.gov/Archives/edgar/data/1265131/0000945621-26-001210-index.htm,27.3,,
(申报人见原文),"Hyperscale Data, Inc.",GPUS,2026-10-01,SC 13D/A,true,http://www.sec.gov/Archives/edgar/data/896493/0000921895-26-002701-index.htm,39.3,,
(申报人见原文),"UNIVERSAL SAFETY PRODUCTS, INC.",UUU,2026-10-01,SC 13D/A,true,http://www.sec.gov/Archives/edgar/data/102109/0000921895-26-002701-index.htm,39.3,,
Nokia Solutions & Networks Oy,INSEEGO CORP.,INSG,2026-10-01,SC 13D,false,http://www.sec.gov/Archives/edgar/data/1022652/0001193125-26-410680-index.htm,14.2,,
Zhuoling International Ltd,"JinkoSolar Holding Co., Ltd.",JKS,2026-10-01,SC 13D/A,true,http://www.sec.gov/Archives/edgar/data/1481513/0001104659-26-112558-index.htm,5.1,,
Kanayama Mei,"Tokyo Lifestyle Co., Ltd.",TKLF,2026-10-01,SC 13D/A,true,http://www.sec.gov/Archives/edgar/data/1836242/0001213900-26-105762-index.htm,69.3,,
PERCEPTIVE ADVISORS LLC,"Kardigan, Inc.",KARD,2026-10-01,SC 13D/A,true,http://www.sec.gov/Archives/edgar/data/2123613/0001193125-26-410754-index.htm,8.8,,
"Karpus Management, Inc.",WESTERN ASSET INFLATION-LINKED INCOME FUND,WIA,2026-10-01,SC 13D/A,true,http://www.sec.gov/Archives/edgar/data/1254370/0001072613-26-000808-index.htm,38.14,,
"Mudrick Capital Management, L.P.","Vroom, Inc.",VRM,2026-10-01,SC 13D/A,true,http://www.sec.gov/Archives/edgar/data/1580864/0001104659-26-112919-index.htm,76.1,,
Wang Ching-Dong,SL Science Holding Ltd,SLBT,2026-10-01,SC 13D/A,true,http://www.sec.gov/Archives/edgar/data/2070534/0001104659-26-112846-index.htm,59.53,,
3E NETWORK TECHNOLOGY PTE.LTD,3 E Network Technology Group Ltd,MASK,2026-09-30,SC 13D,false,http://www.sec.gov/Archives/edgar/data/1993097/0001185185-26-004439-index.htm,13.4,,
(申报人见原文),AGL Private Credit Income Fund,,2026-09-30,SC 13D/A,true,http://www.sec.gov/Archives/edgar/data/2011498/0001011438-26-000589-index.htm,75.1,,
(申报人见原文),Abu Dhabi Investment Authority,,2026-09-30,SC 13D/A,true,http://www.sec.gov/Archives/edgar/data/1362558/0001011438-26-000589-index.htm,75.1,,
(申报人见原文),"AMG BBH Asset-Backed Credit Fund, LLC",,2026-09-30,SC 13D/A,true,http://www.sec.gov/Archives/edgar/data/2097545/0000929638-26-003756-index.htm,64.75,,
(申报人见原文),BROWN BROTHERS HARRIMAN & CO,,2026-09-30,SC 13D/A,true,http://www.sec.gov/Archives/edgar/data/14661/0000929638-26-003756-index.htm,64.75,,
"TPG GP A, LLC","Allogene Therapeutics, Inc.",ALLO,2026-09-30,SC 13D/A,true,http://www.sec.gov/Archives/edgar/data/1737287/0001999371-26-021654-index.htm,0,,exited
BAKER BROS. ADVISORS LP,Kodiak Sciences Inc.,KOD,2026-09-30,SC 13D/A,true,http://www.sec.gov/Archives/edgar/data/1468748/0001104659-26-112371-index.htm,35,,
Blackstone Holdings III L.P.,Bumble Inc.,BMBL,2026-09-30,SC 13D/A,true,http://www.sec.gov/Archives/edgar/data/1830043/0001193125-26-409166-index.htm,0.3,,below_5
COX ENTERPRISES INC ET AL,"CHARTER COMMUNICATIONS, INC. /MO/",CHTR,2026-09-30,SC 13D/A,true,http://www.sec.gov/Archives/edgar/data/1091667/0001104659-26-112404-index.htm,28.7,,
KANDERS WARREN B,"Cadre Holdings, Inc.",CDRE,2026-09-30,SC 13D/A,true,http://www.sec.gov/Archives/edgar/data/1860543/0001104659-26-112476-index.htm,25.8,,
Ocho Investments LLC,Digimarc Corp,DMRC,2026-09-30,SC 13D/A,true,http://www.sec.gov/Archives/edgar/data/2119322/0001193125-26-409540-index.htm,18.5,,
Equinox Partners Investment Management LLC,Silvercrest Asset Management Group Inc.,SAMG,2026-09-30,SC 13D,false,http://www.sec.gov/Archives/edgar/data/1549966/0001013594-26-000998-index.htm,7.1,,
Evo Fund,"Super League Enterprise, Inc.",SLE,2026-09-30,SC 13D/A,true,http://www.sec.gov/Archives/edgar/data/1621672/0001437749-26-031611-index.htm,9.9,,
Infinite Acquisitions Partners LLC,"Falcon's Beyond Global, Inc.",FBYD,2026-09-30,SC 13D/A,true,http://www.sec.gov/Archives/edgar/data/1937987/0001193125-26-409204-index.htm,26.71,,
"Fund 1 Investments, LLC","Xponential Fitness, Inc.",XPOF,2026-09-30,SC 13D/A,true,http://www.sec.gov/Archives/edgar/data/1802156/0000921895-26-002688-index.htm,9.9,,
HERZFELD THOMAS J,"Herzfeld Credit Income Fund, Inc",HERZ,2026-09-30,SC 13D/A,true,http://www.sec.gov/Archives/edgar/data/880406/0001398344-26-017616-index.htm,43.35,,
Ho Michael,Hut 8 Corp.,HUT,2026-09-30,SC 13D/A,true,http://www.sec.gov/Archives/edgar/data/1964789/0001104659-26-112495-index.htm,5.13,,
Zhu Muchun,Intercont (Cayman) Ltd,NCT,2026-09-30,SC 13D/A,true,http://www.sec.gov/Archives/edgar/data/2018529/0001493152-26-045086-index.htm,58.7,,
Joseph Vicky Wai Yee,MERCURY GENERAL CORP,MCY,2026-09-30,SC 13D,false,http://www.sec.gov/Archives/edgar/data/64996/0001193125-26-409121-index.htm,35.3,,
(申报人见原文),NC SLF Inc.,,2026-09-30,SC 13D/A,true,http://www.sec.gov/Archives/edgar/data/1844684/0001104659-26-112480-index.htm,99.3,,
(申报人见原文),UAW Retiree Medical Benefits Trust,,2026-09-30,SC 13D/A,true,http://www.sec.gov/Archives/edgar/data/1480561/0001104659-26-112480-index.htm,99.3,,
"NCCS Management, LLC",ONE Nuclear Energy Inc.,HVII,2026-09-30,SC 13D,false,http://www.sec.gov/Archives/edgar/data/1846416/0001493152-26-045190-index.htm,4.6,,below_5
"Transom Capital Public Fund, LP","SOUNDTHINKING, INC.",SSTI,2026-09-30,SC 13D,false,http://www.sec.gov/Archives/edgar/data/1351636/0001140361-26-038126-index.htm,1.16,,below_5
Veradace Capital Management LLC,"SOUNDTHINKING, INC.",SSTI,2026-09-30,SC 13D/A,true,http://www.sec.gov/Archives/edgar/data/1351636/0001772351-26-000012-index.htm,15.8,,
"Saba Capital Management, L.P.",Virtus Total Return Fund Inc.,ZTR,2026-09-30,SC 13D,false,http://www.sec.gov/Archives/edgar/data/836412/0001062993-26-005116-index.htm,5.04,,
3D Investment Partners Pte. Ltd.,MEDICINOVA INC,MNOV,2026-09-29,SC 13D/A,true,http://www.sec.gov/Archives/edgar/data/1226616/0001213900-26-104738-index.htm,9.9,,
Lazar David E.,"Aterian, Inc.",ATER,2026-09-29,SC 13D/A,true,http://www.sec.gov/Archives/edgar/data/1757715/0001829126-26-010591-index.htm,3.1,,below_5
Tsang Claudius,BEST SPAC I Acquisition Corp.,BSAA,2026-09-29,SC 13D,false,http://www.sec.gov/Archives/edgar/data/2051587/0001213900-26-104723-index.htm,80,,
"CWRE SSF Securities Holding, LP","BrightSpire Capital, Inc.",BRSP,2026-09-29,SC 13D,false,http://www.sec.gov/Archives/edgar/data/1717547/0000921895-26-002666-index.htm,8.7,,
Cohen Ryan,GameStop Corp.,GME,2026-09-29,SC 13D/A,true,http://www.sec.gov/Archives/edgar/data/1326380/0000921895-26-002669-index.htm,8.8,,
Cohen Ryan,GameStop Corp.,GME,2026-09-29,SC 13D/A,true,http://www.sec.gov/Archives/edgar/data/1326380/0000921895-26-002679-index.htm,8.8,,
"Conifer Management, L.L.C.",GROUP 1 AUTOMOTIVE INC,GPI,2026-09-29,SC 13D/A,true,http://www.sec.gov/Archives/edgar/data/1031203/0000905148-26-004293-index.htm,15.4,,
DOVE ROSS,Heritage Global Inc.,HGBL,2026-09-29,SC 13D/A,true,http://www.sec.gov/Archives/edgar/data/849145/0001193125-26-408045-index.htm,5.8,,
SIT INVESTMENT ASSOCIATES INC,DWS MUNICIPAL INCOME TRUST,KTF,2026-09-29,SC 13D/A,true,http://www.sec.gov/Archives/edgar/data/839533/0000769317-26-000010-index.htm,22.9,,
SIT INVESTMENT ASSOCIATES INC,Eaton Vance Ltd Duration Income Fund,EVV,2026-09-29,SC 13D/A,true,http://www.sec.gov/Archives/edgar/data/1222922/0000769317-26-000011-index.htm,7.7,,
Erez REIT Opportunities LP,"UMH PROPERTIES, INC.",UMH,2026-09-29,SC 13D/A,true,http://www.sec.gov/Archives/edgar/data/752642/0000902664-26-003983-index.htm,4,,below_5
Ever Orient International Ltd,KE Holdings Inc.,BEKE,2026-09-29,SC 13D/A,true,http://www.sec.gov/Archives/edgar/data/1809587/0001104659-26-111513-index.htm,4.7,,below_5
Qatar Investment Authority,"Global Business Travel Group, Inc.",GBTG,2026-09-29,SC 13D/A,true,http://www.sec.gov/Archives/edgar/data/1820872/0001140361-26-037988-index.htm,0,,exited
HONIG JONATHAN,MoneyHero Ltd,MNY,2026-09-29,SC 13D,false,http://www.sec.gov/Archives/edgar/data/1974044/0000921895-26-002662-index.htm,2.1,,below_5
HighSage Ventures LLC,People Inc,PPLI,2026-09-29,SC 13D,false,http://www.sec.gov/Archives/edgar/data/1800227/0000905148-26-004287-index.htm,6.6,,
International Finance Corp,LESAKA TECHNOLOGIES INC,LSAK,2026-09-29,SC 13D/A,true,http://www.sec.gov/Archives/edgar/data/1041514/0001193125-26-407970-index.htm,3.81,,below_5
WYNNEFIELD PARTNERS SMALL CAP VALUE LP I,"LIFECORE BIOMEDICAL, INC. \DE\",LFCR,2026-09-29,SC 13D/A,true,http://www.sec.gov/Archives/edgar/data/1005286/0001104659-26-111939-index.htm,6.3,,
(申报人见原文),NorthStrive Acquisition Corp I.,NSAI,2026-09-29,SC 13D,false,http://www.sec.gov/Archives/edgar/data/2133719/0001213900-26-104805-index.htm,21.43,,
(申报人见原文),PMGC Holdings Inc.,ELAB,2026-09-29,SC 13D,false,http://www.sec.gov/Archives/edgar/data/1840563/0001213900-26-104805-index.htm,21.43,,
Oasis Management Co Ltd.,VAIL RESORTS INC,MTN,2026-09-29,SC 13D/A,true,http://www.sec.gov/Archives/edgar/data/812011/0000902664-26-003970-index.htm,9,,
Sheffield Bryan,Tamboran Resources Corp,TBN,2026-09-29,SC 13D/A,true,http://www.sec.gov/Archives/edgar/data/1997652/0001193125-26-408033-index.htm,10.4,,
VICUS AVSHALOM OFER,ADURO CLEAN TECHNOLOGIES INC.,ADUR,2026-09-28,SC 13D/A,true,http://www.sec.gov/Archives/edgar/data/1863934/0001062993-26-005092-index.htm,24.9,,
Liu Yif,AIFU Inc.,AIFU,2026-09-28,SC 13D/A,true,http://www.sec.gov/Archives/edgar/data/1413855/0001213900-26-104074-index.htm,29.84,,
ZHAO ILEANA,AIFU Inc.,AIFU,2026-09-28,SC 13D/A,true,http://www.sec.gov/Archives/edgar/data/1413855/0001213900-26-104075-index.htm,63.37,,
AULT MILTON C III,"Hyperscale Data, Inc.",GPUS,2026-09-28,SC 13D/A,true,http://www.sec.gov/Archives/edgar/data/896493/0001193805-26-001290-index.htm,60.6,,
"Endeavor Blockchain, LLC","Big Digital Energy, Inc.",BGDE,2026-09-28,SC 13D/A,true,http://www.sec.gov/Archives/edgar/data/1218683/0000912282-26-001308-index.htm,44.1,,
"Bindley Capital Partners I, LLC","Guardian Pharmacy Services, Inc.",GRDN,2026-09-28,SC 13D/A,true,http://www.sec.gov/Archives/edgar/data/1802255/0001193125-26-405492-index.htm,26.3,,
Philip & Daniele Barach Family Trust,Celularity Inc,CELU,2026-09-28,SC 13D/A,true,http://www.sec.gov/Archives/edgar/data/1752828/0001104659-26-111279-index.htm,29,,
SPRUCE HOUSE INVESTMENT MANAGEMENT LLC,Colliers International Group Inc.,CIGI,2026-09-28,SC 13D/A,true,http://www.sec.gov/Archives/edgar/data/913353/0001493152-26-044677-index.htm,6.5,,
"D. E. SHAW & CO, L.P.","Gossamer Bio, Inc.",GOSS,2026-09-28,SC 13D/A,true,http://www.sec.gov/Archives/edgar/data/1728117/0001104659-26-111463-index.htm,4.9,,below_5
Franklin BSP Private Credit Fund,FRANKLIN TEMPLETON INC,BEN,2026-09-28,SC 13D/A,true,http://www.sec.gov/Archives/edgar/data/38777/0000038777-26-000255-index.htm,60.3,,
Kwan Suk Yee,Happy City Holdings Ltd,HCHL,2026-09-28,SC 13D/A,true,http://www.sec.gov/Archives/edgar/data/2046656/0001213900-26-104069-index.htm,0,,exited
