filer,target,ticker,date,form,doc_url,pct_now,pct_prev,pct_status
WOLVERINE ASSET MANAGEMENT LLC,AA Mission Acquisition Corp. II,YCY,2026-10-06,SC 13G/A,https://www.sec.gov/Archives/edgar/data/2075336/0001140361-26-038765-index.htm,3.08,,below_5
(申报人见原文),AMERICAN BEACON SELECT FUNDS,,2026-10-06,SC 13G,https://www.sec.gov/Archives/edgar/data/1096012/0001727336-26-000015-index.htm,27,,
(申报人见原文),"First Command Advisory Services, Inc.",,2026-10-06,SC 13G,https://www.sec.gov/Archives/edgar/data/1727336/0001727336-26-000015-index.htm,27,,
Neuberger Berman Group LLC,AMERICAN STATES WATER CO,AWR,2026-10-06,SC 13G/A,https://www.sec.gov/Archives/edgar/data/1056903/0001465109-26-000078-index.htm,4.9,,below_5
(申报人见原文),ATS AUTOMATION TOOLING SYSTEMS INC,,2026-10-06,SC 13G/A,https://www.sec.gov/Archives/edgar/data/1405196/0001361974-26-000011-index.htm,6.4,,
(申报人见原文),"Beutel, Goodman & Co Ltd.",,2026-10-06,SC 13G/A,https://www.sec.gov/Archives/edgar/data/1361974/0001361974-26-000011-index.htm,6.4,,
Alta Partners LLC,"Huachen AI Parking Management Technology Holding Co., Ltd",HCAI,2026-10-06,SC 13G,https://www.sec.gov/Archives/edgar/data/1958399/0001094891-26-000303-index.htm,6.5,,
Citadel Securities GP LLC,"AmpliTech Group, Inc.",AMPG,2026-10-06,SC 13G,https://www.sec.gov/Archives/edgar/data/1518461/0001104659-26-114133-index.htm,5.7,,
(申报人见原文),"Ares Dynamic Credit Allocation Fund, Inc.",ARDC,2026-10-06,SC 13G/A,https://www.sec.gov/Archives/edgar/data/1515324/0000945621-26-001221-index.htm,19.5,,
(申报人见原文),SUN LIFE FINANCIAL INC,SLF,2026-10-06,SC 13G/A,https://www.sec.gov/Archives/edgar/data/1097362/0000945621-26-001221-index.htm,19.5,,
Sun Life Assurance Co of Canada,"Ares Dynamic Credit Allocation Fund, Inc.",ARDC,2026-10-06,SC 13G/A,https://www.sec.gov/Archives/edgar/data/1515324/0000945621-26-001223-index.htm,19.5,,
TANG CAPITAL MANAGEMENT LLC,"Atea Pharmaceuticals, Inc.",AVIR,2026-10-06,SC 13G,https://www.sec.gov/Archives/edgar/data/1593899/0001214659-26-012604-index.htm,6,,
Capital World Investors,Aura Minerals Inc.,AUGO,2026-10-06,SC 13G/A,https://www.sec.gov/Archives/edgar/data/1468642/0001422849-26-000155-index.htm,10.2,,
"BML Investment Partners, L.P.",Connect Biopharma Holdings Ltd,CNTB,2026-10-06,SC 13G,https://www.sec.gov/Archives/edgar/data/1835268/0001373604-26-000057-index.htm,6.1,,
"BML Investment Partners, L.P.","Outset Medical, Inc.",OM,2026-10-06,SC 13G/A,https://www.sec.gov/Archives/edgar/data/1484612/0001373604-26-000055-index.htm,14.7,,
(申报人见原文),BNY Mellon ETF Trust,,2026-10-06,SC 13G,https://www.sec.gov/Archives/edgar/data/1493580/0001727336-26-000016-index.htm,25,,
(申报人见原文),"First Command Advisory Services, Inc.",,2026-10-06,SC 13G,https://www.sec.gov/Archives/edgar/data/1727336/0001727336-26-000016-index.htm,25,,
Bar Israel,Maris Tech Ltd.,MTEK,2026-10-06,SC 13G/A,https://www.sec.gov/Archives/edgar/data/1872964/0001185185-26-004600-index.htm,20.64,,
WOLVERINE ASSET MANAGEMENT LLC,Blueport Acquisition Ltd,BPAC,2026-10-06,SC 13G/A,https://www.sec.gov/Archives/edgar/data/2064177/0001140361-26-038761-index.htm,4.74,,below_5
"GLAZER CAPITAL, LLC",Bowhead Specialty Holdings Inc.,BOW,2026-10-06,SC 13G,https://www.sec.gov/Archives/edgar/data/2002473/0001076809-26-000115-index.htm,5.2,,
CITADEL ADVISORS LLC,Quantinuum Inc.,QNT,2026-10-06,SC 13G,https://www.sec.gov/Archives/edgar/data/2110105/0001104659-26-114121-index.htm,7,,
CITADEL ADVISORS LLC,REALLOYS INC.,ALOY,2026-10-06,SC 13G,https://www.sec.gov/Archives/edgar/data/1567900/0001104659-26-114124-index.htm,5.9,,
CITADEL ADVISORS LLC,"Starfighters Space, Inc.",FJET,2026-10-06,SC 13G,https://www.sec.gov/Archives/edgar/data/1947016/0001104659-26-114128-index.htm,6,,
CITADEL ADVISORS LLC,Eco Wave Power Global AB (publ),WAVE,2026-10-06,SC 13G,https://www.sec.gov/Archives/edgar/data/1846715/0001104659-26-114131-index.htm,9.85,,
CSS LLC/IL,Oceanhawk Acquisition Corp.,OHAC,2026-10-06,SC 13G,https://www.sec.gov/Archives/edgar/data/2090787/0001103646-26-000013-index.htm,5.49,,
Capital Research Global Investors,ROYAL CARIBBEAN CRUISES LTD,RCL,2026-10-06,SC 13G/A,https://www.sec.gov/Archives/edgar/data/884887/0001422848-26-000124-index.htm,6.4,,
Capital World Investors,"SKYWORKS SOLUTIONS, INC.",SWKS,2026-10-06,SC 13G,https://www.sec.gov/Archives/edgar/data/4127/0001422849-26-000156-index.htm,10.1,,
Capital World Investors,New Fortress Energy Inc.,NFE,2026-10-06,SC 13G,https://www.sec.gov/Archives/edgar/data/1749723/0001422849-26-000157-index.htm,12.2,,
WOLVERINE ASSET MANAGEMENT LLC,Cayson Acquisition Corp,CAPN,2026-10-06,SC 13G/A,https://www.sec.gov/Archives/edgar/data/2024203/0001140361-26-038764-index.htm,3.09,,below_5
WOLVERINE ASSET MANAGEMENT LLC,EQV Ventures Acquisition Corp. II,EVAC,2026-10-06,SC 13G/A,https://www.sec.gov/Archives/edgar/data/2042902/0001140361-26-038771-index.htm,4.97,,below_5
Neuberger Berman Group LLC,"Hagerty, Inc.",HGTY,2026-10-06,SC 13G/A,https://www.sec.gov/Archives/edgar/data/1840776/0001465109-26-000080-index.htm,11.1,,
Helikon Investments Ltd,People Inc,PPLI,2026-10-06,SC 13G/A,https://www.sec.gov/Archives/edgar/data/1800227/0001172661-26-004408-index.htm,11.44,,
WELLINGTON MANAGEMENT GROUP LLP,"Hub Group, Inc.",HUBG,2026-10-06,SC 13G/A,https://www.sec.gov/Archives/edgar/data/940942/0000902219-26-000319-index.htm,4,,below_5
JENNISON ASSOCIATES LLC,Neurogene Inc.,NGNE,2026-10-06,SC 13G,https://www.sec.gov/Archives/edgar/data/1404644/0000053417-26-000058-index.htm,11.1,,
Karminski Michal Adam,Zcash ETF,ZCSH,2026-10-06,SC 13G/A,https://www.sec.gov/Archives/edgar/data/1720265/0002157255-26-000003-index.htm,100,,
WELLINGTON MANAGEMENT GROUP LLP,"Latham Group, Inc.",SWIM,2026-10-06,SC 13G/A,https://www.sec.gov/Archives/edgar/data/1833197/0000902219-26-000318-index.htm,10.2,,
Paradice Investment Management Pty Ltd,"Life360, Inc.",LIF,2026-10-06,SC 13G/A,https://www.sec.gov/Archives/edgar/data/1581760/0001172661-26-004407-index.htm,4.44,,below_5
MILLENNIUM MANAGEMENT LLC,"Sweetgreen, Inc.",SG,2026-10-06,SC 13G/A,https://www.sec.gov/Archives/edgar/data/1477815/0001104659-26-114138-index.htm,4.7,,below_5
WOLVERINE ASSET MANAGEMENT LLC,Maywood Acquisition Corp. 2,MYX,2026-10-06,SC 13G/A,https://www.sec.gov/Archives/edgar/data/2080087/0001140361-26-038776-index.htm,4.94,,below_5
Neuberger Berman Group LLC,TETRA TECHNOLOGIES INC,TTI,2026-10-06,SC 13G/A,https://www.sec.gov/Archives/edgar/data/844965/0001465109-26-000077-index.htm,4.9,,below_5
Neuberger Berman Group LLC,Xperi Inc.,XPER,2026-10-06,SC 13G/A,https://www.sec.gov/Archives/edgar/data/1788999/0001465109-26-000079-index.htm,4.7,,below_5
WOLVERINE ASSET MANAGEMENT LLC,Newbridge Acquisition Ltd,NBRG,2026-10-06,SC 13G/A,https://www.sec.gov/Archives/edgar/data/1918414/0001140361-26-038748-index.htm,8.77,,
WOLVERINE ASSET MANAGEMENT LLC,Newbury Street II Acquisition Corp,NTWO,2026-10-06,SC 13G/A,https://www.sec.gov/Archives/edgar/data/2028027/0001140361-26-038777-index.htm,0.08,,below_5
WOLVERINE ASSET MANAGEMENT LLC,Origin Investment Corp I,ORIQ,2026-10-06,SC 13G,https://www.sec.gov/Archives/edgar/data/2044523/0001140361-26-038740-index.htm,5.22,,
WOLVERINE ASSET MANAGEMENT LLC,PANTAGES CAPITAL ACQUISITION Corp,PGAC,2026-10-06,SC 13G/A,https://www.sec.gov/Archives/edgar/data/2030829/0001140361-26-038750-index.htm,6.58,,
WOLVERINE ASSET MANAGEMENT LLC,Quantumsphere Acquisition Corp,QUMS,2026-10-06,SC 13G/A,https://www.sec.gov/Archives/edgar/data/2070900/0001140361-26-038779-index.htm,2.95,,below_5
WELLINGTON MANAGEMENT GROUP LLP,REDWOOD TRUST INC,RWT,2026-10-06,SC 13G/A,https://www.sec.gov/Archives/edgar/data/930236/0000902219-26-000320-index.htm,17,,
WOLVERINE ASSET MANAGEMENT LLC,SPACSphere Acquisition Corp.,SSAC,2026-10-06,SC 13G/A,https://www.sec.gov/Archives/edgar/data/2081300/0001140361-26-038752-index.htm,5.22,,
WOLVERINE ASSET MANAGEMENT LLC,STARRY SEA ACQUISITION CORP,SSEA,2026-10-06,SC 13G/A,https://www.sec.gov/Archives/edgar/data/2059165/0001140361-26-038773-index.htm,5.02,,
WOLVERINE ASSET MANAGEMENT LLC,Solarius Capital Acquisition Corp.,SOCA,2026-10-06,SC 13G/A,https://www.sec.gov/Archives/edgar/data/2065948/0001140361-26-038756-index.htm,3.89,,below_5
WOLVERINE ASSET MANAGEMENT LLC,StoneBridge Acquisition II Corp,APAC,2026-10-06,SC 13G/A,https://www.sec.gov/Archives/edgar/data/2043630/0001140361-26-038755-index.htm,2.98,,below_5
WOLVERINE ASSET MANAGEMENT LLC,XFLH Capital Corp,XFLH,2026-10-06,SC 13G,https://www.sec.gov/Archives/edgar/data/2088103/0001140361-26-038767-index.htm,5.02,,
WOLVERINE ASSET MANAGEMENT LLC,Westin Acquisition Corp,WSTN,2026-10-06,SC 13G/A,https://www.sec.gov/Archives/edgar/data/2076192/0001140361-26-038760-index.htm,2.65,,below_5
WOLVERINE ASSET MANAGEMENT LLC,Wintergreen Acquisition Corp.,WTG,2026-10-06,SC 13G/A,https://www.sec.gov/Archives/edgar/data/2053927/0001140361-26-038781-index.htm,2.03,,below_5
(申报人见原文),AMERISAFE INC,AMSF,2026-10-05,SC 13G/A,https://www.sec.gov/Archives/edgar/data/1018979/0002012383-26-003313-index.htm,8.1,,
(申报人见原文),"BlackRock, Inc.",BLK,2026-10-05,SC 13G/A,https://www.sec.gov/Archives/edgar/data/2012383/0002012383-26-003313-index.htm,8.1,,
(申报人见原文),AXT INC,AXTI,2026-10-05,SC 13G/A,https://www.sec.gov/Archives/edgar/data/1051627/0002012383-26-003311-index.htm,14.3,,
(申报人见原文),"BlackRock, Inc.",BLK,2026-10-05,SC 13G/A,https://www.sec.gov/Archives/edgar/data/2012383/0002012383-26-003311-index.htm,14.3,,
AdvisorShares Trust,PSYENCE BIOMEDICAL LTD.,PBM,2026-10-05,SC 13G,https://www.sec.gov/Archives/edgar/data/1985062/0000929638-26-003844-index.htm,6.78,,
AdvisorShares Trust,Neuphoria Therapeutics Inc.,NEUP,2026-10-05,SC 13G,https://www.sec.gov/Archives/edgar/data/1191070/0000929638-26-003845-index.htm,5.78,,
AdvisorShares Trust,Quantum Biopharma Ltd.,QNTM,2026-10-05,SC 13G/A,https://www.sec.gov/Archives/edgar/data/1771885/0000929638-26-003843-index.htm,4.95,,below_5
(申报人见原文),"Alignment Healthcare, Inc.",ALHC,2026-10-05,SC 13G/A,https://www.sec.gov/Archives/edgar/data/1832466/0002012383-26-003312-index.htm,11.3,,
(申报人见原文),"BlackRock, Inc.",BLK,2026-10-05,SC 13G/A,https://www.sec.gov/Archives/edgar/data/2012383/0002012383-26-003312-index.htm,11.3,,
Alta Partners LLC,C3is Inc.,CISS,2026-10-05,SC 13G/A,https://www.sec.gov/Archives/edgar/data/1951067/0001094891-26-000295-index.htm,3.1,,below_5
Alta Partners LLC,Sunshine Biopharma Inc.,SBFM,2026-10-05,SC 13G/A,https://www.sec.gov/Archives/edgar/data/1402328/0001094891-26-000296-index.htm,4.9,,below_5
Alta Partners LLC,"Onfolio Holdings, Inc",ONFO,2026-10-05,SC 13G/A,https://www.sec.gov/Archives/edgar/data/1825452/0001094891-26-000297-index.htm,0.5,,below_5
WOLVERINE ASSET MANAGEMENT LLC,Andretti Acquisition Corp. II,POLE,2026-10-05,SC 13G/A,https://www.sec.gov/Archives/edgar/data/2025341/0001140361-26-038584-index.htm,0.07,,below_5
BlackRock Portfolio Management LLC,Angi Inc.,ANGI,2026-10-05,SC 13G,https://www.sec.gov/Archives/edgar/data/1705110/0002052113-26-000871-index.htm,12.5,,
(申报人见原文),"Arcutis Biotherapeutics, Inc.",ARQT,2026-10-05,SC 13G/A,https://www.sec.gov/Archives/edgar/data/1787306/0002012383-26-003314-index.htm,14.1,,
(申报人见原文),"BlackRock, Inc.",BLK,2026-10-05,SC 13G/A,https://www.sec.gov/Archives/edgar/data/2012383/0002012383-26-003314-index.htm,14.1,,
Ascent Partners Fund LLC,C3is Inc.,CISS,2026-10-05,SC 13G/A,https://www.sec.gov/Archives/edgar/data/1951067/0001753926-26-001894-index.htm,0,,exited
(申报人见原文),"AtriCure, Inc.",ATRC,2026-10-05,SC 13G/A,https://www.sec.gov/Archives/edgar/data/1323885/0002012383-26-003315-index.htm,15.4,,
(申报人见原文),"BlackRock, Inc.",BLK,2026-10-05,SC 13G/A,https://www.sec.gov/Archives/edgar/data/2012383/0002012383-26-003315-index.htm,15.4,,
BAILLIE GIFFORD & CO,"Coursera, Inc.",COUR,2026-10-05,SC 13G/A,https://www.sec.gov/Archives/edgar/data/1651562/0001088875-26-000063-index.htm,0,,exited
BIOTECHNOLOGY VALUE FUND L P,Foghorn Therapeutics Inc.,FHTX,2026-10-05,SC 13G/A,https://www.sec.gov/Archives/edgar/data/1822462/0000921895-26-002729-index.htm,7.6,,
"YA II PN, Ltd.",Beneficient,BENF,2026-10-05,SC 13G/A,https://www.sec.gov/Archives/edgar/data/1775734/0001104659-26-113724-index.htm,0,,exited
LYTTON LAURENCE W,Birchtech Corp.,BCHT,2026-10-05,SC 13G,https://www.sec.gov/Archives/edgar/data/728385/0000935836-26-000520-index.htm,5.2,,
(申报人见原文),BlackRock ETF Trust,,2026-10-05,SC 13G/A,https://www.sec.gov/Archives/edgar/data/1761055/0002052113-26-000872-index.htm,34.6,,
(申报人见原文),BlackRock Portfolio Management LLC,,2026-10-05,SC 13G/A,https://www.sec.gov/Archives/edgar/data/2052113/0002052113-26-000872-index.htm,34.6,,
(申报人见原文),BlackRock ETF Trust,,2026-10-05,SC 13G/A,https://www.sec.gov/Archives/edgar/data/1761055/0002052113-26-000873-index.htm,73.9,,
(申报人见原文),BlackRock Portfolio Management LLC,,2026-10-05,SC 13G/A,https://www.sec.gov/Archives/edgar/data/2052113/0002052113-26-000873-index.htm,73.9,,
(申报人见原文),BlackRock ETF Trust,,2026-10-05,SC 13G/A,https://www.sec.gov/Archives/edgar/data/1761055/0002052113-26-000874-index.htm,94.9,,
(申报人见原文),BlackRock Portfolio Management LLC,,2026-10-05,SC 13G/A,https://www.sec.gov/Archives/edgar/data/2052113/0002052113-26-000874-index.htm,94.9,,
(申报人见原文),BlackRock ETF Trust,,2026-10-05,SC 13G/A,https://www.sec.gov/Archives/edgar/data/1761055/0002052113-26-000875-index.htm,1.7,,below_5
(申报人见原文),BlackRock Portfolio Management LLC,,2026-10-05,SC 13G/A,https://www.sec.gov/Archives/edgar/data/2052113/0002052113-26-000875-index.htm,1.7,,below_5
(申报人见原文),BlackRock ETF Trust II,,2026-10-05,SC 13G/A,https://www.sec.gov/Archives/edgar/data/1804196/0002052113-26-000889-index.htm,50,,
(申报人见原文),BlackRock Portfolio Management LLC,,2026-10-05,SC 13G/A,https://www.sec.gov/Archives/edgar/data/2052113/0002052113-26-000889-index.htm,50,,
(申报人见原文),BlackRock ETF Trust II,,2026-10-05,SC 13G/A,https://www.sec.gov/Archives/edgar/data/1804196/0002052113-26-000898-index.htm,1.5,,below_5
(申报人见原文),BlackRock Portfolio Management LLC,,2026-10-05,SC 13G/A,https://www.sec.gov/Archives/edgar/data/2052113/0002052113-26-000898-index.htm,1.5,,below_5
(申报人见原文),BlackRock Portfolio Management LLC,,2026-10-05,SC 13G,https://www.sec.gov/Archives/edgar/data/2052113/0002052113-26-000887-index.htm,100,,
(申报人见原文),iSHARES TRUST,,2026-10-05,SC 13G,https://www.sec.gov/Archives/edgar/data/1100663/0002052113-26-000887-index.htm,100,,
(申报人见原文),BlackRock Portfolio Management LLC,,2026-10-05,SC 13G,https://www.sec.gov/Archives/edgar/data/2052113/0002052113-26-000891-index.htm,11.1,,
(申报人见原文),"iShares, Inc.",,2026-10-05,SC 13G,https://www.sec.gov/Archives/edgar/data/930667/0002052113-26-000891-index.htm,11.1,,
(申报人见原文),BlackRock Portfolio Management LLC,,2026-10-05,SC 13G/A,https://www.sec.gov/Archives/edgar/data/2052113/0002052113-26-000876-index.htm,19.8,,
(申报人见原文),iSHARES TRUST,,2026-10-05,SC 13G/A,https://www.sec.gov/Archives/edgar/data/1100663/0002052113-26-000876-index.htm,19.8,,
(申报人见原文),BlackRock Portfolio Management LLC,,2026-10-05,SC 13G/A,https://www.sec.gov/Archives/edgar/data/2052113/0002052113-26-000877-index.htm,59.8,,
(申报人见原文),iSHARES TRUST,,2026-10-05,SC 13G/A,https://www.sec.gov/Archives/edgar/data/1100663/0002052113-26-000877-index.htm,59.8,,
(申报人见原文),BlackRock Portfolio Management LLC,,2026-10-05,SC 13G/A,https://www.sec.gov/Archives/edgar/data/2052113/0002052113-26-000878-index.htm,86.8,,
(申报人见原文),iSHARES TRUST,,2026-10-05,SC 13G/A,https://www.sec.gov/Archives/edgar/data/1100663/0002052113-26-000878-index.htm,86.8,,
(申报人见原文),BlackRock Portfolio Management LLC,,2026-10-05,SC 13G/A,https://www.sec.gov/Archives/edgar/data/2052113/0002052113-26-000879-index.htm,11.3,,
(申报人见原文),iSHARES TRUST,,2026-10-05,SC 13G/A,https://www.sec.gov/Archives/edgar/data/1100663/0002052113-26-000879-index.htm,11.3,,
(申报人见原文),BlackRock Portfolio Management LLC,,2026-10-05,SC 13G/A,https://www.sec.gov/Archives/edgar/data/2052113/0002052113-26-000880-index.htm,25.6,,
(申报人见原文),"iShares, Inc.",,2026-10-05,SC 13G/A,https://www.sec.gov/Archives/edgar/data/930667/0002052113-26-000880-index.htm,25.6,,
(申报人见原文),BlackRock Portfolio Management LLC,,2026-10-05,SC 13G/A,https://www.sec.gov/Archives/edgar/data/2052113/0002052113-26-000881-index.htm,12,,
(申报人见原文),iSHARES TRUST,,2026-10-05,SC 13G/A,https://www.sec.gov/Archives/edgar/data/1100663/0002052113-26-000881-index.htm,12,,
(申报人见原文),BlackRock Portfolio Management LLC,,2026-10-05,SC 13G/A,https://www.sec.gov/Archives/edgar/data/2052113/0002052113-26-000882-index.htm,36.1,,
(申报人见原文),iSHARES TRUST,,2026-10-05,SC 13G/A,https://www.sec.gov/Archives/edgar/data/1100663/0002052113-26-000882-index.htm,36.1,,
(申报人见原文),BlackRock Portfolio Management LLC,,2026-10-05,SC 13G/A,https://www.sec.gov/Archives/edgar/data/2052113/0002052113-26-000883-index.htm,3.1,,below_5
(申报人见原文),iSHARES TRUST,,2026-10-05,SC 13G/A,https://www.sec.gov/Archives/edgar/data/1100663/0002052113-26-000883-index.htm,3.1,,below_5
(申报人见原文),BlackRock Portfolio Management LLC,,2026-10-05,SC 13G/A,https://www.sec.gov/Archives/edgar/data/2052113/0002052113-26-000884-index.htm,80,,
(申报人见原文),iSHARES TRUST,,2026-10-05,SC 13G/A,https://www.sec.gov/Archives/edgar/data/1100663/0002052113-26-000884-index.htm,80,,
(申报人见原文),BlackRock Portfolio Management LLC,,2026-10-05,SC 13G/A,https://www.sec.gov/Archives/edgar/data/2052113/0002052113-26-000885-index.htm,22.7,,
(申报人见原文),iSHARES TRUST,,2026-10-05,SC 13G/A,https://www.sec.gov/Archives/edgar/data/1100663/0002052113-26-000885-index.htm,22.7,,
BlackRock Portfolio Management LLC,iShares Staked Ethereum Trust ETF,ETHB,2026-10-05,SC 13G/A,https://www.sec.gov/Archives/edgar/data/2099103/0002052113-26-000886-index.htm,9,,
BlackRock Portfolio Management LLC,Palladyne AI Corp.,PDYN,2026-10-05,SC 13G/A,https://www.sec.gov/Archives/edgar/data/1826681/0002052113-26-000888-index.htm,1.2,,below_5
(申报人见原文),BlackRock Portfolio Management LLC,,2026-10-05,SC 13G/A,https://www.sec.gov/Archives/edgar/data/2052113/0002052113-26-000890-index.htm,86.8,,
(申报人见原文),"iShares, Inc.",,2026-10-05,SC 13G/A,https://www.sec.gov/Archives/edgar/data/930667/0002052113-26-000890-index.htm,86.8,,
(申报人见原文),BlackRock Portfolio Management LLC,,2026-10-05,SC 13G/A,https://www.sec.gov/Archives/edgar/data/2052113/0002052113-26-000892-index.htm,26.1,,
(申报人见原文),"iShares, Inc.",,2026-10-05,SC 13G/A,https://www.sec.gov/Archives/edgar/data/930667/0002052113-26-000892-index.htm,26.1,,
(申报人见原文),BlackRock Portfolio Management LLC,,2026-10-05,SC 13G/A,https://www.sec.gov/Archives/edgar/data/2052113/0002052113-26-000893-index.htm,42.3,,
(申报人见原文),"iShares, Inc.",,2026-10-05,SC 13G/A,https://www.sec.gov/Archives/edgar/data/930667/0002052113-26-000893-index.htm,42.3,,
(申报人见原文),BlackRock Portfolio Management LLC,,2026-10-05,SC 13G/A,https://www.sec.gov/Archives/edgar/data/2052113/0002052113-26-000894-index.htm,11.5,,
(申报人见原文),"iShares, Inc.",,2026-10-05,SC 13G/A,https://www.sec.gov/Archives/edgar/data/930667/0002052113-26-000894-index.htm,11.5,,
(申报人见原文),BlackRock Portfolio Management LLC,,2026-10-05,SC 13G/A,https://www.sec.gov/Archives/edgar/data/2052113/0002052113-26-000895-index.htm,45.6,,
(申报人见原文),"iShares, Inc.",,2026-10-05,SC 13G/A,https://www.sec.gov/Archives/edgar/data/930667/0002052113-26-000895-index.htm,45.6,,
(申报人见原文),BlackRock Portfolio Management LLC,,2026-10-05,SC 13G/A,https://www.sec.gov/Archives/edgar/data/2052113/0002052113-26-000896-index.htm,10.3,,
(申报人见原文),iSHARES TRUST,,2026-10-05,SC 13G/A,https://www.sec.gov/Archives/edgar/data/1100663/0002052113-26-000896-index.htm,10.3,,
(申报人见原文),BlackRock Portfolio Management LLC,,2026-10-05,SC 13G/A,https://www.sec.gov/Archives/edgar/data/2052113/0002052113-26-000897-index.htm,10.3,,
(申报人见原文),iSHARES TRUST,,2026-10-05,SC 13G/A,https://www.sec.gov/Archives/edgar/data/1100663/0002052113-26-000897-index.htm,10.3,,
(申报人见原文),BlackRock Portfolio Management LLC,,2026-10-05,SC 13G/A,https://www.sec.gov/Archives/edgar/data/2052113/0002052113-26-000899-index.htm,37.5,,
(申报人见原文),"iShares, Inc.",,2026-10-05,SC 13G/A,https://www.sec.gov/Archives/edgar/data/930667/0002052113-26-000899-index.htm,37.5,,
(申报人见原文),BlackRock Portfolio Management LLC,,2026-10-05,SC 13G/A,https://www.sec.gov/Archives/edgar/data/2052113/0002052113-26-000900-index.htm,68.2,,
(申报人见原文),"iShares, Inc.",,2026-10-05,SC 13G/A,https://www.sec.gov/Archives/edgar/data/930667/0002052113-26-000900-index.htm,68.2,,
(申报人见原文),BlackRock Portfolio Management LLC,,2026-10-05,SC 13G/A,https://www.sec.gov/Archives/edgar/data/2052113/0002052113-26-000901-index.htm,41.5,,
(申报人见原文),"iShares, Inc.",,2026-10-05,SC 13G/A,https://www.sec.gov/Archives/edgar/data/930667/0002052113-26-000901-index.htm,41.5,,
(申报人见原文),"BlackRock, Inc.",BLK,2026-10-05,SC 13G,https://www.sec.gov/Archives/edgar/data/2012383/0002012383-26-003334-index.htm,11.1,,
(申报人见原文),Karman Holdings Inc.,KRMN,2026-10-05,SC 13G,https://www.sec.gov/Archives/edgar/data/2040127/0002012383-26-003334-index.htm,11.1,,
(申报人见原文),"BlackRock, Inc.",BLK,2026-10-05,SC 13G,https://www.sec.gov/Archives/edgar/data/2012383/0002012383-26-003340-index.htm,9.6,,
(申报人见原文),ONEOK INC /NEW/,OKE,2026-10-05,SC 13G,https://www.sec.gov/Archives/edgar/data/1039684/0002012383-26-003340-index.htm,9.6,,
(申报人见原文),"BlackRock, Inc.",BLK,2026-10-05,SC 13G/A,https://www.sec.gov/Archives/edgar/data/2012383/0002012383-26-003316-index.htm,12,,
(申报人见原文),"Builders FirstSource, Inc.",BLDR,2026-10-05,SC 13G/A,https://www.sec.gov/Archives/edgar/data/1316835/0002012383-26-003316-index.htm,12,,
(申报人见原文),"BlackRock, Inc.",BLK,2026-10-05,SC 13G/A,https://www.sec.gov/Archives/edgar/data/2012383/0002012383-26-003317-index.htm,7.7,,
(申报人见原文),"COGENT COMMUNICATIONS HOLDINGS, INC.",CCOI,2026-10-05,SC 13G/A,https://www.sec.gov/Archives/edgar/data/1158324/0002012383-26-003317-index.htm,7.7,,
(申报人见原文),"BlackRock, Inc.",BLK,2026-10-05,SC 13G/A,https://www.sec.gov/Archives/edgar/data/2012383/0002012383-26-003318-index.htm,14.8,,
(申报人见原文),"Delek US Holdings, Inc.",DK,2026-10-05,SC 13G/A,https://www.sec.gov/Archives/edgar/data/1694426/0002012383-26-003318-index.htm,14.8,,
(申报人见原文),"BlackRock, Inc.",BLK,2026-10-05,SC 13G/A,https://www.sec.gov/Archives/edgar/data/2012383/0002012383-26-003319-index.htm,9.8,,
(申报人见原文),"Franklin BSP Realty Trust, Inc.",FBRT,2026-10-05,SC 13G/A,https://www.sec.gov/Archives/edgar/data/1562528/0002012383-26-003319-index.htm,9.8,,
(申报人见原文),"BlackRock, Inc.",BLK,2026-10-05,SC 13G/A,https://www.sec.gov/Archives/edgar/data/2012383/0002012383-26-003320-index.htm,14,,
(申报人见原文),HERC HOLDINGS INC,HRI,2026-10-05,SC 13G/A,https://www.sec.gov/Archives/edgar/data/1364479/0002012383-26-003320-index.htm,14,,
iSHARES TRUST,"BlackRock, Inc.",BLK,2026-10-05,SC 13G/A,https://www.sec.gov/Archives/edgar/data/2012383/0002012383-26-003321-index.htm,5.9,,
(申报人见原文),"BlackRock, Inc.",BLK,2026-10-05,SC 13G/A,https://www.sec.gov/Archives/edgar/data/2012383/0002012383-26-003322-index.htm,10.1,,
(申报人见原文),"LifeStance Health Group, Inc.",LFST,2026-10-05,SC 13G/A,https://www.sec.gov/Archives/edgar/data/1845257/0002012383-26-003322-index.htm,10.1,,
(申报人见原文),"BlackRock, Inc.",BLK,2026-10-05,SC 13G/A,https://www.sec.gov/Archives/edgar/data/2012383/0002012383-26-003323-index.htm,10.6,,
(申报人见原文),MOLSON COORS BEVERAGE CO,TAP,2026-10-05,SC 13G/A,https://www.sec.gov/Archives/edgar/data/24545/0002012383-26-003323-index.htm,10.6,,
(申报人见原文),"BlackRock, Inc.",BLK,2026-10-05,SC 13G/A,https://www.sec.gov/Archives/edgar/data/2012383/0002012383-26-003324-index.htm,8,,
(申报人见原文),"NexPoint Residential Trust, Inc.",NXRT,2026-10-05,SC 13G/A,https://www.sec.gov/Archives/edgar/data/1620393/0002012383-26-003324-index.htm,8,,
(申报人见原文),"BlackRock, Inc.",BLK,2026-10-05,SC 13G/A,https://www.sec.gov/Archives/edgar/data/2012383/0002012383-26-003325-index.htm,10.3,,
(申报人见原文),PBF Energy Inc.,PBF,2026-10-05,SC 13G/A,https://www.sec.gov/Archives/edgar/data/1534504/0002012383-26-003325-index.htm,10.3,,
(申报人见原文),"BlackRock, Inc.",BLK,2026-10-05,SC 13G/A,https://www.sec.gov/Archives/edgar/data/2012383/0002012383-26-003326-index.htm,6.9,,
(申报人见原文),SHENANDOAH TELECOMMUNICATIONS CO/VA/,SHEN,2026-10-05,SC 13G/A,https://www.sec.gov/Archives/edgar/data/354963/0002012383-26-003326-index.htm,6.9,,
(申报人见原文),"BlackRock, Inc.",BLK,2026-10-05,SC 13G/A,https://www.sec.gov/Archives/edgar/data/2012383/0002012383-26-003327-index.htm,10.4,,
(申报人见原文),"SmartStop Self Storage REIT, Inc.",SMA,2026-10-05,SC 13G/A,https://www.sec.gov/Archives/edgar/data/1585389/0002012383-26-003327-index.htm,10.4,,
(申报人见原文),"BlackRock, Inc.",BLK,2026-10-05,SC 13G/A,https://www.sec.gov/Archives/edgar/data/2012383/0002012383-26-003328-index.htm,11.4,,
(申报人见原文),"Trade Desk, Inc.",TTD,2026-10-05,SC 13G/A,https://www.sec.gov/Archives/edgar/data/1671933/0002012383-26-003328-index.htm,11.4,,
(申报人见原文),"BlackRock, Inc.",BLK,2026-10-05,SC 13G/A,https://www.sec.gov/Archives/edgar/data/2012383/0002012383-26-003329-index.htm,7.9,,
(申报人见原文),VERRA MOBILITY Corp,VRRM,2026-10-05,SC 13G/A,https://www.sec.gov/Archives/edgar/data/1682745/0002012383-26-003329-index.htm,7.9,,
(申报人见原文),"BlackRock, Inc.",BLK,2026-10-05,SC 13G/A,https://www.sec.gov/Archives/edgar/data/2012383/0002012383-26-003330-index.htm,10.5,,
(申报人见原文),CENTURY ALUMINUM CO,CENX,2026-10-05,SC 13G/A,https://www.sec.gov/Archives/edgar/data/949157/0002012383-26-003330-index.htm,10.5,,
(申报人见原文),"BlackRock, Inc.",BLK,2026-10-05,SC 13G/A,https://www.sec.gov/Archives/edgar/data/2012383/0002012383-26-003331-index.htm,10.2,,
(申报人见原文),"DICK'S SPORTING GOODS, INC.",DKS,2026-10-05,SC 13G/A,https://www.sec.gov/Archives/edgar/data/1089063/0002012383-26-003331-index.htm,10.2,,
(申报人见原文),"BlackRock, Inc.",BLK,2026-10-05,SC 13G/A,https://www.sec.gov/Archives/edgar/data/2012383/0002012383-26-003332-index.htm,10.4,,
(申报人见原文),HUBSPOT INC,HUBS,2026-10-05,SC 13G/A,https://www.sec.gov/Archives/edgar/data/1404655/0002012383-26-003332-index.htm,10.4,,
(申报人见原文),"BlackRock, Inc.",BLK,2026-10-05,SC 13G/A,https://www.sec.gov/Archives/edgar/data/2012383/0002012383-26-003333-index.htm,10.7,,
(申报人见原文),"Innovex International, Inc.",INVX,2026-10-05,SC 13G/A,https://www.sec.gov/Archives/edgar/data/1042893/0002012383-26-003333-index.htm,10.7,,
(申报人见原文),"BlackRock, Inc.",BLK,2026-10-05,SC 13G/A,https://www.sec.gov/Archives/edgar/data/2012383/0002012383-26-003335-index.htm,7.8,,
(申报人见原文),MATTHEWS INTERNATIONAL CORP,MATW,2026-10-05,SC 13G/A,https://www.sec.gov/Archives/edgar/data/63296/0002012383-26-003335-index.htm,7.8,,
(申报人见原文),"BlackRock, Inc.",BLK,2026-10-05,SC 13G/A,https://www.sec.gov/Archives/edgar/data/2012383/0002012383-26-003336-index.htm,10,,
(申报人见原文),"Toast, Inc.",TOST,2026-10-05,SC 13G/A,https://www.sec.gov/Archives/edgar/data/1650164/0002012383-26-003336-index.htm,10,,
(申报人见原文),"BlackRock, Inc.",BLK,2026-10-05,SC 13G/A,https://www.sec.gov/Archives/edgar/data/2012383/0002012383-26-003337-index.htm,10.1,,
(申报人见原文),VIAVI SOLUTIONS INC.,VIAV,2026-10-05,SC 13G/A,https://www.sec.gov/Archives/edgar/data/912093/0002012383-26-003337-index.htm,10.1,,
(申报人见原文),"BlackRock, Inc.",BLK,2026-10-05,SC 13G/A,https://www.sec.gov/Archives/edgar/data/2012383/0002012383-26-003338-index.htm,14.2,,
(申报人见原文),WESBANCO INC,WSBC,2026-10-05,SC 13G/A,https://www.sec.gov/Archives/edgar/data/203596/0002012383-26-003338-index.htm,14.2,,
(申报人见原文),"BlackRock, Inc.",BLK,2026-10-05,SC 13G/A,https://www.sec.gov/Archives/edgar/data/2012383/0002012383-26-003339-index.htm,0,,exited
(申报人见原文),ONEOK INC /NEW/,OKE,2026-10-05,SC 13G/A,https://www.sec.gov/Archives/edgar/data/1039684/0002012383-26-003339-index.htm,0,,exited
CIBC Private Wealth Group LLC,PLAINS ALL AMERICAN PIPELINE LP,PAA,2026-10-05,SC 13G/A,https://www.sec.gov/Archives/edgar/data/1070423/0001298088-26-000025-index.htm,0,,exited
Coastlands Capital LP,"Pyxis Oncology, Inc.",PYXS,2026-10-05,SC 13G,https://www.sec.gov/Archives/edgar/data/1782223/0001104659-26-113597-index.htm,5.42,,
"Darwin Global Management, Ltd.",GENMAB A/S,GMAB,2026-10-05,SC 13G,https://www.sec.gov/Archives/edgar/data/1434265/0000902664-26-004067-index.htm,5.9,,
"Point72 Asset Management, L.P.",E.W. SCRIPPS Co,SSP,2026-10-05,SC 13G,https://www.sec.gov/Archives/edgar/data/832428/0000919574-26-006657-index.htm,5.2,,
(申报人见原文),ETF Opportunities Trust,,2026-10-05,SC 13G,https://www.sec.gov/Archives/edgar/data/1771146/0002156110-26-000002-index.htm,23.3,,
(申报人见原文),Whitman Charles Thomas,,2026-10-05,SC 13G,https://www.sec.gov/Archives/edgar/data/2156110/0002156110-26-000002-index.htm,23.3,,
Matthew 25 Management Corp,FEDERAL AGRICULTURAL MORTGAGE CORP,AGM,2026-10-05,SC 13G,https://www.sec.gov/Archives/edgar/data/845877/0001351431-26-000006-index.htm,10.1,,
INTEGRATED CORE STRATEGIES (US) LLC,FIRST HORIZON CORP,FHN,2026-10-05,SC 13G,https://www.sec.gov/Archives/edgar/data/36966/0001104659-26-113805-index.htm,5.1,,
(申报人见原文),Fidelity Greenwood Street Trust,,2026-10-05,SC 13G/A,https://www.sec.gov/Archives/edgar/data/1898391/0001089877-26-000028-index.htm,7.2,,
(申报人见原文),KEYBANK NATIONAL ASSOCIATION/OH,,2026-10-05,SC 13G/A,https://www.sec.gov/Archives/edgar/data/1089877/0001089877-26-000028-index.htm,7.2,,
(申报人见原文),"First National Advisers, LLC",,2026-10-05,SC 13G/A,https://www.sec.gov/Archives/edgar/data/1941030/0001085146-26-000797-index.htm,82,,
(申报人见原文),Goldman Sachs ETF Trust,,2026-10-05,SC 13G/A,https://www.sec.gov/Archives/edgar/data/1479026/0001085146-26-000797-index.htm,82,,
Forsakringsaktiebolaget Avanza Pension,"HYPERION DEFI, INC.",HYPD,2026-10-05,SC 13G/A,https://www.sec.gov/Archives/edgar/data/1682639/0001104659-26-113560-index.htm,0.1,,below_5
(申报人见原文),"Golub Capital BDC 4, Inc.",,2026-10-05,SC 13G/A,https://www.sec.gov/Archives/edgar/data/1901612/0000904454-26-000504-index.htm,9.6,,
(申报人见原文),Northrop Grumman Pension Master Trust,,2026-10-05,SC 13G/A,https://www.sec.gov/Archives/edgar/data/2075645/0000904454-26-000504-index.htm,9.6,,
(申报人见原文),Itau USA Asset Management Inc.,,2026-10-05,SC 13G/A,https://www.sec.gov/Archives/edgar/data/1541597/0001541597-26-000007-index.htm,21.4,,
(申报人见原文),iSHARES TRUST,,2026-10-05,SC 13G/A,https://www.sec.gov/Archives/edgar/data/1100663/0001541597-26-000007-index.htm,21.4,,
KORNITZER CAPITAL MANAGEMENT INC /KS,LANDMARK BANCORP INC,LARK,2026-10-05,SC 13G/A,https://www.sec.gov/Archives/edgar/data/1141688/0000898358-26-000010-index.htm,6.3,,
VIKING GLOBAL INVESTORS LP,MID AMERICA APARTMENT COMMUNITIES INC.,MAA,2026-10-05,SC 13G,https://www.sec.gov/Archives/edgar/data/912595/0000905148-26-004368-index.htm,5.07,,
Mandragola Ltd.,Tessera Defense & Homeland Security Inc.,PHGE,2026-10-05,SC 13G,https://www.sec.gov/Archives/edgar/data/1739174/0001213900-26-106878-index.htm,9.99,,
Mudita Advisors LLP,Metals Acquisition Corp. II,MTAL,2026-10-05,SC 13G/A,https://www.sec.gov/Archives/edgar/data/2107724/0001172661-26-004393-index.htm,8.15,,
"SBI Digital Asset Holdings Co., Ltd.",OBOOK HOLDINGS INC.,OWLS,2026-10-05,SC 13G,https://www.sec.gov/Archives/edgar/data/2025416/0001140361-26-038586-index.htm,40.5,,
Paradigm Biocapital Advisors LP,"Obsidian Therapeutics, Inc.",OBX,2026-10-05,SC 13G,https://www.sec.gov/Archives/edgar/data/2130606/0001104659-26-113688-index.htm,6.6,,
"YA II PN, Ltd.",Optimi Health Corp.,OPTH,2026-10-05,SC 13G/A,https://www.sec.gov/Archives/edgar/data/2027329/0001104659-26-113723-index.htm,3,,below_5
PRIMECAP MANAGEMENT CO/CA/,SOUTHWEST AIRLINES CO,LUV,2026-10-05,SC 13G/A,https://www.sec.gov/Archives/edgar/data/92380/0001085146-26-000796-index.htm,10.02,,
PZENA INVESTMENT MANAGEMENT LLC,Varex Imaging Corp,VREX,2026-10-05,SC 13G/A,https://www.sec.gov/Archives/edgar/data/1681622/0001027796-26-000053-index.htm,4.2,,below_5
WOLVERINE ASSET MANAGEMENT LLC,"Pono Capital Four, Inc.",PONO,2026-10-05,SC 13G/A,https://www.sec.gov/Archives/edgar/data/2108164/0001140361-26-038582-index.htm,0,,exited
WOLVERINE ASSET MANAGEMENT LLC,Ribbon Acquisition Corp.,RIBB,2026-10-05,SC 13G/A,https://www.sec.gov/Archives/edgar/data/2035016/0001140361-26-038650-index.htm,0,,exited
"Karpus Management, Inc.",ALLIANCEBERNSTEIN NATIONAL MUNICIPAL INCOME FUND,AFB,2026-10-02,SC 13G,https://www.sec.gov/Archives/edgar/data/1162027/0001072613-26-000816-index.htm,13.57,,
"Brave Warrior Advisors, LLC","AUTONATION, INC.",AN,2026-10-02,SC 13G,https://www.sec.gov/Archives/edgar/data/350698/0001172661-26-004391-index.htm,5.83,,
Abu Dhabi Investment Authority,"Eikon Therapeutics, Inc.",EIKN,2026-10-02,SC 13G/A,https://www.sec.gov/Archives/edgar/data/1861123/0001104659-26-113112-index.htm,2.1,,below_5
"Divisadero Street Capital Management, LP","Axogen, Inc.",AXGN,2026-10-02,SC 13G,https://www.sec.gov/Archives/edgar/data/805928/0000919574-26-006645-index.htm,6.8,,
"Private Capital Management, LLC",BARRETT BUSINESS SERVICES INC,BBSI,2026-10-02,SC 13G/A,https://www.sec.gov/Archives/edgar/data/902791/0001214659-26-012453-index.htm,4.41,,below_5
SIT INVESTMENT ASSOCIATES INC,"BLACKROCK MUNIASSETS FUND, INC.",MUA,2026-10-02,SC 13G,https://www.sec.gov/Archives/edgar/data/901243/0000769317-26-000048-index.htm,10.6,,
BLITZER MICHAEL,GOWell Energy Technology,GOW,2026-10-02,SC 13G,https://www.sec.gov/Archives/edgar/data/2097702/0001213900-26-106589-index.htm,9.35,,
SIT INVESTMENT ASSOCIATES INC,"BNY MELLON STRATEGIC MUNICIPAL BOND FUND, INC.",DSM,2026-10-02,SC 13G,https://www.sec.gov/Archives/edgar/data/855887/0000769317-26-000045-index.htm,6,,
SIT INVESTMENT ASSOCIATES INC,"BNY MELLON STRATEGIC MUNICIPALS, INC.",LEO,2026-10-02,SC 13G,https://www.sec.gov/Archives/edgar/data/818972/0000769317-26-000043-index.htm,5.1,,
SIT INVESTMENT ASSOCIATES INC,"BNY Mellon Municipal Bond Infrastructure Fund, Inc.",DMB,2026-10-02,SC 13G,https://www.sec.gov/Archives/edgar/data/1565381/0000769317-26-000046-index.htm,6.6,,
"Pacifica Capital Investments, LLC",BUILD-A-BEAR WORKSHOP INC,BBW,2026-10-02,SC 13G,https://www.sec.gov/Archives/edgar/data/1113809/0001104659-26-113252-index.htm,10.23,,
Lin Yi-Chien,"Beyond Air, Inc.",XAIR,2026-10-02,SC 13G/A,https://www.sec.gov/Archives/edgar/data/1641631/0002144385-26-000003-index.htm,14.8,,
(申报人见原文),BlackRock ETF Trust II,,2026-10-02,SC 13G/A,https://www.sec.gov/Archives/edgar/data/1804196/0001085146-26-000789-index.htm,4.1705,,below_5
(申报人见原文),"Weil Company, Inc.",,2026-10-02,SC 13G/A,https://www.sec.gov/Archives/edgar/data/1318011/0001085146-26-000789-index.htm,4.1705,,below_5
SIT INVESTMENT ASSOCIATES INC,Blackstone Long-Short Credit Income Fund,BGX,2026-10-02,SC 13G,https://www.sec.gov/Archives/edgar/data/1504234/0000769317-26-000044-index.htm,5.5,,
Blue Finn Group LLC,Dominari Holdings Inc.,DOMH,2026-10-02,SC 13G/A,https://www.sec.gov/Archives/edgar/data/12239/0001213900-26-106389-index.htm,2.57,,below_5
(申报人见原文),Brookstone Capital Management,,2026-10-02,SC 13G,https://www.sec.gov/Archives/edgar/data/1599584/0001062993-26-005152-index.htm,22.61,,
(申报人见原文),Innovator ETFs Trust,,2026-10-02,SC 13G,https://www.sec.gov/Archives/edgar/data/1415726/0001062993-26-005152-index.htm,22.61,,
(申报人见原文),Brookstone Capital Management,,2026-10-02,SC 13G,https://www.sec.gov/Archives/edgar/data/1599584/0001062993-26-005158-index.htm,12.01,,
(申报人见原文),Innovator ETFs Trust,,2026-10-02,SC 13G,https://www.sec.gov/Archives/edgar/data/1415726/0001062993-26-005158-index.htm,12.01,,
(申报人见原文),Brookstone Capital Management,,2026-10-02,SC 13G/A,https://www.sec.gov/Archives/edgar/data/1599584/0001062993-26-005148-index.htm,1.11,,below_5
(申报人见原文),Innovator ETFs Trust,,2026-10-02,SC 13G/A,https://www.sec.gov/Archives/edgar/data/1415726/0001062993-26-005148-index.htm,1.11,,below_5
(申报人见原文),Brookstone Capital Management,,2026-10-02,SC 13G/A,https://www.sec.gov/Archives/edgar/data/1599584/0001062993-26-005154-index.htm,2.05,,below_5
(申报人见原文),Innovator ETFs Trust,,2026-10-02,SC 13G/A,https://www.sec.gov/Archives/edgar/data/1415726/0001062993-26-005154-index.htm,2.05,,below_5
(申报人见原文),Brookstone Capital Management,,2026-10-02,SC 13G/A,https://www.sec.gov/Archives/edgar/data/1599584/0001062993-26-005156-index.htm,22.68,,
(申报人见原文),Innovator ETFs Trust,,2026-10-02,SC 13G/A,https://www.sec.gov/Archives/edgar/data/1415726/0001062993-26-005156-index.htm,22.68,,
(申报人见原文),"Burlington Stores, Inc.",BURL,2026-10-02,SC 13G/A,https://www.sec.gov/Archives/edgar/data/1579298/0000019617-26-000340-index.htm,11,,
(申报人见原文),JPMORGAN CHASE & CO,JPM,2026-10-02,SC 13G/A,https://www.sec.gov/Archives/edgar/data/19617/0000019617-26-000340-index.htm,11,,
TOWERVIEW LLC,C3is Inc.,CISS,2026-10-02,SC 13G/A,https://www.sec.gov/Archives/edgar/data/1951067/0001166573-26-000003-index.htm,0,,exited
"Dauntless Investment Group, LLC",KAZIA THERAPEUTICS LTD,KZIA,2026-10-02,SC 13G/A,https://www.sec.gov/Archives/edgar/data/1075880/0002044285-26-000010-index.htm,5.4,,
"GLAZER CAPITAL, LLC",SAFETY INSURANCE GROUP INC,SAFT,2026-10-02,SC 13G,https://www.sec.gov/Archives/edgar/data/1172052/0001076809-26-000112-index.htm,5.1,,
GordonMD Global Investments LP,"Pyxis Oncology, Inc.",PYXS,2026-10-02,SC 13G/A,https://www.sec.gov/Archives/edgar/data/1782223/0000919574-26-006608-index.htm,17.5,,
(申报人见原文),J.P. Morgan Exchange-Traded Fund Trust,,2026-10-02,SC 13G,https://www.sec.gov/Archives/edgar/data/1485894/0001085146-26-000788-index.htm,10.81,,
(申报人见原文),"Weil Company, Inc.",,2026-10-02,SC 13G,https://www.sec.gov/Archives/edgar/data/1318011/0001085146-26-000788-index.htm,10.81,,
"Kopion Asset Management, LLC","SOUNDTHINKING, INC.",SSTI,2026-10-02,SC 13G/A,https://www.sec.gov/Archives/edgar/data/1351636/0001728689-26-000007-index.htm,9.7,,
SIT INVESTMENT ASSOCIATES INC,LMP CAPITAL & INCOME FUND INC.,SCD,2026-10-02,SC 13G/A,https://www.sec.gov/Archives/edgar/data/1270131/0000769317-26-000039-index.htm,8.2,,
"Private Capital Management, LLC",MATTHEWS INTERNATIONAL CORP,MATW,2026-10-02,SC 13G,https://www.sec.gov/Archives/edgar/data/63296/0001214659-26-012451-index.htm,5.59,,
SIT INVESTMENT ASSOCIATES INC,NEUBERGER REAL ESTATE SECURITIES INCOME FUND INC,NRO,2026-10-02,SC 13G/A,https://www.sec.gov/Archives/edgar/data/1261166/0000769317-26-000042-index.htm,3.2,,below_5
NORTH SHORE TRUST & SAVINGS EMPLOYEE STOCK OWNERSHIP PLAN TR,"NSTS Bancorp, Inc.",NSTS,2026-10-02,SC 13G/A,https://www.sec.gov/Archives/edgar/data/1881592/0001963358-26-000002-index.htm,0,,exited
(申报人见原文),NYLIM Active ETF Trust,,2026-10-02,SC 13G/A,https://www.sec.gov/Archives/edgar/data/1426439/0001085146-26-000790-index.htm,10.3,,
(申报人见原文),"Weil Company, Inc.",,2026-10-02,SC 13G/A,https://www.sec.gov/Archives/edgar/data/1318011/0001085146-26-000790-index.htm,10.3,,
SIT INVESTMENT ASSOCIATES INC,"UBS ASSET MANAGEMENT INCOME FUND, INC.",CIK,2026-10-02,SC 13G,https://www.sec.gov/Archives/edgar/data/810766/0000769317-26-000047-index.htm,5.1,,
SIT INVESTMENT ASSOCIATES INC,WESTERN ASSET GLOBAL HIGH INCOME FUND INC.,EHI,2026-10-02,SC 13G/A,https://www.sec.gov/Archives/edgar/data/1228509/0000769317-26-000041-index.htm,4.6,,below_5
(申报人见原文),Tidal Trust I,,2026-10-02,SC 13G/A,https://www.sec.gov/Archives/edgar/data/1742912/0001085146-26-000791-index.htm,0.53,,below_5
(申报人见原文),"Weil Company, Inc.",,2026-10-02,SC 13G/A,https://www.sec.gov/Archives/edgar/data/1318011/0001085146-26-000791-index.htm,0.53,,below_5
Wang Anquan,Webull Corp,BULL,2026-10-02,SC 13G/A,https://www.sec.gov/Archives/edgar/data/1866364/0002061858-26-000008-index.htm,18.1,,
(申报人见原文),5C Lending Partners Corp.,,2026-10-01,SC 13G/A,https://www.sec.gov/Archives/edgar/data/1998387/0001193125-26-410851-index.htm,23.8,,
(申报人见原文),LIBERTY MUTUAL HOLDING Co INC.,,2026-10-01,SC 13G/A,https://www.sec.gov/Archives/edgar/data/1142872/0001193125-26-410851-index.htm,23.8,,
SIT INVESTMENT ASSOCIATES INC,ABERDEEN GOVERNMENT MARKETS INCOME FUND,MGF,2026-10-01,SC 13G/A,https://www.sec.gov/Archives/edgar/data/811922/0000769317-26-000024-index.htm,37.3,,
SIT INVESTMENT ASSOCIATES INC,ABERDEEN INTERMEDIATE INCOME FUND,MIN,2026-10-01,SC 13G/A,https://www.sec.gov/Archives/edgar/data/826735/0000769317-26-000025-index.htm,31.1,,
(申报人见原文),"ADARx Pharmaceuticals, Inc.",,2026-10-01,SC 13G,https://www.sec.gov/Archives/edgar/data/1802369/0001193125-26-410626-index.htm,6.3,,
(申报人见原文),"BCLS Fund III Investments, LP",,2026-10-01,SC 13G,https://www.sec.gov/Archives/edgar/data/1952107/0001193125-26-410626-index.htm,6.3,,
Walther Larry M,ARTS WAY MANUFACTURING CO INC,ARTW,2026-10-01,SC 13G/A,https://www.sec.gov/Archives/edgar/data/7623/0002102021-26-000005-index.htm,9.8,,
ForGrowth III PA B.V.,"Aura Biosciences, Inc.",AURA,2026-10-01,SC 13G,https://www.sec.gov/Archives/edgar/data/1501796/0001470831-26-000917-index.htm,5.1,,
"L1 Capital Global Opportunities Master Fund, Ltd.",Baird Medical Investment Holdings Ltd,BDMD,2026-10-01,SC 13G,https://www.sec.gov/Archives/edgar/data/1982444/0001400253-26-000006-index.htm,9.99,,
(申报人见原文),Bluerock Acquisition Corp. II,,2026-10-01,SC 13G,https://www.sec.gov/Archives/edgar/data/2098410/0001193125-26-410298-index.htm,5.6,,
(申报人见原文),Linden Capital L.P.,,2026-10-01,SC 13G,https://www.sec.gov/Archives/edgar/data/1349339/0001193125-26-410298-index.htm,5.6,,
KRONSTADT ALLEN,"Brightline Interactive, Inc./NV",BTLN,2026-10-01,SC 13G,https://www.sec.gov/Archives/edgar/data/1854445/0001557306-26-000003-index.htm,7.9,,
"Wolf Hill Capital Management, LP","Camping World Holdings, Inc.",CWH,2026-10-01,SC 13G,https://www.sec.gov/Archives/edgar/data/1669779/0000899140-26-001079-index.htm,7.7,,
Chen Chen Chien-Fu,Ticketplus Ltd.,TP,2026-10-01,SC 13G,https://www.sec.gov/Archives/edgar/data/2104296/0001213900-26-105939-index.htm,17.6,,
GIC Private Ltd,Claritev Corp,CTEV,2026-10-01,SC 13G/A,https://www.sec.gov/Archives/edgar/data/1793229/0001140361-26-038318-index.htm,0,,exited
Newton Russell Paul,CoinShares PLC,CSHR,2026-10-01,SC 13G,https://www.sec.gov/Archives/edgar/data/2087587/0002129337-26-000005-index.htm,11.6,,
Commodore Capital LP,"Surrozen, Inc./DE",SRZN,2026-10-01,SC 13G,https://www.sec.gov/Archives/edgar/data/1824893/0001831942-26-000044-index.htm,7.5,,
SIT INVESTMENT ASSOCIATES INC,DWS MUNICIPAL INCOME TRUST,KTF,2026-10-01,SC 13G/A,https://www.sec.gov/Archives/edgar/data/839533/0000769317-26-000023-index.htm,22.9,,
Dinamarca Santelices Yethro,Ticketplus Ltd.,TP,2026-10-01,SC 13G,https://www.sec.gov/Archives/edgar/data/2104296/0001213900-26-105938-index.htm,60.7,,
(申报人见原文),ETF Opportunities Trust,,2026-10-01,SC 13G,https://www.sec.gov/Archives/edgar/data/1771146/0002156110-26-000001-index.htm,23.3,,
(申报人见原文),Whitman Charles Thomas,,2026-10-01,SC 13G,https://www.sec.gov/Archives/edgar/data/2156110/0002156110-26-000001-index.htm,23.3,,
SIT INVESTMENT ASSOCIATES INC,Eaton Vance Ltd Duration Income Fund,EVV,2026-10-01,SC 13G/A,https://www.sec.gov/Archives/edgar/data/1222922/0000769317-26-000021-index.htm,7.7,,
SIT INVESTMENT ASSOCIATES INC,Eaton Vance Short Duration Diversified Income Fund,EVG,2026-10-01,SC 13G/A,https://www.sec.gov/Archives/edgar/data/1287498/0000769317-26-000020-index.htm,5.8,,
SIT INVESTMENT ASSOCIATES INC,FIRST TRUST MORTGAGE INCOME FUND,FMY,2026-10-01,SC 13G/A,https://www.sec.gov/Archives/edgar/data/1319183/0000769317-26-000022-index.htm,55.1,,
SIT INVESTMENT ASSOCIATES INC,FRANKLIN MASTER INTERMEDIATE INCOME TRUST,PIM,2026-10-01,SC 13G/A,https://www.sec.gov/Archives/edgar/data/830622/0000769317-26-000026-index.htm,48.2,,
SIT INVESTMENT ASSOCIATES INC,FRANKLIN PREMIER INCOME TRUST,PPT,2026-10-01,SC 13G/A,https://www.sec.gov/Archives/edgar/data/827773/0000769317-26-000028-index.htm,30.9,,
Frasers Group plc,"Under Armour, Inc.",UAA,2026-10-01,SC 13G,https://www.sec.gov/Archives/edgar/data/1336917/0002034067-26-000005-index.htm,8.8,,
IRIDIAN ASSET MANAGEMENT LLC/CT,"Katapult Holdings, Inc.",KPLT,2026-10-01,SC 13G/A,https://www.sec.gov/Archives/edgar/data/1785424/0001033427-26-000012-index.htm,1.1,,below_5
(申报人见原文),John Hancock Comvest Private Income Fund,,2026-10-01,SC 13G,https://www.sec.gov/Archives/edgar/data/1987221/0001193125-26-410335-index.htm,5,,
(申报人见原文),Manulife (International) Ltd,,2026-10-01,SC 13G,https://www.sec.gov/Archives/edgar/data/1765518/0001193125-26-410335-index.htm,5,,
(申报人见原文),John Hancock Comvest Private Income Fund,,2026-10-01,SC 13G/A,https://www.sec.gov/Archives/edgar/data/1987221/0001193125-26-410322-index.htm,23,,
(申报人见原文),Manulife Private Credit Plus Fund,,2026-10-01,SC 13G/A,https://www.sec.gov/Archives/edgar/data/1988855/0001193125-26-410322-index.htm,23,,
(申报人见原文),LIBERTY MUTUAL HOLDING Co INC.,,2026-10-01,SC 13G/A,https://www.sec.gov/Archives/edgar/data/1142872/0001193125-26-410853-index.htm,15.1,,
(申报人见原文),Willow Tree Capital Corp,,2026-10-01,SC 13G/A,https://www.sec.gov/Archives/edgar/data/1944831/0001193125-26-410853-index.htm,15.1,,
Mink Brook Asset Management LLC,Legacy Education Inc.,LGCY,2026-10-01,SC 13G,https://www.sec.gov/Archives/edgar/data/1836754/0002052205-26-000008-index.htm,6,,
Pale Fire Capital SE,Lightspeed Commerce Inc.,LSPD,2026-10-01,SC 13G,https://www.sec.gov/Archives/edgar/data/1823306/0000921895-26-002694-index.htm,5.1,,
(申报人见原文),Live Oak Acquisition Corp. VI,,2026-10-01,SC 13G,https://www.sec.gov/Archives/edgar/data/2115191/0001193125-26-410795-index.htm,5.43,,
(申报人见原文),Sculptor Capital LP,,2026-10-01,SC 13G,https://www.sec.gov/Archives/edgar/data/1054587/0001193125-26-410795-index.htm,5.43,,
Paradigm Biocapital Advisors LP,"Spyre Therapeutics, Inc.",SYRE,2026-10-01,SC 13G,https://www.sec.gov/Archives/edgar/data/1636282/0001104659-26-112828-index.htm,5.1,,
MILLENNIUM MANAGEMENT LLC,AMERISAFE INC,AMSF,2026-09-30,SC 13G,https://www.sec.gov/Archives/edgar/data/1018979/0001104659-26-112432-index.htm,5.1,,
"GLAZER CAPITAL, LLC",Accelerant Holdings,ARX,2026-09-30,SC 13G,https://www.sec.gov/Archives/edgar/data/1997350/0001076809-26-000110-index.htm,5,,
MJL Manager LLC,"Arcadia Biosciences, Inc.",RKDA,2026-09-30,SC 13G,https://www.sec.gov/Archives/edgar/data/1469443/0002103370-26-000004-index.htm,15.7,,
FJ Capital Management LLC,BCB BANCORP INC,BCBP,2026-09-30,SC 13G,https://www.sec.gov/Archives/edgar/data/1228454/0001171520-26-000275-index.htm,5.26,,
BIOTECHNOLOGY VALUE FUND L P,"Stoke Therapeutics, Inc.",STOK,2026-09-30,SC 13G,https://www.sec.gov/Archives/edgar/data/1623526/0000921895-26-002685-index.htm,2.9,,below_5
Brown Stone Capital Ltd,"XCF Global, Inc.",SAFX,2026-09-30,SC 13G/A,https://www.sec.gov/Archives/edgar/data/2019793/0001477932-26-005932-index.htm,4.7,,below_5
Citadel Securities GP LLC,IREN Ltd,IREN,2026-09-30,SC 13G,https://www.sec.gov/Archives/edgar/data/1878848/0001104659-26-112411-index.htm,4.5,,below_5
"RA CAPITAL MANAGEMENT, L.P.","Corbus Pharmaceuticals Holdings, Inc.",CRBP,2026-09-30,SC 13G,https://www.sec.gov/Archives/edgar/data/1595097/0001346824-26-000243-index.htm,9.9,,
Daniel Nissim,IM Cannabis Corp.,IMCC,2026-09-30,SC 13G,https://www.sec.gov/Archives/edgar/data/1792030/0001213900-26-105246-index.htm,9.99,,
"Forager Capital Management, LLC","i3 Verticals, Inc.",IIIV,2026-09-30,SC 13G,https://www.sec.gov/Archives/edgar/data/1728688/0001104659-26-112440-index.htm,6.1,,
Invest Pro Shukai Hon Ltd.,IM Cannabis Corp.,IMCC,2026-09-30,SC 13G,https://www.sec.gov/Archives/edgar/data/1792030/0001213900-26-105245-index.htm,9.99,,
L.I.A. Pure Capital Ltd,IM Cannabis Corp.,IMCC,2026-09-30,SC 13G,https://www.sec.gov/Archives/edgar/data/1792030/0001213900-26-105248-index.htm,9.99,,
MILLENNIUM MANAGEMENT LLC,"Indivior Pharmaceuticals, Inc.",INDV,2026-09-30,SC 13G,https://www.sec.gov/Archives/edgar/data/1625297/0001104659-26-112446-index.htm,5.4,,
Leviticus Partners LP,Maris Tech Ltd.,MTEK,2026-09-30,SC 13G/A,https://www.sec.gov/Archives/edgar/data/1872964/0001019432-26-000014-index.htm,4.7,,below_5
Posen Joseph Michael,Nuran Wireless Inc.,NUR,2026-09-30,SC 13G,https://www.sec.gov/Archives/edgar/data/1680637/0002156154-26-000001-index.htm,9.8,,
"Portolan Capital Management, LLC",SILICOM LTD.,SILC,2026-09-30,SC 13G,https://www.sec.gov/Archives/edgar/data/916793/0001104659-26-112395-index.htm,5.06,,
"North Rock Digital, LP",AVAX ONE TECHNOLOGY LTD.,AVX,2026-09-29,SC 13G,https://www.sec.gov/Archives/edgar/data/1826397/0001829126-26-010572-index.htm,9.73,,
Chen Yun,BEST SPAC I Acquisition Corp.,BSAA,2026-09-29,SC 13G/A,https://www.sec.gov/Archives/edgar/data/2051587/0001213900-26-104722-index.htm,0,,exited
Pale Fire Capital SE,"Coursera, Inc.",COUR,2026-09-29,SC 13G/A,https://www.sec.gov/Archives/edgar/data/1651562/0000921895-26-002675-index.htm,10.9,,
"Eastward Fund Management, LLC","Our Bond, Inc.",OBAI,2026-09-29,SC 13G,https://www.sec.gov/Archives/edgar/data/1756064/0001104659-26-111928-index.htm,4.24,,below_5
LYTTON LAURENCE W,"Health In Tech, Inc.",HIT,2026-09-29,SC 13G,https://www.sec.gov/Archives/edgar/data/2019505/0000935836-26-000515-index.htm,6.2,,
MILLENNIUM MANAGEMENT LLC,"MARAVAI LIFESCIENCES HOLDINGS, INC.",MRVI,2026-09-29,SC 13G,https://www.sec.gov/Archives/edgar/data/1823239/0001104659-26-112023-index.htm,5.2,,
MILLENNIUM MANAGEMENT LLC,"Sweetgreen, Inc.",SG,2026-09-29,SC 13G,https://www.sec.gov/Archives/edgar/data/1477815/0001104659-26-112041-index.htm,5.6,,
Orca Capital AG,NFT Ltd,MI,2026-09-29,SC 13G/A,https://www.sec.gov/Archives/edgar/data/1958713/0001493152-26-044887-index.htm,4.9,,below_5
OCO Capital GP LLC,UWM Holdings Corp,UWMC,2026-09-29,SC 13G,https://www.sec.gov/Archives/edgar/data/1783398/0000945621-26-001191-index.htm,6.43,,
MILLENNIUM MANAGEMENT LLC,"BEYOND MEAT, INC.",BYND,2026-09-28,SC 13G,https://www.sec.gov/Archives/edgar/data/1655210/0001104659-26-111444-index.htm,5.2,,
"Redmile Group, LLC","Electra Therapeutics, Inc.",ETRA,2026-09-28,SC 13G,https://www.sec.gov/Archives/edgar/data/2088082/0001104659-26-111478-index.htm,8.7,,
LSP 7 Cooperatief U.A.,"Electra Therapeutics, Inc.",ETRA,2026-09-28,SC 13G,https://www.sec.gov/Archives/edgar/data/2088082/0001193125-26-405752-index.htm,6,,
"STRIDER CAPITAL, LLC",LANTRONIX INC,LTRX,2026-09-28,SC 13G,https://www.sec.gov/Archives/edgar/data/1114925/0002107807-26-000006-index.htm,5.5,,
Linden Capital L.P.,NewHold Investment Corp IV,NHIV,2026-09-28,SC 13G,https://www.sec.gov/Archives/edgar/data/2099767/0001193125-26-404422-index.htm,6,,
"STRIDER CAPITAL, LLC",Mobilicom Ltd,MOB,2026-09-28,SC 13G,https://www.sec.gov/Archives/edgar/data/1898643/0002107807-26-000007-index.htm,5.3,,
Two Seas Capital LP,NEKTAR THERAPEUTICS,NKTR,2026-09-28,SC 13G/A,https://www.sec.gov/Archives/edgar/data/906709/0001193125-26-403411-index.htm,9.8,,
Schuh Todd Arthur,"SBIG Holdings, Inc.",SBIG,2026-09-28,SC 13G,https://www.sec.gov/Archives/edgar/data/1801602/0002157605-26-000001-index.htm,10.7,,
"ACORN BIOVENTURES, L.P.",Karyopharm Therapeutics Inc.,KPTI,2026-09-25,SC 13G/A,https://www.sec.gov/Archives/edgar/data/1503802/0001636587-26-000083-index.htm,2.4,,below_5
"ACORN BIOVENTURES, L.P.",Karyopharm Therapeutics Inc.,KPTI,2026-09-25,SC 13G/A,https://www.sec.gov/Archives/edgar/data/1503802/0001636587-26-000084-index.htm,2.4,,below_5
YIP WAI LUN,ADDENTAX GROUP CORP.,ATXG,2026-09-25,SC 13G,https://www.sec.gov/Archives/edgar/data/1650101/0001493152-26-044221-index.htm,9.9,,
BDC CAPITAL INC.,Xanadu Quantum Technologies Ltd,XNDU,2026-09-25,SC 13G,https://www.sec.gov/Archives/edgar/data/2097163/0001104659-26-111022-index.htm,4,,below_5
"GLAZER CAPITAL, LLC","Baldwin Insurance Group, Inc.",BWIN,2026-09-25,SC 13G,https://www.sec.gov/Archives/edgar/data/1781755/0001076809-26-000105-index.htm,5.35,,
Google LLC,TERAWULF INC.,WULF,2026-09-25,SC 13G,https://www.sec.gov/Archives/edgar/data/1083301/0001193125-26-402852-index.htm,7.6,,
Karminski Michal Adam,Grayscale Near Trust (NEAR),GSNR,2026-09-25,SC 13G,https://www.sec.gov/Archives/edgar/data/2025000/0002157255-26-000002-index.htm,100,,
Linden Capital L.P.,Haymaker Acquisition Corp V,HYAC,2026-09-25,SC 13G,https://www.sec.gov/Archives/edgar/data/2111838/0001193125-26-402359-index.htm,5.9,,
Hyer Raymond T,"Heritage Insurance Holdings, Inc.",HRTG,2026-09-25,SC 13G/A,https://www.sec.gov/Archives/edgar/data/1598665/0001193805-26-001288-index.htm,7.04,,
Karminski Michal Adam,Zcash ETF,ZCSH,2026-09-25,SC 13G,https://www.sec.gov/Archives/edgar/data/1720265/0002157255-26-000001-index.htm,100,,
Sculptor Capital LP,Leader's Advantage Acquisition Corp.,LEDR,2026-09-25,SC 13G,https://www.sec.gov/Archives/edgar/data/2109823/0001193125-26-402957-index.htm,9.77,,
(申报人见原文),Live Oak Acquisition Corp. VI,,2026-09-25,SC 13G,https://www.sec.gov/Archives/edgar/data/2115191/0001213900-26-103411-index.htm,20,,
(申报人见原文),"Live Oak Sponsor VI, LLC",,2026-09-25,SC 13G,https://www.sec.gov/Archives/edgar/data/2133801/0001213900-26-103411-index.htm,20,,
"Readout Capital, LP","TScan Therapeutics, Inc.",TCRX,2026-09-25,SC 13G,https://www.sec.gov/Archives/edgar/data/1783328/0002063423-26-000002-index.htm,5.4,,
(申报人见原文),VS MEDIA Holdings Ltd,VSME,2026-09-25,SC 13G/A,https://www.sec.gov/Archives/edgar/data/1951294/0001193125-26-402954-index.htm,0.4,,below_5
(申报人见原文),"Warner Bros. Discovery, Inc.",WBD,2026-09-25,SC 13G/A,https://www.sec.gov/Archives/edgar/data/1437107/0001193125-26-402954-index.htm,0.4,,below_5
"GLAZER CAPITAL, LLC",BIOLIFE SOLUTIONS INC,BLFS,2026-09-24,SC 13G,https://www.sec.gov/Archives/edgar/data/834365/0001076809-26-000101-index.htm,5.49,,
Reiss Dani,Canada Goose Holdings Inc.,GOOS,2026-09-24,SC 13G/A,https://www.sec.gov/Archives/edgar/data/1690511/0001140361-26-037590-index.htm,22.3,,
NEW ENTERPRISE ASSOCIATES 13 LP,"Coursera, Inc.",COUR,2026-09-24,SC 13G/A,https://www.sec.gov/Archives/edgar/data/1651562/0001072613-26-000805-index.htm,4.9,,below_5
Monje Alexander,Host Digital Inc.,HCWC,2026-09-24,SC 13G,https://www.sec.gov/Archives/edgar/data/1948864/0000905148-26-004268-index.htm,8.6,,
"JANE STREET GROUP, LLC","IP STRATEGY HOLDINGS, INC.",IPST,2026-09-24,SC 13G,https://www.sec.gov/Archives/edgar/data/1788230/0001595888-26-000118-index.htm,5,,
Mailman Joshua,"Jaguar Health, Inc.",JAGX,2026-09-24,SC 13G/A,https://www.sec.gov/Archives/edgar/data/1585608/0001185185-26-004289-index.htm,9.99,,
RADY ERNEST S,"Private Bancorp of America, Inc.",PBAM,2026-09-24,SC 13G,https://www.sec.gov/Archives/edgar/data/1705284/0001193125-26-401247-index.htm,9.8,,
Saluja Dipender,Xanadu Quantum Technologies Ltd,XNDU,2026-09-24,SC 13G/A,https://www.sec.gov/Archives/edgar/data/2097163/0001834268-26-000009-index.htm,0,,exited
HAWK RIDGE CAPITAL MANAGEMENT LP,"ARRAY DIGITAL INFRASTRUCTURE, INC.",AD,2026-09-23,SC 13G,https://www.sec.gov/Archives/edgar/data/821130/0001609074-26-000001-index.htm,5.1,,
MANCHESTER MANAGEMENT CO LLC,Alpha Cognition Inc.,ACOG,2026-09-23,SC 13G,https://www.sec.gov/Archives/edgar/data/1655923/0000919574-26-006448-index.htm,6.9,,
Tejara Capital Ltd,Cardiol Therapeutics Inc.,CRDL,2026-09-23,SC 13G/A,https://www.sec.gov/Archives/edgar/data/1702123/0001879713-26-000003-index.htm,5.3,,
(申报人见原文),Connetic Venture Capital Access Fund,,2026-09-23,SC 13G,https://www.sec.gov/Archives/edgar/data/1996211/0002072569-26-000008-index.htm,11.5,,
(申报人见原文),"HORAN Wealth, LLC",,2026-09-23,SC 13G,https://www.sec.gov/Archives/edgar/data/2072569/0002072569-26-000008-index.htm,11.5,,
MILLENNIUM MANAGEMENT LLC,Haymaker Acquisition Corp V,HYAC,2026-09-23,SC 13G,https://www.sec.gov/Archives/edgar/data/2111838/0001104659-26-110056-index.htm,5.5,,
"INTRACOASTAL CAPITAL, LLC",SCWorx Corp.,WORX,2026-09-23,SC 13G,https://www.sec.gov/Archives/edgar/data/1674227/0001213900-26-102724-index.htm,9.1,,
PERCEPTIVE ADVISORS LLC,"Nurix Therapeutics, Inc.",NRIX,2026-09-23,SC 13G,https://www.sec.gov/Archives/edgar/data/1549595/0001193125-26-399480-index.htm,5.3,,
ADVANCE ON VENTURES Ltd,Advanced Biomed Inc.,ADVB,2026-09-22,SC 13G,https://www.sec.gov/Archives/edgar/data/1941029/0002155122-26-000001-index.htm,6.6,,
ARC Group Ltd,Black Titan Corp,BTTC,2026-09-22,SC 13G/A,https://www.sec.gov/Archives/edgar/data/2034400/0001493152-26-043674-index.htm,18.26,,
ATLAS Infrastructure Partners (UK) Ltd.,H2O AMERICA,HTO,2026-09-22,SC 13G/A,https://www.sec.gov/Archives/edgar/data/766829/0001214659-26-011890-index.htm,11.17,,
INTEGRATED CORE STRATEGIES (US) LLC,Better Home & Finance Holding Co,BETR,2026-09-22,SC 13G,https://www.sec.gov/Archives/edgar/data/1835856/0001104659-26-109696-index.htm,5.1,,
"RA CAPITAL MANAGEMENT, L.P.",BetterLife Pharma Inc.,BETRF,2026-09-22,SC 13G,https://www.sec.gov/Archives/edgar/data/1464165/0001346824-26-000241-index.htm,9,,
Hewlett Fund LP,"CYABRA, INC.",CYAB,2026-09-22,SC 13G,https://www.sec.gov/Archives/edgar/data/2032341/0001213900-26-102125-index.htm,8.3026,,
"RainForest Partners, LLC","CYABRA, INC.",CYAB,2026-09-22,SC 13G,https://www.sec.gov/Archives/edgar/data/2032341/0001213900-26-102170-index.htm,8.404,,
Leviticus Partners LP,HARVARD BIOSCIENCE INC,HBIO,2026-09-22,SC 13G/A,https://www.sec.gov/Archives/edgar/data/1123494/0001019432-26-000013-index.htm,5.2,,
PharmAla Biotech Holdings Inc.,"JUPITER NEUROSCIENCES, INC.",JUNS,2026-09-22,SC 13G,https://www.sec.gov/Archives/edgar/data/1679628/0000912282-26-001297-index.htm,17.3,,
"Frazier Life Sciences Public Fund, L.P.","Aclaris Therapeutics, Inc.",ACRS,2026-09-21,SC 13G,https://www.sec.gov/Archives/edgar/data/1557746/0001231919-26-001199-index.htm,5.4,,
"Gerald W. Simonson Revocable Trust Agreement Dated May 12, 2","Arxis, Inc.",ARXS,2026-09-21,SC 13G,https://www.sec.gov/Archives/edgar/data/2093536/0001096906-26-001396-index.htm,8.6,,
BIOTECHNOLOGY VALUE FUND L P,"Tyra Biosciences, Inc.",TYRA,2026-09-21,SC 13G,https://www.sec.gov/Archives/edgar/data/1863127/0000921895-26-002613-index.htm,3.2,,below_5
BLASNIK STEVE,"Cricut, Inc.",CRCT,2026-09-21,SC 13G,https://www.sec.gov/Archives/edgar/data/1828962/0001213900-26-101798-index.htm,5.09,,
EMMA OMEGA LTD,MARINEMAX INC,HZO,2026-09-21,SC 13G,https://www.sec.gov/Archives/edgar/data/1057060/0000947871-26-000879-index.htm,6.1,,
MMCAP International Inc. SPC,Haymaker Acquisition Corp V,HYAC,2026-09-21,SC 13G,https://www.sec.gov/Archives/edgar/data/2111838/0000912282-26-001288-index.htm,8.8,,
Konstantakopoulos Konstantinos,Seanergy Maritime Holdings Corp.,SHIP,2026-09-21,SC 13G/A,https://www.sec.gov/Archives/edgar/data/1448397/0000905148-26-004240-index.htm,4.9,,below_5
(申报人见原文),LVIP GLOBAL GROWTH ALLOCATION MANAGED RISK FUND,,2026-09-21,SC 13G/A,https://www.sec.gov/Archives/edgar/data/2095286/0001193125-26-396331-index.htm,28.85,,
(申报人见原文),Lincoln Bain Capital Total Credit Fund,,2026-09-21,SC 13G/A,https://www.sec.gov/Archives/edgar/data/2054992/0001193125-26-396331-index.htm,28.85,,
MMCAP International Inc. SPC,Leader's Advantage Acquisition Corp.,LEDR,2026-09-21,SC 13G,https://www.sec.gov/Archives/edgar/data/2109823/0000912282-26-001290-index.htm,8.6,,
MOLL PETER,"Werewolf Therapeutics, Inc.",HOWL,2026-09-21,SC 13G,https://www.sec.gov/Archives/edgar/data/1785530/0001732748-26-000003-index.htm,5.2,,
Wagner Menachem,Nuran Wireless Inc.,NUR,2026-09-21,SC 13G,https://www.sec.gov/Archives/edgar/data/1680637/0002156260-26-000001-index.htm,9.9,,
THRIVENT FINANCIAL FOR LUTHERANS,"RIVERNORTH OPPORTUNITIES FUND, INC.",RIV,2026-09-21,SC 13G,https://www.sec.gov/Archives/edgar/data/1501072/0000314984-26-000045-index.htm,24.7,,
"Venrock Healthcare Capital Partners III, L.P.","X4 Pharmaceuticals, Inc",XFOR,2026-09-21,SC 13G,https://www.sec.gov/Archives/edgar/data/1501697/0001738048-26-000071-index.htm,5.6,,
AGARWAL AMIT MOHAN,biote Corp.,BTMD,2026-09-18,SC 13G/A,https://www.sec.gov/Archives/edgar/data/1819253/0001820959-26-000001-index.htm,8.4,,
BIOTECHNOLOGY VALUE FUND L P,"Alector, Inc.",ALEC,2026-09-18,SC 13G,https://www.sec.gov/Archives/edgar/data/1653087/0000921895-26-002587-index.htm,4.4,,below_5
Castaldo Gregory,"Creatd, Inc.",CRTD,2026-09-18,SC 13G,https://www.sec.gov/Archives/edgar/data/1357671/0001213900-26-101572-index.htm,9.61,,
Reda Joseph,"Creatd, Inc.",CRTD,2026-09-18,SC 13G,https://www.sec.gov/Archives/edgar/data/1357671/0001213900-26-101297-index.htm,9.45,,
"SEG Opportunity Fund, LLC","Creatd, Inc.",CRTD,2026-09-18,SC 13G,https://www.sec.gov/Archives/edgar/data/1357671/0001213900-26-101301-index.htm,6.53,,
(申报人见原文),Direxion Shares ETF Trust,,2026-09-18,SC 13G,https://www.sec.gov/Archives/edgar/data/1424958/0001199835-26-000342-index.htm,13.8,,
(申报人见原文),Rao Upender V.,,2026-09-18,SC 13G,https://www.sec.gov/Archives/edgar/data/2156277/0001199835-26-000342-index.htm,13.8,,
(申报人见原文),Direxion Shares ETF Trust,,2026-09-18,SC 13G/A,https://www.sec.gov/Archives/edgar/data/1424958/0001199835-26-000344-index.htm,11,,
(申报人见原文),Rao Upender V.,,2026-09-18,SC 13G/A,https://www.sec.gov/Archives/edgar/data/2156277/0001199835-26-000344-index.htm,11,,
"FR Capital Holdings, L.P.","Merlin, Inc.",MRLN,2026-09-18,SC 13G/A,https://www.sec.gov/Archives/edgar/data/2028707/0001493152-26-043375-index.htm,1,,below_5
"GENERAL ATLANTIC, L.P.","Korsana Biosciences, Inc.",CYCN,2026-09-18,SC 13G,https://www.sec.gov/Archives/edgar/data/1755237/0000950142-26-002568-index.htm,6.8,,
Gnauck Johannes,"MICROVISION, INC.",MVIS,2026-09-18,SC 13G,https://www.sec.gov/Archives/edgar/data/65770/0002058451-26-000002-index.htm,7.9,,
"JANE STREET GROUP, LLC",Maison Solutions Inc.,MSS,2026-09-18,SC 13G,https://www.sec.gov/Archives/edgar/data/1892292/0001595888-26-000117-index.htm,5.3,,
Linonia Partnership LP,"Liberty Live Holdings, Inc.",LLYVA,2026-09-18,SC 13G,https://www.sec.gov/Archives/edgar/data/2078416/0001985479-26-000022-index.htm,9.3,,
Linonia Partnership LP,"Liberty Live Holdings, Inc.",LLYVA,2026-09-18,SC 13G,https://www.sec.gov/Archives/edgar/data/2078416/0001985479-26-000024-index.htm,9.2,,
