ticker,issuer,fund,as_of,n_positions,skipped_rows,top
SOXX,iShares (BlackRock),iShares Semiconductor ETF,2026-10-05,30,4,"[{""ticker"":""AMD"",""company"":""ADVANCED MICRO DEVICES"",""weight_pct"":9.24,""market_value"":4489134004.25},{""ticker"":""INTC"",""company"":""INTEL CORPORATION"",""weight_pct"":8.93,""market_value"":4341869601.57},{""ticker"":""MU"",""company"":""MICRON TECHNOLOGY"",""weight_pct"":7.64,""market_value"":3711988334.32},{""ticker"":""NVDA"",""company"":""NVIDIA"",""weight_pct"":7.45,""market_value"":3619387080.2},{""ticker"":""AVGO"",""company"":""BROADCOM INC"",""weight_pct"":6.74,""market_value"":3274154431.51},{""ticker"":""MRVL"",""company"":""MARVELL TECHNOLOGY"",""weight_pct"":4.41,""market_value"":2143282417.5},{""ticker"":""AMAT"",""company"":""APPLIED MATERIAL INC"",""weight_pct"":4.07,""market_value"":1978495023},{""ticker"":""KLAC"",""company"":""KLA"",""weight_pct"":4.06,""market_value"":1971744257.7},{""ticker"":""ADI"",""company"":""ANALOG DEVICES"",""weight_pct"":3.98,""market_value"":1935479238},{""ticker"":""LRCX"",""company"":""LAM RESEARCH"",""weight_pct"":3.95,""market_value"":1918233171.4}]"
ICLN,iShares (BlackRock),iShares Global Clean Energy ETF,2026-10-05,105,29,"[{""ticker"":""BE"",""company"":""BLOOM ENERGY CLASS A"",""weight_pct"":9.89,""market_value"":223875369.9},{""ticker"":""600900"",""company"":""CHINA YANGTZE POWER LTD A"",""weight_pct"":7.93,""market_value"":179416749.52},{""ticker"":""FSLR"",""company"":""FIRST SOLAR"",""weight_pct"":6.89,""market_value"":155983338.24},{""ticker"":""NXT"",""company"":""NEXTPOWER INC"",""weight_pct"":6.64,""market_value"":150140852.6},{""ticker"":""EQTL3"",""company"":""EQUATORIAL SA"",""weight_pct"":4.25,""market_value"":96078505.05},{""ticker"":""ENPH"",""company"":""ENPHASE ENERGY"",""weight_pct"":4.19,""market_value"":94823825.85},{""ticker"":""VWS"",""company"":""VESTAS WIND SYSTEMS"",""weight_pct"":4.04,""market_value"":91327747.89},{""ticker"":""EDP"",""company"":""EDP ENERGIAS DE PORTUGAL"",""weight_pct"":2.88,""market_value"":65255106.97},{""ticker"":""PLUG"",""company"":""PLUG POWER"",""weight_pct"":2.51,""market_value"":56776214.25},{""ticker"":""9502"",""company"":""CHUBU ELECTRIC POWER INC"",""weight_pct"":2.48,""market_value"":56073347.37}]"
ARTY,iShares (BlackRock),iShares Future AI & Tech ETF,2026-10-05,50,16,"[{""ticker"":""AMD"",""company"":""ADVANCED MICRO DEVICES"",""weight_pct"":5.61,""market_value"":244026072.5},{""ticker"":""MRVL"",""company"":""MARVELL TECHNOLOGY"",""weight_pct"":5.12,""market_value"":222873918.75},{""ticker"":""NVDA"",""company"":""NVIDIA"",""weight_pct"":4.54,""market_value"":197474978.9},{""ticker"":""MU"",""company"":""MICRON TECHNOLOGY"",""weight_pct"":4.45,""market_value"":193511980.84},{""ticker"":""2330"",""company"":""TAIWAN SEMICONDUCTOR MANUFACTURING"",""weight_pct"":4.44,""market_value"":193134121.57},{""ticker"":""AVGO"",""company"":""BROADCOM INC"",""weight_pct"":4.32,""market_value"":188174590.88},{""ticker"":""CRWV"",""company"":""COREWEAVE CLASS A"",""weight_pct"":4.12,""market_value"":179424428.94},{""ticker"":""3443"",""company"":""GLOBAL UNICHIP"",""weight_pct"":3.97,""market_value"":172766346.02},{""ticker"":""ORCL"",""company"":""ORACLE"",""weight_pct"":3.79,""market_value"":164909771.52},{""ticker"":""SMCI"",""company"":""SUPER MICRO COMPUTER INC"",""weight_pct"":3.57,""market_value"":155522741.43}]"
BAI,iShares (BlackRock),iShares A.I. Innovation and Tech Active ETF,2026-10-05,49,11,"[{""ticker"":""MU"",""company"":""MICRON TECHNOLOGY"",""weight_pct"":6.23,""market_value"":943696345.36},{""ticker"":""AMD"",""company"":""ADVANCED MICRO DEVICES"",""weight_pct"":5.35,""market_value"":810540304},{""ticker"":""NVDA"",""company"":""NVIDIA"",""weight_pct"":5.26,""market_value"":795467480.1},{""ticker"":""TSM"",""company"":""TAIWAN SEMICONDUCTOR MANUFACTURING"",""weight_pct"":4.77,""market_value"":721741886.6},{""ticker"":""LRCX"",""company"":""LAM RESEARCH"",""weight_pct"":4.22,""market_value"":638872070.2},{""ticker"":""AVGO"",""company"":""BROADCOM INC"",""weight_pct"":4.2,""market_value"":635404627.92},{""ticker"":""SPCX"",""company"":""SPACE EXPLORATION TECHNOLOGIES COR"",""weight_pct"":3.35,""market_value"":506468145.96},{""ticker"":""LITE"",""company"":""LUMENTUM HOLDINGS"",""weight_pct"":3.01,""market_value"":455130323.04},{""ticker"":""INTC"",""company"":""INTEL CORPORATION"",""weight_pct"":2.94,""market_value"":445225323.87},{""ticker"":""SNOW"",""company"":""SNOWFLAKE"",""weight_pct"":2.76,""market_value"":418075350.03}]"
AIQ,Global X (Mirae Asset),Global X Artificial Intelligence & Technology ETF,2026-10-06,88,8,"[{""ticker"":""PLTR"",""company"":""PALANTIR TECHNOLOGIES INC-A"",""weight_pct"":4.07,""market_value"":434006749.96},{""ticker"":""SPCX"",""company"":""SPACE EXPLORATION TECHN-CL A"",""weight_pct"":3.81,""market_value"":405334236.72},{""ticker"":""MSFT"",""company"":""MICROSOFT CORP"",""weight_pct"":3.63,""market_value"":386640946.8},{""ticker"":""META"",""company"":""META PLATFORMS INC"",""weight_pct"":3.19,""market_value"":339791701.12},{""ticker"":""ORCL"",""company"":""ORACLE CORP"",""weight_pct"":3.16,""market_value"":336198212.84},{""ticker"":""AMD"",""company"":""ADVANCED MICRO DEVICES"",""weight_pct"":3.15,""market_value"":335483228.38},{""ticker"":""TSLA"",""company"":""TESLA INC"",""weight_pct"":3.12,""market_value"":331988743.92},{""ticker"":""TSM"",""company"":""TAIWAN SEMICONDUCTOR-SP ADR"",""weight_pct"":3.04,""market_value"":323510441.8},{""ticker"":""NVDA"",""company"":""NVIDIA CORP"",""weight_pct"":3,""market_value"":319489469.4},{""ticker"":""INTC"",""company"":""INTEL CORP"",""weight_pct"":2.94,""market_value"":312885675}]"
CLOU,Global X (Mirae Asset),Global X Cloud Computing ETF,2026-10-06,38,3,"[{""ticker"":""SNOW"",""company"":""SNOWFLAKE INC"",""weight_pct"":6.98,""market_value"":27419567.1},{""ticker"":""DDOG"",""company"":""DATADOG INC - CLASS A"",""weight_pct"":5.97,""market_value"":23446171.84},{""ticker"":""TWLO"",""company"":""TWILIO INC - A"",""weight_pct"":5.38,""market_value"":21114031.77},{""ticker"":""PAYC"",""company"":""PAYCOM SOFTWARE INC"",""weight_pct"":4.98,""market_value"":19554477.96},{""ticker"":""NET"",""company"":""CLOUDFLARE INC - CLASS A"",""weight_pct"":4.91,""market_value"":19293728.47},{""ticker"":""ZS"",""company"":""ZSCALER INC"",""weight_pct"":4.61,""market_value"":18097920.75},{""ticker"":""NOW"",""company"":""SERVICENOW INC"",""weight_pct"":4.43,""market_value"":17405605.35},{""ticker"":""WDAY"",""company"":""WORKDAY INC-CLASS A"",""weight_pct"":4.32,""market_value"":16977915.5},{""ticker"":""QLYS"",""company"":""QUALYS INC"",""weight_pct"":4.26,""market_value"":16740138.9},{""ticker"":""DOCN"",""company"":""DIGITALOCEAN HOLDINGS INC"",""weight_pct"":3.85,""market_value"":15133751.16}]"
BKCH,Global X (Mirae Asset),Global X Blockchain ETF,2026-10-06,33,3,"[{""ticker"":""COIN"",""company"":""COINBASE GLOBAL INC -CLASS A"",""weight_pct"":13.74,""market_value"":40064303.74},{""ticker"":""CRCL"",""company"":""CIRCLE INTERNET GROUP INC"",""weight_pct"":11.21,""market_value"":32697713.41},{""ticker"":""BMNR"",""company"":""BITMINE IMMERSION TECHNOLOGI"",""weight_pct"":10.63,""market_value"":30990905.8},{""ticker"":""IREN"",""company"":""IREN LIMITED"",""weight_pct"":10.24,""market_value"":29871487.68},{""ticker"":""HUT CN"",""company"":""HUT 8 CORP"",""weight_pct"":5.03,""market_value"":14667081.29},{""ticker"":""GLXY"",""company"":""GALAXY DIGITAL INC-A"",""weight_pct"":4.41,""market_value"":12863590.35},{""ticker"":""MARA"",""company"":""MARA HOLDINGS INC"",""weight_pct"":4.05,""market_value"":11824200.99},{""ticker"":""RIOT"",""company"":""RIOT PLATFORMS INC"",""weight_pct"":3.93,""market_value"":11451400.62},{""ticker"":""APLD"",""company"":""APPLIED DIGITAL CORP"",""weight_pct"":3.87,""market_value"":11288108.44},{""ticker"":""CLSK"",""company"":""CLEANSPARK INC"",""weight_pct"":3.74,""market_value"":10897862.54}]"
LIT,Global X (Mirae Asset),Global X Lithium & Battery Tech ETF,2026-10-06,42,5,"[{""ticker"":""RIO"",""company"":""RIO TINTO PLC-SPON ADR"",""weight_pct"":22.29,""market_value"":331831276.49},{""ticker"":""6752 JP"",""company"":""PANASONIC HOLDINGS CORPORATION"",""weight_pct"":7.44,""market_value"":110680292.76},{""ticker"":""6762 JP"",""company"":""TDK CORP"",""weight_pct"":6.67,""market_value"":99316149.98},{""ticker"":""002371 C2"",""company"":""NAURA TECHNOLOGY GROUP CO-A"",""weight_pct"":6.14,""market_value"":91376236},{""ticker"":""006400 KS"",""company"":""SAMSUNG SDI CO LTD"",""weight_pct"":6.11,""market_value"":90979907.72},{""ticker"":""TSLA"",""company"":""TESLA INC"",""weight_pct"":4.54,""market_value"":67549762.6},{""ticker"":""373220 KS"",""company"":""LG ENERGY SOLUTION"",""weight_pct"":4.41,""market_value"":65701272.51},{""ticker"":""ALB"",""company"":""ALBEMARLE CORP"",""weight_pct"":4.03,""market_value"":60001925.55},{""ticker"":""300014 C2"",""company"":""EVE ENERGY CO LTD-A"",""weight_pct"":3.21,""market_value"":47804772.18},{""ticker"":""1211 HK"",""company"":""BYD CO LTD-H"",""weight_pct"":3.06,""market_value"":45592249.37}]"
BOTZ,Global X (Mirae Asset),Global X Robotics & Artificial Intelligence ETF,2026-10-06,81,5,"[{""ticker"":""6954 JP"",""company"":""FANUC CORP"",""weight_pct"":8.32,""market_value"":285558559.12},{""ticker"":""ISRG"",""company"":""INTUITIVE SURGICAL INC"",""weight_pct"":8.3,""market_value"":284911778.28},{""ticker"":""NVDA"",""company"":""NVIDIA CORP"",""weight_pct"":8.13,""market_value"":279133987.72},{""ticker"":""6861 JP"",""company"":""KEYENCE CORP"",""weight_pct"":8.02,""market_value"":275425064.53},{""ticker"":""ABBN SW"",""company"":""ABB LTD-REG"",""weight_pct"":7.95,""market_value"":272991009.66},{""ticker"":""6273 JP"",""company"":""SMC CORP"",""weight_pct"":4.94,""market_value"":169728044.54},{""ticker"":""6383 JP"",""company"":""DAIFUKU CO LTD"",""weight_pct"":3.46,""market_value"":118876922.67},{""ticker"":""CGNX"",""company"":""COGNEX CORP"",""weight_pct"":2.74,""market_value"":94129617.05},{""ticker"":""300124 C2"",""company"":""SHENZHEN INOVANCE TECHNOLO-A"",""weight_pct"":2.43,""market_value"":83358462.49},{""ticker"":""AUR"",""company"":""AURORA INNOVATION INC"",""weight_pct"":2.41,""market_value"":82830314}]"
BUG,Global X (Mirae Asset),Global X Cybersecurity ETF,2026-10-06,31,4,"[{""ticker"":""OKTA"",""company"":""OKTA INC"",""weight_pct"":9.85,""market_value"":219999076.26},{""ticker"":""CRWD"",""company"":""CROWDSTRIKE HOLDINGS INC - A"",""weight_pct"":8.3,""market_value"":185310556.94},{""ticker"":""PANW"",""company"":""PALO ALTO NETWORKS INC"",""weight_pct"":7.76,""market_value"":173366142.15},{""ticker"":""FTNT"",""company"":""FORTINET INC"",""weight_pct"":7.53,""market_value"":168066653.76},{""ticker"":""RBRK"",""company"":""RUBRIK INC-A"",""weight_pct"":5.88,""market_value"":131397722.6},{""ticker"":""QLYS"",""company"":""QUALYS INC"",""weight_pct"":5.73,""market_value"":127853035.77},{""ticker"":""ZS"",""company"":""ZSCALER INC"",""weight_pct"":5.39,""market_value"":120315398.25},{""ticker"":""NTSK"",""company"":""NETSKOPE INC-CL A"",""weight_pct"":4.9,""market_value"":109484397.68},{""ticker"":""TENB"",""company"":""TENABLE HOLDINGS INC"",""weight_pct"":4.7,""market_value"":104959495.94},{""ticker"":""VRNS"",""company"":""VARONIS SYSTEMS INC"",""weight_pct"":4.64,""market_value"":103605573.24}]"
